transaction_count,transaction_date,transaction_dow,transaction_year,transaction_month,transaction_quarter,transaction_week,transaction_doy,transaction_daynum,transaction_age,doy_avg,dow_avg,week_avg,month_avg,qt_avg
3182918,2013-04-01,1,2013,4,2,14,91,0,00:00:00,9213917.500000000000,17280507.095890410959,8750542.181818181818,8684675.636363636364,9687568.742424242424
2648561,2013-04-02,2,2013,4,2,14,92,1,1 day,8099501.500000000000,16805801.611111111111,8750542.181818181818,8684675.636363636364,9687568.742424242424
3222455,2013-04-03,3,2013,4,2,14,93,2,2 days,8859039.000000000000,16523304.380281690141,8750542.181818181818,8684675.636363636364,9687568.742424242424
3322814,2013-04-04,4,2013,4,2,14,94,3,3 days,8983213.000000000000,17245438.069444444444,8750542.181818181818,8684675.636363636364,9687568.742424242424
4522863,2013-04-06,6,2013,4,2,14,96,5,5 days,11553612.500000000000,16582741.000000000000,8750542.181818181818,8684675.636363636364,9687568.742424242424
2837397,2013-04-07,7,2013,4,2,14,97,6,6 days,8302396.500000000000,17050789.786666666667,8750542.181818181818,8684675.636363636364,9687568.742424242424
2700720,2013-04-08,1,2013,4,2,15,98,7,7 days,8203054.500000000000,17280507.095890410959,9289178.818181818182,8684675.636363636364,9687568.742424242424
3846531,2013-04-09,2,2013,4,2,15,99,8,8 days,10399117.000000000000,16805801.611111111111,9289178.818181818182,8684675.636363636364,9687568.742424242424
2812869,2013-04-10,3,2013,4,2,15,100,9,9 days,8237595.000000000000,16523304.380281690141,9289178.818181818182,8684675.636363636364,9687568.742424242424
3040536,2013-04-12,5,2013,4,2,15,102,11,11 days,9106908.500000000000,17438844.183098591549,9289178.818181818182,8684675.636363636364,9687568.742424242424
2784836,2013-04-13,6,2013,4,2,15,103,12,12 days,8260110.500000000000,16582741.000000000000,9289178.818181818182,8684675.636363636364,9687568.742424242424
2562383,2013-04-15,1,2013,4,2,16,105,14,14 days,7751702.000000000000,17280507.095890410959,8244812.727272727273,8684675.636363636364,9687568.742424242424
3505180,2013-04-16,2,2013,4,2,16,106,15,15 days,9692268.000000000000,16805801.611111111111,8244812.727272727273,8684675.636363636364,9687568.742424242424
2641107,2013-04-18,4,2013,4,2,16,108,17,17 days,8038681.000000000000,17245438.069444444444,8244812.727272727273,8684675.636363636364,9687568.742424242424
3711264,2013-04-19,5,2013,4,2,16,109,18,18 days,9989697.500000000000,17438844.183098591549,8244812.727272727273,8684675.636363636364,9687568.742424242424
2583098,2013-04-20,6,2013,4,2,16,110,19,19 days,8144548.500000000000,16582741.000000000000,8244812.727272727273,8684675.636363636364,9687568.742424242424
3459146,2013-04-21,7,2013,4,2,16,111,20,20 days,9753005.500000000000,17050789.786666666667,8244812.727272727273,8684675.636363636364,9687568.742424242424
2605354,2013-04-22,1,2013,4,2,17,112,21,21 days,7832571.500000000000,17280507.095890410959,8187678.600000000000,8684675.636363636364,9687568.742424242424
2680164,2013-04-23,2,2013,4,2,17,113,22,22 days,7904143.000000000000,16805801.611111111111,8187678.600000000000,8684675.636363636364,9687568.742424242424
2694124,2013-04-25,4,2013,4,2,17,115,24,24 days,7940039.000000000000,17245438.069444444444,8187678.600000000000,8684675.636363636364,9687568.742424242424
2720571,2013-04-26,5,2013,4,2,17,116,25,25 days,8193088.000000000000,17438844.183098591549,8187678.600000000000,8684675.636363636364,9687568.742424242424
2090238,2013-04-28,7,2013,4,2,17,118,27,27 days,6604654.500000000000,17050789.786666666667,8187678.600000000000,8684675.636363636364,9687568.742424242424
3501876,2013-05-01,3,2013,5,2,18,121,30,1 mon,9815446.000000000000,16523304.380281690141,9687349.222222222222,9571418.363636363636,9687568.742424242424
3027140,2013-05-02,4,2013,5,2,18,122,31,1 mon 1 day,8864789.000000000000,17245438.069444444444,9687349.222222222222,9571418.363636363636,9687568.742424242424
3511585,2013-05-03,5,2013,5,2,18,123,32,1 mon 2 days,9531810.500000000000,17438844.183098591549,9687349.222222222222,9571418.363636363636,9687568.742424242424
3809256,2013-05-04,6,2013,5,2,18,124,33,1 mon 3 days,9821490.500000000000,16582741.000000000000,9687349.222222222222,9571418.363636363636,9687568.742424242424
5184687,2013-05-06,1,2013,5,2,19,126,35,1 mon 5 days,12781429.000000000000,17280507.095890410959,9663925.272727272727,9571418.363636363636,9687568.742424242424
3238996,2013-05-07,2,2013,5,2,19,127,36,1 mon 6 days,9106870.500000000000,16805801.611111111111,9663925.272727272727,9571418.363636363636,9687568.742424242424
3120762,2013-05-08,3,2013,5,2,19,128,37,1 mon 7 days,8989066.500000000000,16523304.380281690141,9663925.272727272727,9571418.363636363636,9687568.742424242424
4468610,2013-05-09,4,2013,5,2,19,129,38,1 mon 8 days,11394116.000000000000,17245438.069444444444,9663925.272727272727,9571418.363636363636,9687568.742424242424
3292718,2013-05-10,5,2013,5,2,19,130,39,1 mon 9 days,9116550.000000000000,17438844.183098591549,9663925.272727272727,9571418.363636363636,9687568.742424242424
3527114,2013-05-12,7,2013,5,2,19,132,41,1 mon 11 days,9978319.500000000000,17050789.786666666667,9663925.272727272727,9571418.363636363636,9687568.742424242424
3292842,2013-05-13,1,2013,5,2,20,133,42,1 mon 12 days,9097578.500000000000,17280507.095890410959,9514889.800000000000,9571418.363636363636,9687568.742424242424
3060329,2013-05-15,3,2013,5,2,20,135,44,1 mon 14 days,8368151.500000000000,16523304.380281690141,9514889.800000000000,9571418.363636363636,9687568.742424242424
4121733,2013-05-16,4,2013,5,2,20,136,45,1 mon 15 days,10840735.500000000000,17245438.069444444444,9514889.800000000000,9571418.363636363636,9687568.742424242424
3153713,2013-05-18,6,2013,5,2,20,138,47,1 mon 17 days,8887167.000000000000,16582741.000000000000,9514889.800000000000,9571418.363636363636,9687568.742424242424
4332108,2013-05-19,7,2013,5,2,20,139,48,1 mon 18 days,11120541.500000000000,17050789.786666666667,9514889.800000000000,9571418.363636363636,9687568.742424242424
3089655,2013-05-20,1,2013,5,2,21,140,49,1 mon 19 days,8971327.500000000000,17280507.095890410959,9460888.333333333333,9571418.363636363636,9687568.742424242424
4175719,2013-05-21,2,2013,5,2,21,141,50,1 mon 20 days,10805712.000000000000,16805801.611111111111,9460888.333333333333,9571418.363636363636,9687568.742424242424
3050674,2013-05-22,3,2013,5,2,21,142,51,1 mon 21 days,8659719.500000000000,16523304.380281690141,9460888.333333333333,9571418.363636363636,9687568.742424242424
3165936,2013-05-23,4,2013,5,2,21,143,52,1 mon 22 days,8847895.000000000000,17245438.069444444444,9460888.333333333333,9571418.363636363636,9687568.742424242424
3223163,2013-05-25,6,2013,5,2,21,145,54,1 mon 24 days,8896080.000000000000,16582741.000000000000,9460888.333333333333,9571418.363636363636,9687568.742424242424
3260217,2013-05-26,7,2013,5,2,21,146,55,1 mon 25 days,9162613.500000000000,17050789.786666666667,9460888.333333333333,9571418.363636363636,9687568.742424242424
2522676,2013-05-28,2,2013,5,2,22,148,57,1 mon 27 days,7513795.000000000000,16805801.611111111111,9280393.000000000000,9571418.363636363636,9687568.742424242424
4156566,2013-06-01,6,2013,6,2,22,152,61,2 mons,11022258.500000000000,16582741.000000000000,9280393.000000000000,10806612.227272727273,9687568.742424242424
3545241,2013-06-02,7,2013,6,2,22,153,62,2 mons 1 day,9985077.000000000000,17050789.786666666667,9280393.000000000000,10806612.227272727273,9687568.742424242424
4155766,2013-06-03,1,2013,6,2,23,154,63,2 mons 2 days,10604783.500000000000,17280507.095890410959,11046695.750000000000,10806612.227272727273,9687568.742424242424
4423086,2013-06-04,2,2013,6,2,23,155,64,2 mons 3 days,10708620.000000000000,16805801.611111111111,11046695.750000000000,10806612.227272727273,9687568.742424242424
5874059,2013-06-06,4,2013,6,2,23,157,66,2 mons 5 days,13896215.500000000000,17245438.069444444444,11046695.750000000000,10806612.227272727273,9687568.742424242424
3741449,2013-06-07,5,2013,6,2,23,158,67,2 mons 6 days,10166849.500000000000,17438844.183098591549,11046695.750000000000,10806612.227272727273,9687568.742424242424
3679842,2013-06-08,6,2013,6,2,23,159,68,2 mons 7 days,10102994.500000000000,16582741.000000000000,11046695.750000000000,10806612.227272727273,9687568.742424242424
5176510,2013-06-09,7,2013,6,2,23,160,69,2 mons 8 days,12488037.000000000000,17050789.786666666667,11046695.750000000000,10806612.227272727273,9687568.742424242424
3802286,2013-06-10,1,2013,6,2,24,161,70,2 mons 9 days,10220307.000000000000,17280507.095890410959,10752088.200000000000,10806612.227272727273,9687568.742424242424
4124598,2013-06-12,3,2013,6,2,24,163,72,2 mons 11 days,11198678.500000000000,16523304.380281690141,10752088.200000000000,10806612.227272727273,9687568.742424242424
3870016,2013-06-13,4,2013,6,2,24,164,73,2 mons 12 days,10378435.000000000000,17245438.069444444444,10752088.200000000000,10806612.227272727273,9687568.742424242424
3700967,2013-06-15,6,2013,6,2,24,166,75,2 mons 14 days,9552460.000000000000,16582741.000000000000,10752088.200000000000,10806612.227272727273,9687568.742424242424
5021557,2013-06-16,7,2013,6,2,24,167,76,2 mons 15 days,12153498.000000000000,17050789.786666666667,10752088.200000000000,10806612.227272727273,9687568.742424242424
3819561,2013-06-18,2,2013,6,2,25,169,78,2 mons 17 days,10089851.500000000000,16805801.611111111111,11086389.333333333333,10806612.227272727273,9687568.742424242424
5147088,2013-06-19,3,2013,6,2,25,170,79,2 mons 18 days,12242630.500000000000,16523304.380281690141,11086389.333333333333,10806612.227272727273,9687568.742424242424
3775573,2013-06-20,4,2013,6,2,25,171,80,2 mons 19 days,10160704.000000000000,17245438.069444444444,11086389.333333333333,10806612.227272727273,9687568.742424242424
5051919,2013-06-21,5,2013,6,2,25,172,81,2 mons 20 days,12426911.000000000000,17438844.183098591549,11086389.333333333333,10806612.227272727273,9687568.742424242424
3859910,2013-06-22,6,2013,6,2,25,173,82,2 mons 21 days,10018399.000000000000,16582741.000000000000,11086389.333333333333,10806612.227272727273,9687568.742424242424
3874241,2013-06-23,7,2013,6,2,25,174,83,2 mons 22 days,10366727.500000000000,17050789.786666666667,11086389.333333333333,10806612.227272727273,9687568.742424242424
4015213,2013-06-25,2,2013,6,2,26,176,85,2 mons 24 days,10502836.000000000000,16805801.611111111111,10969039.571428571429,10806612.227272727273,9687568.742424242424
4026523,2013-06-26,3,2013,6,2,26,177,86,2 mons 25 days,10744471.000000000000,16523304.380281690141,10969039.571428571429,10806612.227272727273,9687568.742424242424
3204607,2013-06-28,5,2013,6,2,26,179,88,2 mons 27 days,8714724.500000000000,17438844.183098591549,10969039.571428571429,10806612.227272727273,9687568.742424242424
4892941,2013-07-01,1,2013,7,3,27,182,91,3 mons,12694715.500000000000,17280507.095890410959,12204931.272727272727,12401182.477272727273,14089389.022727272727
4425147,2013-07-02,2,2013,7,3,27,183,92,3 mons 1 day,11481278.500000000000,16805801.611111111111,12204931.272727272727,12401182.477272727273,14089389.022727272727
4881896,2013-07-03,3,2013,7,3,27,184,93,3 mons 2 days,12238621.500000000000,16523304.380281690141,12204931.272727272727,12401182.477272727273,14089389.022727272727
5095658,2013-07-04,4,2013,7,3,27,185,94,3 mons 3 days,12442838.500000000000,17245438.069444444444,12204931.272727272727,12401182.477272727273,14089389.022727272727
6689347,2013-07-06,6,2013,7,3,27,187,96,3 mons 5 days,16055496.500000000000,16582741.000000000000,12204931.272727272727,12401182.477272727273,14089389.022727272727
4428343,2013-07-07,7,2013,7,3,27,188,97,3 mons 6 days,11591554.000000000000,17050789.786666666667,12204931.272727272727,12401182.477272727273,14089389.022727272727
4356106,2013-07-08,1,2013,7,3,28,189,98,3 mons 7 days,11689895.500000000000,17280507.095890410959,13071085.818181818182,12401182.477272727273,14089389.022727272727
5892625,2013-07-09,2,2013,7,3,28,190,99,3 mons 8 days,14424636.000000000000,16805801.611111111111,13071085.818181818182,12401182.477272727273,14089389.022727272727
4369876,2013-07-10,3,2013,7,3,28,191,100,3 mons 9 days,11675744.000000000000,16523304.380281690141,13071085.818181818182,12401182.477272727273,14089389.022727272727
4750920,2013-07-12,5,2013,7,3,28,193,102,3 mons 11 days,12791591.500000000000,17438844.183098591549,13071085.818181818182,12401182.477272727273,14089389.022727272727
4368727,2013-07-13,6,2013,7,3,28,194,103,3 mons 12 days,11931722.500000000000,16582741.000000000000,13071085.818181818182,12401182.477272727273,14089389.022727272727
4224223,2013-07-15,1,2013,7,3,29,196,105,3 mons 14 days,10906222.500000000000,17280507.095890410959,11877645.454545454545,12401182.477272727273,14089389.022727272727
5505067,2013-07-16,2,2013,7,3,29,197,106,3 mons 15 days,13942303.500000000000,16805801.611111111111,11877645.454545454545,12401182.477272727273,14089389.022727272727
4439837,2013-07-18,4,2013,7,3,29,199,108,3 mons 17 days,11659771.500000000000,17245438.069444444444,11877645.454545454545,12401182.477272727273,14089389.022727272727
5872612,2013-07-19,5,2013,7,3,29,200,109,3 mons 18 days,14130731.000000000000,17438844.183098591549,11877645.454545454545,12401182.477272727273,14089389.022727272727
4245467,2013-07-20,6,2013,7,3,29,201,110,3 mons 19 days,11841816.000000000000,16582741.000000000000,11877645.454545454545,12401182.477272727273,14089389.022727272727
5692411,2013-07-21,7,2013,7,3,29,202,111,3 mons 20 days,14074451.000000000000,17050789.786666666667,11877645.454545454545,12401182.477272727273,14089389.022727272727
4315421,2013-07-22,1,2013,7,3,30,203,112,3 mons 21 days,11348151.000000000000,17280507.095890410959,12076152.500000000000,12401182.477272727273,14089389.022727272727
4346254,2013-07-23,2,2013,7,3,30,204,113,3 mons 22 days,11906819.500000000000,16805801.611111111111,12076152.500000000000,12401182.477272727273,14089389.022727272727
4409658,2013-07-25,4,2013,7,3,30,206,115,3 mons 24 days,11890816.500000000000,17245438.069444444444,12076152.500000000000,12401182.477272727273,14089389.022727272727
4450884,2013-07-26,5,2013,7,3,30,207,116,3 mons 25 days,12247293.500000000000,17438844.183098591549,12076152.500000000000,12401182.477272727273,14089389.022727272727
3518873,2013-07-28,7,2013,7,3,30,209,118,3 mons 27 days,9859544.500000000000,17050789.786666666667,12076152.500000000000,12401182.477272727273,14089389.022727272727
5520773,2013-08-01,4,2013,8,3,31,213,122,4 mons,14285698.000000000000,17245438.069444444444,12992030.125000000000,13989502.750000000000,14089389.022727272727
4833542,2013-08-02,5,2013,8,3,31,214,123,4 mons 1 day,12970782.500000000000,17438844.183098591549,12992030.125000000000,13989502.750000000000,14089389.022727272727
5361725,2013-08-03,6,2013,8,3,31,215,124,4 mons 2 days,13812419.000000000000,16582741.000000000000,12992030.125000000000,13989502.750000000000,14089389.022727272727
5598226,2013-08-04,7,2013,8,3,31,216,125,4 mons 3 days,13936325.000000000000,17050789.786666666667,12992030.125000000000,13989502.750000000000,14089389.022727272727
7183374,2013-08-06,2,2013,8,3,32,218,127,4 mons 5 days,17671223.500000000000,16805801.611111111111,15353783.454545454545,13989502.750000000000,14089389.022727272727
4851346,2013-08-07,3,2013,8,3,32,219,128,4 mons 6 days,13047064.500000000000,16523304.380281690141,15353783.454545454545,13989502.750000000000,14089389.022727272727
4783575,2013-08-08,4,2013,8,3,32,220,129,4 mons 7 days,13190003.000000000000,17245438.069444444444,15353783.454545454545,13989502.750000000000,14089389.022727272727
6603746,2013-08-09,5,2013,8,3,32,221,130,4 mons 8 days,16317838.000000000000,17438844.183098591549,15353783.454545454545,13989502.750000000000,14089389.022727272727
4876848,2013-08-10,6,2013,8,3,32,222,131,4 mons 9 days,13082468.000000000000,16582741.000000000000,15353783.454545454545,13989502.750000000000,14089389.022727272727
5177026,2013-08-12,1,2013,8,3,33,224,133,4 mons 11 days,14294199.000000000000,17280507.095890410959,13028396.888888888889,13989502.750000000000,14089389.022727272727
4764379,2013-08-13,2,2013,8,3,33,225,134,4 mons 12 days,13490973.000000000000,16805801.611111111111,13028396.888888888889,13989502.750000000000,14089389.022727272727
4531662,2013-08-15,4,2013,8,3,33,227,136,4 mons 14 days,12441776.500000000000,17245438.069444444444,13028396.888888888889,13989502.750000000000,14089389.022727272727
5929088,2013-08-16,5,2013,8,3,33,228,137,4 mons 15 days,16014585.500000000000,17438844.183098591549,13028396.888888888889,13989502.750000000000,14089389.022727272727
4772504,2013-08-18,7,2013,8,3,33,230,139,4 mons 17 days,13219467.000000000000,17050789.786666666667,13028396.888888888889,13989502.750000000000,14089389.022727272727
6239666,2013-08-19,1,2013,8,3,34,231,140,4 mons 18 days,16045099.500000000000,17280507.095890410959,14131901.250000000000,13989502.750000000000,14089389.022727272727
4590079,2013-08-20,2,2013,8,3,34,232,141,4 mons 19 days,13225120.000000000000,16805801.611111111111,14131901.250000000000,13989502.750000000000,14089389.022727272727
6082226,2013-08-21,3,2013,8,3,34,233,142,4 mons 20 days,15854206.000000000000,16523304.380281690141,14131901.250000000000,13989502.750000000000,14089389.022727272727
4768082,2013-08-22,4,2013,8,3,34,234,143,4 mons 21 days,12986052.000000000000,17245438.069444444444,14131901.250000000000,13989502.750000000000,14089389.022727272727
4827795,2013-08-23,5,2013,8,3,34,235,144,4 mons 22 days,13401673.000000000000,17438844.183098591549,14131901.250000000000,13989502.750000000000,14089389.022727272727
4892084,2013-08-25,7,2013,8,3,34,237,146,4 mons 24 days,13595726.000000000000,17050789.786666666667,14131901.250000000000,13989502.750000000000,14089389.022727272727
5014437,2013-08-26,1,2013,8,3,35,238,147,4 mons 25 days,13758011.500000000000,17280507.095890410959,13041727.000000000000,13989502.750000000000,14089389.022727272727
3881807,2013-08-28,3,2013,8,3,35,240,149,4 mons 27 days,11128350.000000000000,16523304.380281690141,13041727.000000000000,13989502.750000000000,14089389.022727272727
6178271,2013-09-01,7,2013,9,3,35,244,153,5 mons,16214049.500000000000,17050789.786666666667,13041727.000000000000,15877481.840909090909,14089389.022727272727
5534857,2013-09-02,1,2013,9,3,36,245,154,5 mons 1 day,14770367.500000000000,17280507.095890410959,16024138.416666666667,15877481.840909090909,14089389.022727272727
6057642,2013-09-03,2,2013,9,3,36,246,155,5 mons 2 days,15444103.500000000000,16805801.611111111111,16024138.416666666667,15877481.840909090909,14089389.022727272727
6239275,2013-09-04,3,2013,9,3,36,247,156,5 mons 3 days,15678359.500000000000,16523304.380281690141,16024138.416666666667,15877481.840909090909,14089389.022727272727
7996563,2013-09-06,5,2013,9,3,36,249,158,5 mons 5 days,19716551.000000000000,17438844.183098591549,16024138.416666666667,15877481.840909090909,14089389.022727272727
5478631,2013-09-07,6,2013,9,3,36,250,159,5 mons 6 days,14691527.500000000000,16582741.000000000000,16024138.416666666667,15877481.840909090909,14089389.022727272727
5438015,2013-09-08,7,2013,9,3,36,251,160,5 mons 7 days,14949298.500000000000,17050789.786666666667,16024138.416666666667,15877481.840909090909,14089389.022727272727
7405382,2013-09-09,1,2013,9,3,37,252,161,5 mons 8 days,18485108.000000000000,17280507.095890410959,15949305.500000000000,15877481.840909090909,14089389.022727272727
5506586,2013-09-10,2,2013,9,3,37,253,162,5 mons 9 days,14846319.000000000000,16805801.611111111111,15949305.500000000000,15877481.840909090909,14089389.022727272727
5902552,2013-09-12,4,2013,9,3,37,255,164,5 mons 11 days,16114332.000000000000,17245438.069444444444,15949305.500000000000,15877481.840909090909,14089389.022727272727
5558640,2013-09-13,5,2013,9,3,37,256,165,5 mons 12 days,15455464.000000000000,17438844.183098591549,15949305.500000000000,15877481.840909090909,14089389.022727272727
5230027,2013-09-15,7,2013,9,3,37,258,167,5 mons 14 days,14223043.000000000000,17050789.786666666667,15949305.500000000000,15877481.840909090909,14089389.022727272727
6958960,2013-09-16,1,2013,9,3,38,259,168,5 mons 15 days,18020376.000000000000,17280507.095890410959,16507823.750000000000,15877481.840909090909,14089389.022727272727
5523961,2013-09-18,3,2013,9,3,38,261,170,5 mons 17 days,15011560.000000000000,16523304.380281690141,16507823.750000000000,15877481.840909090909,14089389.022727272727
7305357,2013-09-19,4,2013,9,3,38,262,171,5 mons 18 days,18105792.000000000000,17245438.069444444444,16507823.750000000000,15877481.840909090909,14089389.022727272727
5525132,2013-09-20,5,2013,9,3,38,263,172,5 mons 19 days,15299529.000000000000,17438844.183098591549,16507823.750000000000,15877481.840909090909,14089389.022727272727
7025407,2013-09-21,6,2013,9,3,38,264,173,5 mons 20 days,18243251.000000000000,16582741.000000000000,16507823.750000000000,15877481.840909090909,14089389.022727272727
5516810,2013-09-22,7,2013,9,3,38,265,174,5 mons 21 days,14943735.000000000000,17050789.786666666667,16507823.750000000000,15877481.840909090909,14089389.022727272727
5500230,2013-09-23,1,2013,9,3,39,266,175,5 mons 22 days,15186718.500000000000,17280507.095890410959,15839369.888888888889,15877481.840909090909,14089389.022727272727
5696756,2013-09-25,3,2013,9,3,39,268,177,5 mons 24 days,15453880.000000000000,16523304.380281690141,15839369.888888888889,15877481.840909090909,14089389.022727272727
5703138,2013-09-26,4,2013,9,3,39,269,178,5 mons 25 days,15609270.000000000000,17245438.069444444444,15839369.888888888889,15877481.840909090909,14089389.022727272727
4602347,2013-09-28,6,2013,9,3,39,271,180,5 mons 27 days,12841966.000000000000,16582741.000000000000,15839369.888888888889,15877481.840909090909,14089389.022727272727
7168627,2013-10-01,2,2013,10,4,40,274,183,6 mons,18717107.500000000000,16805801.611111111111,16806504.888888888889,17978749.159090909091,20583008.810606060606
6306762,2013-10-02,3,2013,10,4,40,275,184,6 mons 1 day,16666450.500000000000,16523304.380281690141,16806504.888888888889,17978749.159090909091,20583008.810606060606
6920050,2013-10-03,4,2013,10,4,40,276,185,6 mons 2 days,17617615.500000000000,17245438.069444444444,16806504.888888888889,17978749.159090909091,20583008.810606060606
7213429,2013-10-04,5,2013,10,4,40,277,186,6 mons 3 days,17947348.000000000000,17438844.183098591549,16806504.888888888889,17978749.159090909091,20583008.810606060606
9361501,2013-10-06,7,2013,10,4,40,279,188,6 mons 5 days,22574277.500000000000,17050789.786666666667,16806504.888888888889,17978749.159090909091,20583008.810606060606
6350093,2013-10-07,1,2013,10,4,41,280,189,6 mons 6 days,17022868.500000000000,17280507.095890410959,18477310.916666666667,17978749.159090909091,20583008.810606060606
6411342,2013-10-08,2,2013,10,4,41,281,190,6 mons 7 days,16887157.000000000000,16805801.611111111111,18477310.916666666667,17978749.159090909091,20583008.810606060606
8312304,2013-10-09,3,2013,10,4,41,282,191,6 mons 8 days,20838490.500000000000,16523304.380281690141,18477310.916666666667,17978749.159090909091,20583008.810606060606
6262771,2013-10-10,4,2013,10,4,41,283,192,6 mons 9 days,16719366.500000000000,17245438.069444444444,18477310.916666666667,17978749.159090909091,20583008.810606060606
6699126,2013-10-12,6,2013,10,4,41,285,194,6 mons 11 days,18353340.000000000000,16582741.000000000000,18477310.916666666667,17978749.159090909091,20583008.810606060606
6298232,2013-10-13,7,2013,10,4,41,286,195,6 mons 12 days,17424979.000000000000,17050789.786666666667,18477310.916666666667,17978749.159090909091,20583008.810606060606
5808780,2013-10-15,2,2013,10,4,42,288,197,6 mons 14 days,15966969.500000000000,16805801.611111111111,18212756.100000000000,17978749.159090909091,20583008.810606060606
7449834,2013-10-16,3,2013,10,4,42,289,198,6 mons 15 days,20209983.000000000000,16523304.380281690141,18212756.100000000000,17978749.159090909091,20583008.810606060606
6269739,2013-10-18,5,2013,10,4,42,291,200,6 mons 17 days,17145052.500000000000,17438844.183098591549,18212756.100000000000,17978749.159090909091,20583008.810606060606
7878547,2013-10-19,6,2013,10,4,42,292,201,6 mons 18 days,20439230.000000000000,16582741.000000000000,18212756.100000000000,17978749.159090909091,20583008.810606060606
6053365,2013-10-20,7,2013,10,4,42,293,202,6 mons 19 days,17583943.000000000000,17050789.786666666667,18212756.100000000000,17978749.159090909091,20583008.810606060606
7668574,2013-10-21,1,2013,10,4,43,294,203,6 mons 20 days,20209763.500000000000,17280507.095890410959,18768339.454545454545,17978749.159090909091,20583008.810606060606
6125574,2013-10-22,2,2013,10,4,43,295,204,6 mons 21 days,16822206.500000000000,16805801.611111111111,18768339.454545454545,17978749.159090909091,20583008.810606060606
6179480,2013-10-23,3,2013,10,4,43,296,205,6 mons 22 days,16953114.000000000000,16523304.380281690141,18768339.454545454545,17978749.159090909091,20583008.810606060606
6281341,2013-10-25,5,2013,10,4,43,298,207,6 mons 24 days,17095424.000000000000,17438844.183098591549,18768339.454545454545,17978749.159090909091,20583008.810606060606
6403243,2013-10-26,6,2013,10,4,43,299,208,6 mons 25 days,17588098.500000000000,16582741.000000000000,18768339.454545454545,17978749.159090909091,20583008.810606060606
5225509,2013-10-28,1,2013,10,4,44,301,210,6 mons 27 days,14749696.500000000000,17280507.095890410959,16657847.571428571429,17978749.159090909091,20583008.810606060606
7876321,2013-11-01,5,2013,11,4,44,305,214,7 mons,20824721.500000000000,17438844.183098591549,16657847.571428571429,20252642.750000000000,20583008.810606060606
6971046,2013-11-02,6,2013,11,4,44,306,215,7 mons 1 day,18881975.000000000000,16582741.000000000000,16657847.571428571429,20252642.750000000000,20583008.810606060606
7692147,2013-11-03,7,2013,11,4,44,307,216,7 mons 2 days,19732662.500000000000,17050789.786666666667,16657847.571428571429,20252642.750000000000,20583008.810606060606
8063541,2013-11-04,1,2013,11,4,45,308,217,7 mons 3 days,20251958.000000000000,17280507.095890410959,21093334.916666666667,20252642.750000000000,20583008.810606060606
10148110,2013-11-06,3,2013,11,4,45,310,219,7 mons 5 days,25295614.500000000000,16523304.380281690141,21093334.916666666667,20252642.750000000000,20583008.810606060606
7087192,2013-11-07,4,2013,11,4,45,311,220,7 mons 6 days,19136565.500000000000,17245438.069444444444,21093334.916666666667,20252642.750000000000,20583008.810606060606
7126419,2013-11-08,5,2013,11,4,45,312,221,7 mons 7 days,19068900.000000000000,17438844.183098591549,21093334.916666666667,20252642.750000000000,20583008.810606060606
9115196,2013-11-09,6,2013,11,4,45,313,222,7 mons 8 days,23400032.500000000000,16582741.000000000000,21093334.916666666667,20252642.750000000000,20583008.810606060606
7040700,2013-11-10,7,2013,11,4,45,314,223,7 mons 9 days,18912005.500000000000,17050789.786666666667,21093334.916666666667,20252642.750000000000,20583008.810606060606
7598109,2013-11-12,2,2013,11,4,46,316,225,7 mons 11 days,20445981.500000000000,16805801.611111111111,21286413.222222222222,20252642.750000000000,20583008.810606060606
7037759,2013-11-13,3,2013,11,4,46,317,226,7 mons 12 days,19578950.500000000000,16523304.380281690141,21286413.222222222222,20252642.750000000000,20583008.810606060606
6543625,2013-11-15,5,2013,11,4,46,319,228,7 mons 14 days,17936742.000000000000,17438844.183098591549,21286413.222222222222,20252642.750000000000,20583008.810606060606
8155529,2013-11-16,6,2013,11,4,46,320,229,7 mons 15 days,22435530.000000000000,16582741.000000000000,21286413.222222222222,20252642.750000000000,20583008.810606060606
6851331,2013-11-18,1,2013,11,4,47,322,231,7 mons 17 days,19041838.500000000000,17280507.095890410959,20463109.916666666667,20252642.750000000000,20583008.810606060606
8681168,2013-11-19,2,2013,11,4,47,323,232,7 mons 18 days,22628785.000000000000,16805801.611111111111,20463109.916666666667,20252642.750000000000,20583008.810606060606
6643269,2013-11-20,3,2013,11,4,47,324,233,7 mons 19 days,19604388.500000000000,16523304.380281690141,20463109.916666666667,20252642.750000000000,20583008.810606060606
8263032,2013-11-21,4,2013,11,4,47,325,234,7 mons 20 days,22792314.500000000000,17245438.069444444444,20463109.916666666667,20252642.750000000000,20583008.810606060606
6662704,2013-11-22,5,2013,11,4,47,326,235,7 mons 21 days,19207097.000000000000,17438844.183098591549,20463109.916666666667,20252642.750000000000,20583008.810606060606
6743690,2013-11-23,6,2013,11,4,47,327,236,7 mons 22 days,19504236.000000000000,16582741.000000000000,20463109.916666666667,20252642.750000000000,20583008.810606060606
6797816,2013-11-25,1,2013,11,4,48,329,238,7 mons 24 days,19740920.500000000000,17280507.095890410959,17485739.142857142857,20252642.750000000000,20583008.810606060606
7139845,2013-11-26,2,2013,11,4,48,330,239,7 mons 25 days,20378256.500000000000,16805801.611111111111,17485739.142857142857,20252642.750000000000,20583008.810606060606
5639609,2013-11-28,4,2013,11,4,48,332,241,7 mons 27 days,16758665.000000000000,17245438.069444444444,17485739.142857142857,20252642.750000000000,20583008.810606060606
8644490,2013-12-01,7,2013,12,4,48,335,244,8 mons,24210657.000000000000,17050789.786666666667,17485739.142857142857,23517634.522727272727,20583008.810606060606
7690238,2013-12-02,1,2013,12,4,49,336,245,8 mons 1 day,21599293.000000000000,17280507.095890410959,23777968.750000000000,23517634.522727272727,20583008.810606060606
8538038,2013-12-03,2,2013,12,4,49,337,246,8 mons 2 days,22835166.500000000000,16805801.611111111111,23777968.750000000000,23517634.522727272727,20583008.810606060606
8766934,2013-12-04,3,2013,12,4,49,338,247,8 mons 3 days,23397588.500000000000,16523304.380281690141,23777968.750000000000,23517634.522727272727,20583008.810606060606
10981708,2013-12-06,5,2013,12,4,49,340,249,8 mons 5 days,28861685.500000000000,17438844.183098591549,23777968.750000000000,23517634.522727272727,20583008.810606060606
7741515,2013-12-07,6,2013,12,4,49,341,250,8 mons 6 days,22144510.000000000000,16582741.000000000000,23777968.750000000000,23517634.522727272727,20583008.810606060606
7882314,2013-12-08,7,2013,12,4,49,342,251,8 mons 7 days,22255771.500000000000,17050789.786666666667,23777968.750000000000,23517634.522727272727,20583008.810606060606
9937178,2013-12-09,1,2013,12,4,50,343,252,8 mons 8 days,26775441.500000000000,17280507.095890410959,23482952.900000000000,23517634.522727272727,20583008.810606060606
7838284,2013-12-10,2,2013,12,4,50,344,253,8 mons 9 days,21954376.000000000000,16805801.611111111111,23482952.900000000000,23517634.522727272727,20583008.810606060606
8414629,2013-12-12,4,2013,12,4,50,346,255,8 mons 11 days,24148855.500000000000,17245438.069444444444,23482952.900000000000,23517634.522727272727,20583008.810606060606
7707333,2013-12-13,5,2013,12,4,50,347,256,8 mons 12 days,22653675.500000000000,17438844.183098591549,23482952.900000000000,23517634.522727272727,20583008.810606060606
7135603,2013-12-15,7,2013,12,4,50,349,258,8 mons 14 days,21163583.000000000000,17050789.786666666667,23482952.900000000000,23517634.522727272727,20583008.810606060606
9155914,2013-12-16,1,2013,12,4,51,350,259,8 mons 15 days,26375445.000000000000,17280507.095890410959,24355212.083333333333,23517634.522727272727,20583008.810606060606
7723606,2013-12-18,3,2013,12,4,51,352,261,8 mons 17 days,22436176.500000000000,16523304.380281690141,24355212.083333333333,23517634.522727272727,20583008.810606060606
9513185,2013-12-19,4,2013,12,4,51,353,262,8 mons 18 days,26272220.500000000000,17245438.069444444444,24355212.083333333333,23517634.522727272727,20583008.810606060606
7683653,2013-12-20,5,2013,12,4,51,354,263,8 mons 19 days,23140315.500000000000,17438844.183098591549,24355212.083333333333,23517634.522727272727,20583008.810606060606
9366428,2013-12-21,6,2013,12,4,51,355,264,8 mons 20 days,26581640.000000000000,16582741.000000000000,24355212.083333333333,23517634.522727272727,20583008.810606060606
7459387,2013-12-22,7,2013,12,4,51,356,265,8 mons 21 days,22289980.500000000000,17050789.786666666667,24355212.083333333333,23517634.522727272727,20583008.810606060606
7599972,2013-12-23,1,2013,12,4,52,357,266,8 mons 22 days,22459909.500000000000,17280507.095890410959,23744858.888888888889,23517634.522727272727,20583008.810606060606
7777137,2013-12-25,3,2013,12,4,52,359,268,8 mons 24 days,22915348.500000000000,16523304.380281690141,23744858.888888888889,23517634.522727272727,20583008.810606060606
7913360,2013-12-26,4,2013,12,4,52,360,269,8 mons 25 days,23239182.000000000000,17245438.069444444444,23744858.888888888889,23517634.522727272727,20583008.810606060606
6520212,2013-12-28,6,2013,12,4,52,362,271,8 mons 27 days,19677138.000000000000,16582741.000000000000,23744858.888888888889,23517634.522727272727,20583008.810606060606
9774561,2014-01-01,3,2014,1,1,1,1,275,9 mons,27399631.000000000000,16523304.380281690141,26191486.750000000000,26377580.522727272727,24924816.554545454545
8752037,2014-01-02,4,2014,1,1,1,2,276,9 mons 1 day,24726254.000000000000,17245438.069444444444,26191486.750000000000,26377580.522727272727,24924816.554545454545
9566433,2014-01-03,5,2014,1,1,1,3,277,9 mons 2 days,25865226.500000000000,17438844.183098591549,26191486.750000000000,26377580.522727272727,24924816.554545454545
9859147,2014-01-04,6,2014,1,1,1,4,278,9 mons 3 days,26774835.500000000000,16582741.000000000000,26191486.750000000000,26377580.522727272727,24924816.554545454545
12445360,2014-01-06,1,2014,1,1,2,6,280,9 mons 5 days,32651147.000000000000,17280507.095890410959,26039629.363636363636,26377580.522727272727,24924816.554545454545
9050744,2014-01-07,2,2014,1,1,2,7,281,9 mons 6 days,24929871.000000000000,16805801.611111111111,26039629.363636363636,26377580.522727272727,24924816.554545454545
8871513,2014-01-08,3,2014,1,1,2,8,282,9 mons 7 days,25567166.500000000000,16523304.380281690141,26039629.363636363636,26377580.522727272727,24924816.554545454545
11292604,2014-01-09,4,2014,1,1,2,9,283,9 mons 8 days,30137067.500000000000,17245438.069444444444,26039629.363636363636,26377580.522727272727,24924816.554545454545
9216610,2014-01-10,5,2014,1,1,2,10,284,9 mons 9 days,24957475.000000000000,17438844.183098591549,26039629.363636363636,26377580.522727272727,24924816.554545454545
9950469,2014-01-12,7,2014,1,1,2,12,286,9 mons 11 days,26961781.500000000000,17050789.786666666667,26039629.363636363636,26377580.522727272727,24924816.554545454545
8929221,2014-01-13,1,2014,1,1,3,13,287,9 mons 12 days,25583155.000000000000,17280507.095890410959,26066601.200000000000,26377580.522727272727,24924816.554545454545
8307992,2014-01-15,3,2014,1,1,3,15,289,9 mons 14 days,23612925.000000000000,16523304.380281690141,26066601.200000000000,26377580.522727272727,24924816.554545454545
10550906,2014-01-16,4,2014,1,1,3,16,290,9 mons 15 days,29024180.000000000000,17245438.069444444444,26066601.200000000000,26377580.522727272727,24924816.554545454545
8841764,2014-01-18,6,2014,1,1,3,18,292,9 mons 17 days,24550602.500000000000,16582741.000000000000,26066601.200000000000,26377580.522727272727,24924816.554545454545
11151193,2014-01-19,7,2014,1,1,3,19,293,9 mons 18 days,28864058.000000000000,17050789.786666666667,26066601.200000000000,26377580.522727272727,24924816.554545454545
8944522,2014-01-20,1,2014,1,1,4,20,294,9 mons 19 days,25660539.500000000000,17280507.095890410959,26349872.333333333333,26377580.522727272727,24924816.554545454545
10885834,2014-01-21,2,2014,1,1,4,21,295,9 mons 20 days,29127558.500000000000,16805801.611111111111,26349872.333333333333,26377580.522727272727,24924816.554545454545
8661164,2014-01-22,3,2014,1,1,4,22,296,9 mons 21 days,24646118.500000000000,16523304.380281690141,26349872.333333333333,26377580.522727272727,24924816.554545454545
8962467,2014-01-23,4,2014,1,1,4,23,297,9 mons 22 days,25133596.000000000000,17245438.069444444444,26349872.333333333333,26377580.522727272727,24924816.554545454545
9161092,2014-01-25,6,2014,1,1,4,25,299,9 mons 24 days,25529409.000000000000,16582741.000000000000,26349872.333333333333,26377580.522727272727,24924816.554545454545
9427102,2014-01-26,7,2014,1,1,4,26,300,9 mons 25 days,26430029.500000000000,17050789.786666666667,26349872.333333333333,26377580.522727272727,24924816.554545454545
7786064,2014-01-28,2,2014,1,1,5,28,302,9 mons 27 days,22174144.500000000000,16805801.611111111111,26499982.500000000000,26377580.522727272727,24924816.554545454545
11347886,2014-02-01,6,2014,2,1,5,32,306,10 mons,30502271.500000000000,16582741.000000000000,26499982.500000000000,29372522.454545454545,24924816.554545454545
10214106,2014-02-02,7,2014,2,1,5,33,307,10 mons 1 day,27419348.500000000000,17050789.786666666667,26499982.500000000000,29372522.454545454545,24924816.554545454545
11024357,2014-02-03,1,2014,2,1,6,34,308,10 mons 2 days,28896538.500000000000,17280507.095890410959,29941260.416666666667,29372522.454545454545,24924816.554545454545
11415499,2014-02-04,2,2014,2,1,6,35,309,10 mons 3 days,29631775.000000000000,16805801.611111111111,29941260.416666666667,29372522.454545454545,24924816.554545454545
14149476,2014-02-06,4,2014,2,1,6,37,311,10 mons 5 days,36059655.500000000000,17245438.069444444444,29941260.416666666667,29372522.454545454545,24924816.554545454545
10597059,2014-02-07,5,2014,2,1,6,38,312,10 mons 6 days,27869342.500000000000,17438844.183098591549,29941260.416666666667,29372522.454545454545,24924816.554545454545
10602204,2014-02-08,6,2014,2,1,6,39,313,10 mons 7 days,28257464.500000000000,16582741.000000000000,29941260.416666666667,29372522.454545454545,24924816.554545454545
13240982,2014-02-09,7,2014,2,1,6,40,314,10 mons 8 days,33134834.500000000000,17050789.786666666667,29941260.416666666667,29372522.454545454545,24924816.554545454545
10787704,2014-02-10,1,2014,2,1,7,41,315,10 mons 9 days,27660669.000000000000,17280507.095890410959,28982219.700000000000,29372522.454545454545,24924816.554545454545
11700158,2014-02-12,3,2014,2,1,7,43,317,10 mons 11 days,30143982.000000000000,16523304.380281690141,28982219.700000000000,29372522.454545454545,24924816.554545454545
10486750,2014-02-13,4,2014,2,1,7,44,318,10 mons 12 days,28253964.500000000000,17245438.069444444444,28982219.700000000000,29372522.454545454545,24924816.554545454545
9698751,2014-02-15,6,2014,2,1,7,46,320,10 mons 14 days,25983119.000000000000,16582741.000000000000,28982219.700000000000,29372522.454545454545,24924816.554545454545
12710041,2014-02-16,7,2014,2,1,7,47,321,10 mons 15 days,32052577.000000000000,17050789.786666666667,28982219.700000000000,29372522.454545454545,24924816.554545454545
10447081,2014-02-18,2,2014,2,1,8,49,323,10 mons 17 days,27519025.500000000000,16805801.611111111111,30097901.833333333333,29372522.454545454545,24924816.554545454545
13098444,2014-02-19,3,2014,2,1,8,50,324,10 mons 18 days,32654609.000000000000,16523304.380281690141,30097901.833333333333,29372522.454545454545,24924816.554545454545
10520583,2014-02-20,4,2014,2,1,8,51,325,10 mons 19 days,28891343.500000000000,17245438.069444444444,30097901.833333333333,29372522.454545454545,24924816.554545454545
12958732,2014-02-21,5,2014,2,1,8,52,326,10 mons 20 days,32735930.000000000000,17438844.183098591549,30097901.833333333333,29372522.454545454545,24924816.554545454545
10385743,2014-02-22,6,2014,2,1,8,53,327,10 mons 21 days,27802436.000000000000,16582741.000000000000,30097901.833333333333,29372522.454545454545,24924816.554545454545
10573021,2014-02-23,7,2014,2,1,8,54,328,10 mons 22 days,28134175.500000000000,17050789.786666666667,30097901.833333333333,29372522.454545454545,24924816.554545454545
10552972,2014-02-25,2,2014,2,1,9,56,330,10 mons 24 days,28055037.500000000000,16805801.611111111111,26280039.666666666667,29372522.454545454545,24924816.554545454545
11218785,2014-02-26,3,2014,2,1,9,57,331,10 mons 25 days,29607128.500000000000,16523304.380281690141,26280039.666666666667,29372522.454545454545,24924816.554545454545
9479994,2014-02-28,5,2014,2,1,9,59,333,10 mons 27 days,24930266.500000000000,17438844.183098591549,26280039.666666666667,29372522.454545454545,24924816.554545454545
13352701,2014-03-01,6,2014,3,1,9,60,334,11 mons,13352701.000000000000,16582741.000000000000,26280039.666666666667,13123876.818181818182,24924816.554545454545
12287461,2014-03-02,7,2014,3,1,9,61,335,11 mons 1 day,12287461.000000000000,17050789.786666666667,26280039.666666666667,13123876.818181818182,24924816.554545454545
12967472,2014-03-03,1,2014,3,1,10,62,336,11 mons 2 days,12967472.000000000000,17280507.095890410959,13947514.333333333333,13123876.818181818182,24924816.554545454545
13355638,2014-03-04,2,2014,3,1,10,63,337,11 mons 3 days,13355638.000000000000,16805801.611111111111,13947514.333333333333,13123876.818181818182,24924816.554545454545
16853078,2014-03-06,4,2014,3,1,10,65,339,11 mons 5 days,16853078.000000000000,17245438.069444444444,13947514.333333333333,13123876.818181818182,24924816.554545454545
12389448,2014-03-07,5,2014,3,1,10,66,340,11 mons 6 days,12389448.000000000000,17438844.183098591549,13947514.333333333333,13123876.818181818182,24924816.554545454545
12626809,2014-03-08,6,2014,3,1,10,67,341,11 mons 7 days,12626809.000000000000,16582741.000000000000,13947514.333333333333,13123876.818181818182,24924816.554545454545
15492641,2014-03-09,7,2014,3,1,10,68,342,11 mons 8 days,15492641.000000000000,17050789.786666666667,13947514.333333333333,13123876.818181818182,24924816.554545454545
12732886,2014-03-10,1,2014,3,1,11,69,343,11 mons 9 days,12732886.000000000000,17280507.095890410959,13070564.800000000000,13123876.818181818182,24924816.554545454545
13746692,2014-03-12,3,2014,3,1,11,71,345,11 mons 11 days,13746692.000000000000,16523304.380281690141,13070564.800000000000,13123876.818181818182,24924816.554545454545
12323599,2014-03-13,4,2014,3,1,11,72,346,11 mons 12 days,12323599.000000000000,17245438.069444444444,13070564.800000000000,13123876.818181818182,24924816.554545454545
11499445,2014-03-15,6,2014,3,1,11,74,348,11 mons 14 days,11499445.000000000000,16582741.000000000000,13070564.800000000000,13123876.818181818182,24924816.554545454545
15050202,2014-03-16,7,2014,3,1,11,75,349,11 mons 15 days,15050202.000000000000,17050789.786666666667,13070564.800000000000,13123876.818181818182,24924816.554545454545
12308109,2014-03-18,2,2014,3,1,12,77,351,11 mons 17 days,12308109.000000000000,16805801.611111111111,13090887.000000000000,13123876.818181818182,24924816.554545454545
15102162,2014-03-19,3,2014,3,1,12,78,352,11 mons 18 days,15102162.000000000000,16523304.380281690141,13090887.000000000000,13123876.818181818182,24924816.554545454545
12456441,2014-03-20,4,2014,3,1,12,79,353,11 mons 19 days,12456441.000000000000,17245438.069444444444,13090887.000000000000,13123876.818181818182,24924816.554545454545
14651470,2014-03-21,5,2014,3,1,12,80,354,11 mons 20 days,14651470.000000000000,17438844.183098591549,13090887.000000000000,13123876.818181818182,24924816.554545454545
11989675,2014-03-22,6,2014,3,1,12,81,355,11 mons 21 days,11989675.000000000000,16582741.000000000000,13090887.000000000000,13123876.818181818182,24924816.554545454545
12037465,2014-03-23,7,2014,3,1,12,82,356,11 mons 22 days,12037465.000000000000,17050789.786666666667,13090887.000000000000,13123876.818181818182,24924816.554545454545
12316920,2014-03-25,2,2014,3,1,13,84,358,11 mons 24 days,12316920.000000000000,16805801.611111111111,11833965.333333333333,13123876.818181818182,24924816.554545454545
12670611,2014-03-26,3,2014,3,1,13,85,359,11 mons 25 days,12670611.000000000000,16523304.380281690141,11833965.333333333333,13123876.818181818182,24924816.554545454545
10514365,2014-03-28,5,2014,3,1,13,87,361,11 mons 27 days,10514365.000000000000,17438844.183098591549,11833965.333333333333,13123876.818181818182,24924816.554545454545
15244917,2014-04-01,2,2014,4,2,14,91,365,1 year,9213917.500000000000,16805801.611111111111,8750542.181818181818,8684675.636363636364,9687568.742424242424
13550442,2014-04-02,3,2014,4,2,14,92,366,1 year 1 day,8099501.500000000000,16523304.380281690141,8750542.181818181818,8684675.636363636364,9687568.742424242424
14495623,2014-04-03,4,2014,4,2,14,93,367,1 year 2 days,8859039.000000000000,17245438.069444444444,8750542.181818181818,8684675.636363636364,9687568.742424242424
14643612,2014-04-04,5,2014,4,2,14,94,368,1 year 3 days,8983213.000000000000,17438844.183098591549,8750542.181818181818,8684675.636363636364,9687568.742424242424
18584362,2014-04-06,7,2014,4,2,14,96,370,1 year 5 days,11553612.500000000000,17050789.786666666667,8750542.181818181818,8684675.636363636364,9687568.742424242424
13767396,2014-04-07,1,2014,4,2,15,97,371,1 year 6 days,8302396.500000000000,17280507.095890410959,9289178.818181818182,8684675.636363636364,9687568.742424242424
13705389,2014-04-08,2,2014,4,2,15,98,372,1 year 7 days,8203054.500000000000,16805801.611111111111,9289178.818181818182,8684675.636363636364,9687568.742424242424
16951703,2014-04-09,3,2014,4,2,15,99,373,1 year 8 days,10399117.000000000000,16523304.380281690141,9289178.818181818182,8684675.636363636364,9687568.742424242424
13662321,2014-04-10,4,2014,4,2,15,100,374,1 year 9 days,8237595.000000000000,17245438.069444444444,9289178.818181818182,8684675.636363636364,9687568.742424242424
15173281,2014-04-12,6,2014,4,2,15,102,376,1 year 11 days,9106908.500000000000,16582741.000000000000,9289178.818181818182,8684675.636363636364,9687568.742424242424
13735385,2014-04-13,7,2014,4,2,15,103,377,1 year 12 days,8260110.500000000000,17050789.786666666667,9289178.818181818182,8684675.636363636364,9687568.742424242424
12941021,2014-04-15,2,2014,4,2,16,105,379,1 year 14 days,7751702.000000000000,16805801.611111111111,8244812.727272727273,8684675.636363636364,9687568.742424242424
15879356,2014-04-16,3,2014,4,2,16,106,380,1 year 15 days,9692268.000000000000,16523304.380281690141,8244812.727272727273,8684675.636363636364,9687568.742424242424
13436255,2014-04-18,5,2014,4,2,16,108,382,1 year 17 days,8038681.000000000000,17438844.183098591549,8244812.727272727273,8684675.636363636364,9687568.742424242424
16268131,2014-04-19,6,2014,4,2,16,109,383,1 year 18 days,9989697.500000000000,16582741.000000000000,8244812.727272727273,8684675.636363636364,9687568.742424242424
13705999,2014-04-20,7,2014,4,2,16,110,384,1 year 19 days,8144548.500000000000,17050789.786666666667,8244812.727272727273,8684675.636363636364,9687568.742424242424
16046865,2014-04-21,1,2014,4,2,17,111,385,1 year 20 days,9753005.500000000000,17280507.095890410959,8187678.600000000000,8684675.636363636364,9687568.742424242424
13059789,2014-04-22,2,2014,4,2,17,112,386,1 year 21 days,7832571.500000000000,16805801.611111111111,8187678.600000000000,8684675.636363636364,9687568.742424242424
13128122,2014-04-23,3,2014,4,2,17,113,387,1 year 22 days,7904143.000000000000,16523304.380281690141,8187678.600000000000,8684675.636363636364,9687568.742424242424
13185954,2014-04-25,5,2014,4,2,17,115,389,1 year 24 days,7940039.000000000000,17438844.183098591549,8187678.600000000000,8684675.636363636364,9687568.742424242424
13665605,2014-04-26,6,2014,4,2,17,116,390,1 year 25 days,8193088.000000000000,16582741.000000000000,8187678.600000000000,8684675.636363636364,9687568.742424242424
11119071,2014-04-28,1,2014,4,2,18,118,392,1 year 27 days,6604654.500000000000,17280507.095890410959,9687349.222222222222,8684675.636363636364,9687568.742424242424
16129016,2014-05-01,4,2014,5,2,18,121,395,1 year 1 mon,9815446.000000000000,17245438.069444444444,9687349.222222222222,9571418.363636363636,9687568.742424242424
14702438,2014-05-02,5,2014,5,2,18,122,396,1 year 1 mon 1 day,8864789.000000000000,17438844.183098591549,9687349.222222222222,9571418.363636363636,9687568.742424242424
15552036,2014-05-03,6,2014,5,2,18,123,397,1 year 1 mon 2 days,9531810.500000000000,16582741.000000000000,9687349.222222222222,9571418.363636363636,9687568.742424242424
15833725,2014-05-04,7,2014,5,2,18,124,398,1 year 1 mon 3 days,9821490.500000000000,17050789.786666666667,9687349.222222222222,9571418.363636363636,9687568.742424242424
20378171,2014-05-06,2,2014,5,2,19,126,400,1 year 1 mon 5 days,12781429.000000000000,16805801.611111111111,9663925.272727272727,9571418.363636363636,9687568.742424242424
14974745,2014-05-07,3,2014,5,2,19,127,401,1 year 1 mon 6 days,9106870.500000000000,16523304.380281690141,9663925.272727272727,9571418.363636363636,9687568.742424242424
14857371,2014-05-08,4,2014,5,2,19,128,402,1 year 1 mon 7 days,8989066.500000000000,17245438.069444444444,9663925.272727272727,9571418.363636363636,9687568.742424242424
18319622,2014-05-09,5,2014,5,2,19,129,403,1 year 1 mon 8 days,11394116.000000000000,17438844.183098591549,9663925.272727272727,9571418.363636363636,9687568.742424242424
14940382,2014-05-10,6,2014,5,2,19,130,404,1 year 1 mon 9 days,9116550.000000000000,16582741.000000000000,9663925.272727272727,9571418.363636363636,9687568.742424242424
16429525,2014-05-12,1,2014,5,2,20,132,406,1 year 1 mon 11 days,9978319.500000000000,17280507.095890410959,9514889.800000000000,9571418.363636363636,9687568.742424242424
14902315,2014-05-13,2,2014,5,2,20,133,407,1 year 1 mon 12 days,9097578.500000000000,16805801.611111111111,9514889.800000000000,9571418.363636363636,9687568.742424242424
13675974,2014-05-15,4,2014,5,2,20,135,409,1 year 1 mon 14 days,8368151.500000000000,17245438.069444444444,9514889.800000000000,9571418.363636363636,9687568.742424242424
17559738,2014-05-16,5,2014,5,2,20,136,410,1 year 1 mon 15 days,10840735.500000000000,17438844.183098591549,9514889.800000000000,9571418.363636363636,9687568.742424242424
14620621,2014-05-18,7,2014,5,2,20,138,412,1 year 1 mon 17 days,8887167.000000000000,17050789.786666666667,9514889.800000000000,9571418.363636363636,9687568.742424242424
17908975,2014-05-19,1,2014,5,2,21,139,413,1 year 1 mon 18 days,11120541.500000000000,17280507.095890410959,9460888.333333333333,9571418.363636363636,9687568.742424242424
14853000,2014-05-20,2,2014,5,2,21,140,414,1 year 1 mon 19 days,8971327.500000000000,16805801.611111111111,9460888.333333333333,9571418.363636363636,9687568.742424242424
17435705,2014-05-21,3,2014,5,2,21,141,415,1 year 1 mon 20 days,10805712.000000000000,16523304.380281690141,9460888.333333333333,9571418.363636363636,9687568.742424242424
14268765,2014-05-22,4,2014,5,2,21,142,416,1 year 1 mon 21 days,8659719.500000000000,17245438.069444444444,9460888.333333333333,9571418.363636363636,9687568.742424242424
14529854,2014-05-23,5,2014,5,2,21,143,417,1 year 1 mon 22 days,8847895.000000000000,17438844.183098591549,9460888.333333333333,9571418.363636363636,9687568.742424242424
14568997,2014-05-25,7,2014,5,2,21,145,419,1 year 1 mon 24 days,8896080.000000000000,17050789.786666666667,9460888.333333333333,9571418.363636363636,9687568.742424242424
15065010,2014-05-26,1,2014,5,2,22,146,420,1 year 1 mon 25 days,9162613.500000000000,17280507.095890410959,9280393.000000000000,9571418.363636363636,9687568.742424242424
12504914,2014-05-28,3,2014,5,2,22,148,422,1 year 1 mon 27 days,7513795.000000000000,16523304.380281690141,9280393.000000000000,9571418.363636363636,9687568.742424242424
17887951,2014-06-01,7,2014,6,2,22,152,426,1 year 2 mons,11022258.500000000000,17050789.786666666667,9280393.000000000000,10806612.227272727273,9687568.742424242424
16424913,2014-06-02,1,2014,6,2,23,153,427,1 year 2 mons 1 day,9985077.000000000000,17280507.095890410959,11046695.750000000000,10806612.227272727273,9687568.742424242424
17053801,2014-06-03,2,2014,6,2,23,154,428,1 year 2 mons 2 days,10604783.500000000000,16805801.611111111111,11046695.750000000000,10806612.227272727273,9687568.742424242424
16994154,2014-06-04,3,2014,6,2,23,155,429,1 year 2 mons 3 days,10708620.000000000000,16523304.380281690141,11046695.750000000000,10806612.227272727273,9687568.742424242424
21918372,2014-06-06,5,2014,6,2,23,157,431,1 year 2 mons 5 days,13896215.500000000000,17438844.183098591549,11046695.750000000000,10806612.227272727273,9687568.742424242424
16592250,2014-06-07,6,2014,6,2,23,158,432,1 year 2 mons 6 days,10166849.500000000000,16582741.000000000000,11046695.750000000000,10806612.227272727273,9687568.742424242424
16526147,2014-06-08,7,2014,6,2,23,159,433,1 year 2 mons 7 days,10102994.500000000000,17050789.786666666667,11046695.750000000000,10806612.227272727273,9687568.742424242424
19799564,2014-06-09,1,2014,6,2,24,160,434,1 year 2 mons 8 days,12488037.000000000000,17280507.095890410959,10752088.200000000000,10806612.227272727273,9687568.742424242424
16638328,2014-06-10,2,2014,6,2,24,161,435,1 year 2 mons 9 days,10220307.000000000000,16805801.611111111111,10752088.200000000000,10806612.227272727273,9687568.742424242424
18272759,2014-06-12,4,2014,6,2,24,163,437,1 year 2 mons 11 days,11198678.500000000000,17245438.069444444444,10752088.200000000000,10806612.227272727273,9687568.742424242424
16886854,2014-06-13,5,2014,6,2,24,164,438,1 year 2 mons 12 days,10378435.000000000000,17438844.183098591549,10752088.200000000000,10806612.227272727273,9687568.742424242424
15403953,2014-06-15,7,2014,6,2,24,166,440,1 year 2 mons 14 days,9552460.000000000000,17050789.786666666667,10752088.200000000000,10806612.227272727273,9687568.742424242424
19285439,2014-06-16,1,2014,6,2,25,167,441,1 year 2 mons 15 days,12153498.000000000000,17280507.095890410959,11086389.333333333333,10806612.227272727273,9687568.742424242424
16360142,2014-06-18,3,2014,6,2,25,169,443,1 year 2 mons 17 days,10089851.500000000000,16523304.380281690141,11086389.333333333333,10806612.227272727273,9687568.742424242424
19338173,2014-06-19,4,2014,6,2,25,170,444,1 year 2 mons 18 days,12242630.500000000000,17245438.069444444444,11086389.333333333333,10806612.227272727273,9687568.742424242424
16545835,2014-06-20,5,2014,6,2,25,171,445,1 year 2 mons 19 days,10160704.000000000000,17438844.183098591549,11086389.333333333333,10806612.227272727273,9687568.742424242424
19801903,2014-06-21,6,2014,6,2,25,172,446,1 year 2 mons 20 days,12426911.000000000000,16582741.000000000000,11086389.333333333333,10806612.227272727273,9687568.742424242424
16176888,2014-06-22,7,2014,6,2,25,173,447,1 year 2 mons 21 days,10018399.000000000000,17050789.786666666667,11086389.333333333333,10806612.227272727273,9687568.742424242424
16859214,2014-06-23,1,2014,6,2,26,174,448,1 year 2 mons 22 days,10366727.500000000000,17280507.095890410959,10969039.571428571429,10806612.227272727273,9687568.742424242424
16990459,2014-06-25,3,2014,6,2,26,176,450,1 year 2 mons 24 days,10502836.000000000000,16523304.380281690141,10969039.571428571429,10806612.227272727273,9687568.742424242424
17462419,2014-06-26,4,2014,6,2,26,177,451,1 year 2 mons 25 days,10744471.000000000000,17245438.069444444444,10969039.571428571429,10806612.227272727273,9687568.742424242424
14224842,2014-06-28,6,2014,6,2,26,179,453,1 year 2 mons 27 days,8714724.500000000000,16582741.000000000000,10969039.571428571429,10806612.227272727273,9687568.742424242424
20496490,2014-07-01,2,2014,7,3,27,182,456,1 year 3 mons,12694715.500000000000,16805801.611111111111,12204931.272727272727,12401182.477272727273,14089389.022727272727
18537410,2014-07-02,3,2014,7,3,27,183,457,1 year 3 mons 1 day,11481278.500000000000,16523304.380281690141,12204931.272727272727,12401182.477272727273,14089389.022727272727
19595347,2014-07-03,4,2014,7,3,27,184,458,1 year 3 mons 2 days,12238621.500000000000,17245438.069444444444,12204931.272727272727,12401182.477272727273,14089389.022727272727
19790019,2014-07-04,5,2014,7,3,27,185,459,1 year 3 mons 3 days,12442838.500000000000,17438844.183098591549,12204931.272727272727,12401182.477272727273,14089389.022727272727
25421646,2014-07-06,7,2014,7,3,27,187,461,1 year 3 mons 5 days,16055496.500000000000,17050789.786666666667,12204931.272727272727,12401182.477272727273,14089389.022727272727
18754765,2014-07-07,1,2014,7,3,28,188,462,1 year 3 mons 6 days,11591554.000000000000,17280507.095890410959,13071085.818181818182,12401182.477272727273,14089389.022727272727
19023685,2014-07-08,2,2014,7,3,28,189,463,1 year 3 mons 7 days,11689895.500000000000,16805801.611111111111,13071085.818181818182,12401182.477272727273,14089389.022727272727
22956647,2014-07-09,3,2014,7,3,28,190,464,1 year 3 mons 8 days,14424636.000000000000,16523304.380281690141,13071085.818181818182,12401182.477272727273,14089389.022727272727
18981612,2014-07-10,4,2014,7,3,28,191,465,1 year 3 mons 9 days,11675744.000000000000,17245438.069444444444,13071085.818181818182,12401182.477272727273,14089389.022727272727
20832263,2014-07-12,6,2014,7,3,28,193,467,1 year 3 mons 11 days,12791591.500000000000,16582741.000000000000,13071085.818181818182,12401182.477272727273,14089389.022727272727
19494718,2014-07-13,7,2014,7,3,28,194,468,1 year 3 mons 12 days,11931722.500000000000,17050789.786666666667,13071085.818181818182,12401182.477272727273,14089389.022727272727
17588222,2014-07-15,2,2014,7,3,29,196,470,1 year 3 mons 14 days,10906222.500000000000,16805801.611111111111,11877645.454545454545,12401182.477272727273,14089389.022727272727
22379540,2014-07-16,3,2014,7,3,29,197,471,1 year 3 mons 15 days,13942303.500000000000,16523304.380281690141,11877645.454545454545,12401182.477272727273,14089389.022727272727
18879706,2014-07-18,5,2014,7,3,29,199,473,1 year 3 mons 17 days,11659771.500000000000,17438844.183098591549,11877645.454545454545,12401182.477272727273,14089389.022727272727
22388850,2014-07-19,6,2014,7,3,29,200,474,1 year 3 mons 18 days,14130731.000000000000,16582741.000000000000,11877645.454545454545,12401182.477272727273,14089389.022727272727
19438165,2014-07-20,7,2014,7,3,29,201,475,1 year 3 mons 19 days,11841816.000000000000,17050789.786666666667,11877645.454545454545,12401182.477272727273,14089389.022727272727
22456491,2014-07-21,1,2014,7,3,30,202,476,1 year 3 mons 20 days,14074451.000000000000,17280507.095890410959,12076152.500000000000,12401182.477272727273,14089389.022727272727
18380881,2014-07-22,2,2014,7,3,30,203,477,1 year 3 mons 21 days,11348151.000000000000,16805801.611111111111,12076152.500000000000,12401182.477272727273,14089389.022727272727
19467385,2014-07-23,3,2014,7,3,30,204,478,1 year 3 mons 22 days,11906819.500000000000,16523304.380281690141,12076152.500000000000,12401182.477272727273,14089389.022727272727
19371975,2014-07-25,5,2014,7,3,30,206,480,1 year 3 mons 24 days,11890816.500000000000,17438844.183098591549,12076152.500000000000,12401182.477272727273,14089389.022727272727
20043703,2014-07-26,6,2014,7,3,30,207,481,1 year 3 mons 25 days,12247293.500000000000,16582741.000000000000,12076152.500000000000,12401182.477272727273,14089389.022727272727
16200216,2014-07-28,1,2014,7,3,31,209,483,1 year 3 mons 27 days,9859544.500000000000,17280507.095890410959,12992030.125000000000,12401182.477272727273,14089389.022727272727
23050623,2014-08-01,5,2014,8,3,31,213,487,1 year 4 mons,14285698.000000000000,17438844.183098591549,12992030.125000000000,13989502.750000000000,14089389.022727272727
21108023,2014-08-02,6,2014,8,3,31,214,488,1 year 4 mons 1 day,12970782.500000000000,16582741.000000000000,12992030.125000000000,13989502.750000000000,14089389.022727272727
22263113,2014-08-03,7,2014,8,3,31,215,489,1 year 4 mons 2 days,13812419.000000000000,17050789.786666666667,12992030.125000000000,13989502.750000000000,14089389.022727272727
22274424,2014-08-04,1,2014,8,3,32,216,490,1 year 4 mons 3 days,13936325.000000000000,17280507.095890410959,15353783.454545454545,13989502.750000000000,14089389.022727272727
28159073,2014-08-06,3,2014,8,3,32,218,492,1 year 4 mons 5 days,17671223.500000000000,16523304.380281690141,15353783.454545454545,13989502.750000000000,14089389.022727272727
21242783,2014-08-07,4,2014,8,3,32,219,493,1 year 4 mons 6 days,13047064.500000000000,17245438.069444444444,15353783.454545454545,13989502.750000000000,14089389.022727272727
21596431,2014-08-08,5,2014,8,3,32,220,494,1 year 4 mons 7 days,13190003.000000000000,17438844.183098591549,15353783.454545454545,13989502.750000000000,14089389.022727272727
26031930,2014-08-09,6,2014,8,3,32,221,495,1 year 4 mons 8 days,16317838.000000000000,16582741.000000000000,15353783.454545454545,13989502.750000000000,14089389.022727272727
21288088,2014-08-10,7,2014,8,3,32,222,496,1 year 4 mons 9 days,13082468.000000000000,17050789.786666666667,15353783.454545454545,13989502.750000000000,14089389.022727272727
23411372,2014-08-12,2,2014,8,3,33,224,498,1 year 4 mons 11 days,14294199.000000000000,16805801.611111111111,13028396.888888888889,13989502.750000000000,14089389.022727272727
22217567,2014-08-13,3,2014,8,3,33,225,499,1 year 4 mons 12 days,13490973.000000000000,16523304.380281690141,13028396.888888888889,13989502.750000000000,14089389.022727272727
20351891,2014-08-15,5,2014,8,3,33,227,501,1 year 4 mons 14 days,12441776.500000000000,17438844.183098591549,13028396.888888888889,13989502.750000000000,14089389.022727272727
26100083,2014-08-16,6,2014,8,3,33,228,502,1 year 4 mons 15 days,16014585.500000000000,16582741.000000000000,13028396.888888888889,13989502.750000000000,14089389.022727272727
21666430,2014-08-18,1,2014,8,3,34,230,504,1 year 4 mons 17 days,13219467.000000000000,17280507.095890410959,14131901.250000000000,13989502.750000000000,14089389.022727272727
25850533,2014-08-19,2,2014,8,3,34,231,505,1 year 4 mons 18 days,16045099.500000000000,16805801.611111111111,14131901.250000000000,13989502.750000000000,14089389.022727272727
21860161,2014-08-20,3,2014,8,3,34,232,506,1 year 4 mons 19 days,13225120.000000000000,16523304.380281690141,14131901.250000000000,13989502.750000000000,14089389.022727272727
25626186,2014-08-21,4,2014,8,3,34,233,507,1 year 4 mons 20 days,15854206.000000000000,17245438.069444444444,14131901.250000000000,13989502.750000000000,14089389.022727272727
21204022,2014-08-22,5,2014,8,3,34,234,508,1 year 4 mons 21 days,12986052.000000000000,17438844.183098591549,14131901.250000000000,13989502.750000000000,14089389.022727272727
21975551,2014-08-23,6,2014,8,3,34,235,509,1 year 4 mons 22 days,13401673.000000000000,16582741.000000000000,14131901.250000000000,13989502.750000000000,14089389.022727272727
22299368,2014-08-25,1,2014,8,3,35,237,511,1 year 4 mons 24 days,13595726.000000000000,17280507.095890410959,13041727.000000000000,13989502.750000000000,14089389.022727272727
22501586,2014-08-26,2,2014,8,3,35,238,512,1 year 4 mons 25 days,13758011.500000000000,16805801.611111111111,13041727.000000000000,13989502.750000000000,14089389.022727272727
18374893,2014-08-28,4,2014,8,3,35,240,514,1 year 4 mons 27 days,11128350.000000000000,17245438.069444444444,13041727.000000000000,13989502.750000000000,14089389.022727272727
26249828,2014-09-01,1,2014,9,3,36,244,518,1 year 5 mons,16214049.500000000000,17280507.095890410959,16024138.416666666667,15877481.840909090909,14089389.022727272727
24005878,2014-09-02,2,2014,9,3,36,245,519,1 year 5 mons 1 day,14770367.500000000000,16805801.611111111111,16024138.416666666667,15877481.840909090909,14089389.022727272727
24830565,2014-09-03,3,2014,9,3,36,246,520,1 year 5 mons 2 days,15444103.500000000000,16523304.380281690141,16024138.416666666667,15877481.840909090909,14089389.022727272727
25117444,2014-09-04,4,2014,9,3,36,247,521,1 year 5 mons 3 days,15678359.500000000000,17245438.069444444444,16024138.416666666667,15877481.840909090909,14089389.022727272727
31436539,2014-09-06,6,2014,9,3,36,249,523,1 year 5 mons 5 days,19716551.000000000000,16582741.000000000000,16024138.416666666667,15877481.840909090909,14089389.022727272727
23904424,2014-09-07,7,2014,9,3,36,250,524,1 year 5 mons 6 days,14691527.500000000000,17050789.786666666667,16024138.416666666667,15877481.840909090909,14089389.022727272727
24460582,2014-09-08,1,2014,9,3,37,251,525,1 year 5 mons 7 days,14949298.500000000000,17280507.095890410959,15949305.500000000000,15877481.840909090909,14089389.022727272727
29564834,2014-09-09,2,2014,9,3,37,252,526,1 year 5 mons 8 days,18485108.000000000000,16805801.611111111111,15949305.500000000000,15877481.840909090909,14089389.022727272727
24186052,2014-09-10,3,2014,9,3,37,253,527,1 year 5 mons 9 days,14846319.000000000000,16523304.380281690141,15949305.500000000000,15877481.840909090909,14089389.022727272727
26326112,2014-09-12,5,2014,9,3,37,255,529,1 year 5 mons 11 days,16114332.000000000000,17438844.183098591549,15949305.500000000000,15877481.840909090909,14089389.022727272727
25352288,2014-09-13,6,2014,9,3,37,256,530,1 year 5 mons 12 days,15455464.000000000000,16582741.000000000000,15949305.500000000000,15877481.840909090909,14089389.022727272727
23216059,2014-09-15,1,2014,9,3,38,258,532,1 year 5 mons 14 days,14223043.000000000000,17280507.095890410959,16507823.750000000000,15877481.840909090909,14089389.022727272727
29081792,2014-09-16,2,2014,9,3,38,259,533,1 year 5 mons 15 days,18020376.000000000000,16805801.611111111111,16507823.750000000000,15877481.840909090909,14089389.022727272727
24499159,2014-09-18,4,2014,9,3,38,261,535,1 year 5 mons 17 days,15011560.000000000000,17245438.069444444444,16507823.750000000000,15877481.840909090909,14089389.022727272727
28906227,2014-09-19,5,2014,9,3,38,262,536,1 year 5 mons 18 days,18105792.000000000000,17438844.183098591549,16507823.750000000000,15877481.840909090909,14089389.022727272727
25073926,2014-09-20,6,2014,9,3,38,263,537,1 year 5 mons 19 days,15299529.000000000000,16582741.000000000000,16507823.750000000000,15877481.840909090909,14089389.022727272727
29461095,2014-09-21,7,2014,9,3,38,264,538,1 year 5 mons 20 days,18243251.000000000000,17050789.786666666667,16507823.750000000000,15877481.840909090909,14089389.022727272727
24370660,2014-09-22,1,2014,9,3,39,265,539,1 year 5 mons 21 days,14943735.000000000000,17280507.095890410959,15839369.888888888889,15877481.840909090909,14089389.022727272727
24873207,2014-09-23,2,2014,9,3,39,266,540,1 year 5 mons 22 days,15186718.500000000000,16805801.611111111111,15839369.888888888889,15877481.840909090909,14089389.022727272727
25211004,2014-09-25,4,2014,9,3,39,268,542,1 year 5 mons 24 days,15453880.000000000000,17245438.069444444444,15839369.888888888889,15877481.840909090909,14089389.022727272727
25515402,2014-09-26,5,2014,9,3,39,269,543,1 year 5 mons 25 days,15609270.000000000000,17438844.183098591549,15839369.888888888889,15877481.840909090909,14089389.022727272727
21081585,2014-09-28,7,2014,9,3,39,271,545,1 year 5 mons 27 days,12841966.000000000000,17050789.786666666667,15839369.888888888889,15877481.840909090909,14089389.022727272727
30265588,2014-10-01,3,2014,10,4,40,274,548,1 year 6 mons,18717107.500000000000,16523304.380281690141,16806504.888888888889,17978749.159090909091,20583008.810606060606
27026139,2014-10-02,4,2014,10,4,40,275,549,1 year 6 mons 1 day,16666450.500000000000,17245438.069444444444,16806504.888888888889,17978749.159090909091,20583008.810606060606
28315181,2014-10-03,5,2014,10,4,40,276,550,1 year 6 mons 2 days,17617615.500000000000,17438844.183098591549,16806504.888888888889,17978749.159090909091,20583008.810606060606
28681267,2014-10-04,6,2014,10,4,40,277,551,1 year 6 mons 3 days,17947348.000000000000,16582741.000000000000,16806504.888888888889,17978749.159090909091,20583008.810606060606
35787054,2014-10-06,1,2014,10,4,41,279,553,1 year 6 mons 5 days,22574277.500000000000,17280507.095890410959,18477310.916666666667,17978749.159090909091,20583008.810606060606
27695644,2014-10-07,2,2014,10,4,41,280,554,1 year 6 mons 6 days,17022868.500000000000,16805801.611111111111,18477310.916666666667,17978749.159090909091,20583008.810606060606
27362972,2014-10-08,3,2014,10,4,41,281,555,1 year 6 mons 7 days,16887157.000000000000,16523304.380281690141,18477310.916666666667,17978749.159090909091,20583008.810606060606
33364677,2014-10-09,4,2014,10,4,41,282,556,1 year 6 mons 8 days,20838490.500000000000,17245438.069444444444,18477310.916666666667,17978749.159090909091,20583008.810606060606
27175962,2014-10-10,5,2014,10,4,41,283,557,1 year 6 mons 9 days,16719366.500000000000,17438844.183098591549,18477310.916666666667,17978749.159090909091,20583008.810606060606
30007554,2014-10-12,7,2014,10,4,41,285,559,1 year 6 mons 11 days,18353340.000000000000,17050789.786666666667,18477310.916666666667,17978749.159090909091,20583008.810606060606
28551726,2014-10-13,1,2014,10,4,42,286,560,1 year 6 mons 12 days,17424979.000000000000,17280507.095890410959,18212756.100000000000,17978749.159090909091,20583008.810606060606
26125159,2014-10-15,3,2014,10,4,42,288,562,1 year 6 mons 14 days,15966969.500000000000,16523304.380281690141,18212756.100000000000,17978749.159090909091,20583008.810606060606
32970132,2014-10-16,4,2014,10,4,42,289,563,1 year 6 mons 15 days,20209983.000000000000,17245438.069444444444,18212756.100000000000,17978749.159090909091,20583008.810606060606
28020366,2014-10-18,6,2014,10,4,42,291,565,1 year 6 mons 17 days,17145052.500000000000,16582741.000000000000,18212756.100000000000,17978749.159090909091,20583008.810606060606
32999913,2014-10-19,7,2014,10,4,42,292,566,1 year 6 mons 18 days,20439230.000000000000,17050789.786666666667,18212756.100000000000,17978749.159090909091,20583008.810606060606
29114521,2014-10-20,1,2014,10,4,43,293,567,1 year 6 mons 19 days,17583943.000000000000,17280507.095890410959,18768339.454545454545,17978749.159090909091,20583008.810606060606
32750953,2014-10-21,2,2014,10,4,43,294,568,1 year 6 mons 20 days,20209763.500000000000,16805801.611111111111,18768339.454545454545,17978749.159090909091,20583008.810606060606
27518839,2014-10-22,3,2014,10,4,43,295,569,1 year 6 mons 21 days,16822206.500000000000,16523304.380281690141,18768339.454545454545,17978749.159090909091,20583008.810606060606
27726748,2014-10-23,4,2014,10,4,43,296,570,1 year 6 mons 22 days,16953114.000000000000,17245438.069444444444,18768339.454545454545,17978749.159090909091,20583008.810606060606
27909507,2014-10-25,6,2014,10,4,43,298,572,1 year 6 mons 24 days,17095424.000000000000,16582741.000000000000,18768339.454545454545,17978749.159090909091,20583008.810606060606
28772954,2014-10-26,7,2014,10,4,43,299,573,1 year 6 mons 25 days,17588098.500000000000,17050789.786666666667,18768339.454545454545,17978749.159090909091,20583008.810606060606
24273884,2014-10-28,2,2014,10,4,44,301,575,1 year 6 mons 27 days,14749696.500000000000,16805801.611111111111,16657847.571428571429,17978749.159090909091,20583008.810606060606
33773122,2014-11-01,6,2014,11,4,44,305,579,1 year 7 mons,20824721.500000000000,16582741.000000000000,16657847.571428571429,20252642.750000000000,20583008.810606060606
30792904,2014-11-02,7,2014,11,4,44,306,580,1 year 7 mons 1 day,18881975.000000000000,17050789.786666666667,16657847.571428571429,20252642.750000000000,20583008.810606060606
31773178,2014-11-03,1,2014,11,4,45,307,581,1 year 7 mons 2 days,19732662.500000000000,17280507.095890410959,21093334.916666666667,20252642.750000000000,20583008.810606060606
32440375,2014-11-04,2,2014,11,4,45,308,582,1 year 7 mons 3 days,20251958.000000000000,16805801.611111111111,21093334.916666666667,20252642.750000000000,20583008.810606060606
40443119,2014-11-06,4,2014,11,4,45,310,584,1 year 7 mons 5 days,25295614.500000000000,17245438.069444444444,21093334.916666666667,20252642.750000000000,20583008.810606060606
31185939,2014-11-07,5,2014,11,4,45,311,585,1 year 7 mons 6 days,19136565.500000000000,17438844.183098591549,21093334.916666666667,20252642.750000000000,20583008.810606060606
31011381,2014-11-08,6,2014,11,4,45,312,586,1 year 7 mons 7 days,19068900.000000000000,16582741.000000000000,21093334.916666666667,20252642.750000000000,20583008.810606060606
37684869,2014-11-09,7,2014,11,4,45,313,587,1 year 7 mons 8 days,23400032.500000000000,17050789.786666666667,21093334.916666666667,20252642.750000000000,20583008.810606060606
30783311,2014-11-10,1,2014,11,4,46,314,588,1 year 7 mons 9 days,18912005.500000000000,17280507.095890410959,21286413.222222222222,20252642.750000000000,20583008.810606060606
33293854,2014-11-12,3,2014,11,4,46,316,590,1 year 7 mons 11 days,20445981.500000000000,16523304.380281690141,21286413.222222222222,20252642.750000000000,20583008.810606060606
32120142,2014-11-13,4,2014,11,4,46,317,591,1 year 7 mons 12 days,19578950.500000000000,17245438.069444444444,21286413.222222222222,20252642.750000000000,20583008.810606060606
29329859,2014-11-15,6,2014,11,4,46,319,593,1 year 7 mons 14 days,17936742.000000000000,16582741.000000000000,21286413.222222222222,20252642.750000000000,20583008.810606060606
36715531,2014-11-16,7,2014,11,4,46,320,594,1 year 7 mons 15 days,22435530.000000000000,17050789.786666666667,21286413.222222222222,20252642.750000000000,20583008.810606060606
31232346,2014-11-18,2,2014,11,4,47,322,596,1 year 7 mons 17 days,19041838.500000000000,16805801.611111111111,20463109.916666666667,20252642.750000000000,20583008.810606060606
36576402,2014-11-19,3,2014,11,4,47,323,597,1 year 7 mons 18 days,22628785.000000000000,16523304.380281690141,20463109.916666666667,20252642.750000000000,20583008.810606060606
32565508,2014-11-20,4,2014,11,4,47,324,598,1 year 7 mons 19 days,19604388.500000000000,17245438.069444444444,20463109.916666666667,20252642.750000000000,20583008.810606060606
37321597,2014-11-21,5,2014,11,4,47,325,599,1 year 7 mons 20 days,22792314.500000000000,17438844.183098591549,20463109.916666666667,20252642.750000000000,20583008.810606060606
31751490,2014-11-22,6,2014,11,4,47,326,600,1 year 7 mons 21 days,19207097.000000000000,16582741.000000000000,20463109.916666666667,20252642.750000000000,20583008.810606060606
32264782,2014-11-23,7,2014,11,4,47,327,601,1 year 7 mons 22 days,19504236.000000000000,17050789.786666666667,20463109.916666666667,20252642.750000000000,20583008.810606060606
32684025,2014-11-25,2,2014,11,4,48,329,603,1 year 7 mons 24 days,19740920.500000000000,16805801.611111111111,17485739.142857142857,20252642.750000000000,20583008.810606060606
33616668,2014-11-26,3,2014,11,4,48,330,604,1 year 7 mons 25 days,20378256.500000000000,16523304.380281690141,17485739.142857142857,20252642.750000000000,20583008.810606060606
27877721,2014-11-28,5,2014,11,4,48,332,606,1 year 7 mons 27 days,16758665.000000000000,17438844.183098591549,17485739.142857142857,20252642.750000000000,20583008.810606060606
39776824,2014-12-01,1,2014,12,4,49,335,609,1 year 8 mons,24210657.000000000000,17280507.095890410959,23777968.750000000000,23517634.522727272727,20583008.810606060606
35508348,2014-12-02,2,2014,12,4,49,336,610,1 year 8 mons 1 day,21599293.000000000000,16805801.611111111111,23777968.750000000000,23517634.522727272727,20583008.810606060606
37132295,2014-12-03,3,2014,12,4,49,337,611,1 year 8 mons 2 days,22835166.500000000000,16523304.380281690141,23777968.750000000000,23517634.522727272727,20583008.810606060606
38028243,2014-12-04,4,2014,12,4,49,338,612,1 year 8 mons 3 days,23397588.500000000000,17245438.069444444444,23777968.750000000000,23517634.522727272727,20583008.810606060606
46741663,2014-12-06,6,2014,12,4,49,340,614,1 year 8 mons 5 days,28861685.500000000000,16582741.000000000000,23777968.750000000000,23517634.522727272727,20583008.810606060606
36547505,2014-12-07,7,2014,12,4,49,341,615,1 year 8 mons 6 days,22144510.000000000000,17050789.786666666667,23777968.750000000000,23517634.522727272727,20583008.810606060606
36629229,2014-12-08,1,2014,12,4,50,342,616,1 year 8 mons 7 days,22255771.500000000000,17280507.095890410959,23482952.900000000000,23517634.522727272727,20583008.810606060606
43613705,2014-12-09,2,2014,12,4,50,343,617,1 year 8 mons 8 days,26775441.500000000000,16805801.611111111111,23482952.900000000000,23517634.522727272727,20583008.810606060606
36070468,2014-12-10,3,2014,12,4,50,344,618,1 year 8 mons 9 days,21954376.000000000000,16523304.380281690141,23482952.900000000000,23517634.522727272727,20583008.810606060606
39883082,2014-12-12,5,2014,12,4,50,346,620,1 year 8 mons 11 days,24148855.500000000000,17438844.183098591549,23482952.900000000000,23517634.522727272727,20583008.810606060606
37600018,2014-12-13,6,2014,12,4,50,347,621,1 year 8 mons 12 days,22653675.500000000000,16582741.000000000000,23482952.900000000000,23517634.522727272727,20583008.810606060606
35191563,2014-12-15,1,2014,12,4,51,349,623,1 year 8 mons 14 days,21163583.000000000000,17280507.095890410959,24355212.083333333333,23517634.522727272727,20583008.810606060606
43594976,2014-12-16,2,2014,12,4,51,350,624,1 year 8 mons 15 days,26375445.000000000000,16805801.611111111111,24355212.083333333333,23517634.522727272727,20583008.810606060606
37148747,2014-12-18,4,2014,12,4,51,352,626,1 year 8 mons 17 days,22436176.500000000000,17245438.069444444444,24355212.083333333333,23517634.522727272727,20583008.810606060606
43031256,2014-12-19,5,2014,12,4,51,353,627,1 year 8 mons 18 days,26272220.500000000000,17438844.183098591549,24355212.083333333333,23517634.522727272727,20583008.810606060606
38596978,2014-12-20,6,2014,12,4,51,354,628,1 year 8 mons 19 days,23140315.500000000000,16582741.000000000000,24355212.083333333333,23517634.522727272727,20583008.810606060606
43796852,2014-12-21,7,2014,12,4,51,355,629,1 year 8 mons 20 days,26581640.000000000000,17050789.786666666667,24355212.083333333333,23517634.522727272727,20583008.810606060606
37120574,2014-12-22,1,2014,12,4,52,356,630,1 year 8 mons 21 days,22289980.500000000000,17280507.095890410959,23744858.888888888889,23517634.522727272727,20583008.810606060606
37319847,2014-12-23,2,2014,12,4,52,357,631,1 year 8 mons 22 days,22459909.500000000000,16805801.611111111111,23744858.888888888889,23517634.522727272727,20583008.810606060606
38053560,2014-12-25,4,2014,12,4,52,359,633,1 year 8 mons 24 days,22915348.500000000000,17245438.069444444444,23744858.888888888889,23517634.522727272727,20583008.810606060606
38565004,2014-12-26,5,2014,12,4,52,360,634,1 year 8 mons 25 days,23239182.000000000000,17438844.183098591549,23744858.888888888889,23517634.522727272727,20583008.810606060606
32834064,2014-12-28,7,2014,12,4,52,362,636,1 year 8 mons 27 days,19677138.000000000000,17050789.786666666667,23744858.888888888889,23517634.522727272727,20583008.810606060606
45024701,2015-01-01,4,2015,1,1,1,1,640,1 year 9 mons,27399631.000000000000,17245438.069444444444,26191486.750000000000,26377580.522727272727,24924816.554545454545
40700471,2015-01-02,5,2015,1,1,1,2,641,1 year 9 mons 1 day,24726254.000000000000,17438844.183098591549,26191486.750000000000,26377580.522727272727,24924816.554545454545
42164020,2015-01-03,6,2015,1,1,1,3,642,1 year 9 mons 2 days,25865226.500000000000,16582741.000000000000,26191486.750000000000,26377580.522727272727,24924816.554545454545
43690524,2015-01-04,7,2015,1,1,1,4,643,1 year 9 mons 3 days,26774835.500000000000,17050789.786666666667,26191486.750000000000,26377580.522727272727,24924816.554545454545
52856934,2015-01-06,2,2015,1,1,2,6,645,1 year 9 mons 5 days,32651147.000000000000,16805801.611111111111,26039629.363636363636,26377580.522727272727,24924816.554545454545
40808998,2015-01-07,3,2015,1,1,2,7,646,1 year 9 mons 6 days,24929871.000000000000,16523304.380281690141,26039629.363636363636,26377580.522727272727,24924816.554545454545
42262820,2015-01-08,4,2015,1,1,2,8,647,1 year 9 mons 7 days,25567166.500000000000,17245438.069444444444,26039629.363636363636,26377580.522727272727,24924816.554545454545
48981531,2015-01-09,5,2015,1,1,2,9,648,1 year 9 mons 8 days,30137067.500000000000,17438844.183098591549,26039629.363636363636,26377580.522727272727,24924816.554545454545
40698340,2015-01-10,6,2015,1,1,2,10,649,1 year 9 mons 9 days,24957475.000000000000,16582741.000000000000,26039629.363636363636,26377580.522727272727,24924816.554545454545
43973094,2015-01-12,1,2015,1,1,3,12,651,1 year 9 mons 11 days,26961781.500000000000,17280507.095890410959,26066601.200000000000,26377580.522727272727,24924816.554545454545
42237089,2015-01-13,2,2015,1,1,3,13,652,1 year 9 mons 12 days,25583155.000000000000,16805801.611111111111,26066601.200000000000,26377580.522727272727,24924816.554545454545
38917858,2015-01-15,4,2015,1,1,3,15,654,1 year 9 mons 14 days,23612925.000000000000,17245438.069444444444,26066601.200000000000,26377580.522727272727,24924816.554545454545
47497454,2015-01-16,5,2015,1,1,3,16,655,1 year 9 mons 15 days,29024180.000000000000,17438844.183098591549,26066601.200000000000,26377580.522727272727,24924816.554545454545
40259441,2015-01-18,7,2015,1,1,3,18,657,1 year 9 mons 17 days,24550602.500000000000,17050789.786666666667,26066601.200000000000,26377580.522727272727,24924816.554545454545
46576923,2015-01-19,1,2015,1,1,4,19,658,1 year 9 mons 18 days,28864058.000000000000,17280507.095890410959,26349872.333333333333,26377580.522727272727,24924816.554545454545
42376557,2015-01-20,2,2015,1,1,4,20,659,1 year 9 mons 19 days,25660539.500000000000,16805801.611111111111,26349872.333333333333,26377580.522727272727,24924816.554545454545
47369283,2015-01-21,3,2015,1,1,4,21,660,1 year 9 mons 20 days,29127558.500000000000,16523304.380281690141,26349872.333333333333,26377580.522727272727,24924816.554545454545
40631073,2015-01-22,4,2015,1,1,4,22,661,1 year 9 mons 21 days,24646118.500000000000,17245438.069444444444,26349872.333333333333,26377580.522727272727,24924816.554545454545
41304725,2015-01-23,5,2015,1,1,4,23,662,1 year 9 mons 22 days,25133596.000000000000,17438844.183098591549,26349872.333333333333,26377580.522727272727,24924816.554545454545
41897726,2015-01-25,7,2015,1,1,4,25,664,1 year 9 mons 24 days,25529409.000000000000,17050789.786666666667,26349872.333333333333,26377580.522727272727,24924816.554545454545
43432957,2015-01-26,1,2015,1,1,5,26,665,1 year 9 mons 25 days,26430029.500000000000,17280507.095890410959,26499982.500000000000,26377580.522727272727,24924816.554545454545
36562225,2015-01-28,3,2015,1,1,5,28,667,1 year 9 mons 27 days,22174144.500000000000,16523304.380281690141,26499982.500000000000,26377580.522727272727,24924816.554545454545
49656657,2015-02-01,7,2015,2,1,5,32,671,1 year 10 mons,30502271.500000000000,17050789.786666666667,26499982.500000000000,29372522.454545454545,24924816.554545454545
44624591,2015-02-02,1,2015,2,1,6,33,672,1 year 10 mons 1 day,27419348.500000000000,17280507.095890410959,29941260.416666666667,29372522.454545454545,24924816.554545454545
46768720,2015-02-03,2,2015,2,1,6,34,673,1 year 10 mons 2 days,28896538.500000000000,16805801.611111111111,29941260.416666666667,29372522.454545454545,24924816.554545454545
47848051,2015-02-04,3,2015,2,1,6,35,674,1 year 10 mons 3 days,29631775.000000000000,16523304.380281690141,29941260.416666666667,29372522.454545454545,24924816.554545454545
57969835,2015-02-06,5,2015,2,1,6,37,676,1 year 10 mons 5 days,36059655.500000000000,17438844.183098591549,29941260.416666666667,29372522.454545454545,24924816.554545454545
45141626,2015-02-07,6,2015,2,1,6,38,677,1 year 10 mons 6 days,27869342.500000000000,16582741.000000000000,29941260.416666666667,29372522.454545454545,24924816.554545454545
45912725,2015-02-08,7,2015,2,1,6,39,678,1 year 10 mons 7 days,28257464.500000000000,17050789.786666666667,29941260.416666666667,29372522.454545454545,24924816.554545454545
53028687,2015-02-09,1,2015,2,1,7,40,679,1 year 10 mons 8 days,33134834.500000000000,17280507.095890410959,28982219.700000000000,29372522.454545454545,24924816.554545454545
44533634,2015-02-10,2,2015,2,1,7,41,680,1 year 10 mons 9 days,27660669.000000000000,16805801.611111111111,28982219.700000000000,29372522.454545454545,24924816.554545454545
48587806,2015-02-12,4,2015,2,1,7,43,682,1 year 10 mons 11 days,30143982.000000000000,17245438.069444444444,28982219.700000000000,29372522.454545454545,24924816.554545454545
46021179,2015-02-13,5,2015,2,1,7,44,683,1 year 10 mons 12 days,28253964.500000000000,17438844.183098591549,28982219.700000000000,29372522.454545454545,24924816.554545454545
42267487,2015-02-15,7,2015,2,1,7,46,685,1 year 10 mons 14 days,25983119.000000000000,17050789.786666666667,28982219.700000000000,29372522.454545454545,24924816.554545454545
51395113,2015-02-16,1,2015,2,1,8,47,686,1 year 10 mons 15 days,32052577.000000000000,17280507.095890410959,30097901.833333333333,29372522.454545454545,24924816.554545454545
44590970,2015-02-18,3,2015,2,1,8,49,688,1 year 10 mons 17 days,27519025.500000000000,16523304.380281690141,30097901.833333333333,29372522.454545454545,24924816.554545454545
52210774,2015-02-19,4,2015,2,1,8,50,689,1 year 10 mons 18 days,32654609.000000000000,17245438.069444444444,30097901.833333333333,29372522.454545454545,24924816.554545454545
47262104,2015-02-20,5,2015,2,1,8,51,690,1 year 10 mons 19 days,28891343.500000000000,17438844.183098591549,30097901.833333333333,29372522.454545454545,24924816.554545454545
52513128,2015-02-21,6,2015,2,1,8,52,691,1 year 10 mons 20 days,32735930.000000000000,16582741.000000000000,30097901.833333333333,29372522.454545454545,24924816.554545454545
45219129,2015-02-22,7,2015,2,1,8,53,692,1 year 10 mons 21 days,27802436.000000000000,17050789.786666666667,30097901.833333333333,29372522.454545454545,24924816.554545454545
45695330,2015-02-23,1,2015,2,1,9,54,693,1 year 10 mons 22 days,28134175.500000000000,17280507.095890410959,26280039.666666666667,29372522.454545454545,24924816.554545454545
45557103,2015-02-25,3,2015,2,1,9,56,695,1 year 10 mons 24 days,28055037.500000000000,16523304.380281690141,26280039.666666666667,29372522.454545454545,24924816.554545454545
47995472,2015-02-26,4,2015,2,1,9,57,696,1 year 10 mons 25 days,29607128.500000000000,17245438.069444444444,26280039.666666666667,29372522.454545454545,24924816.554545454545
40380539,2015-02-28,6,2015,2,1,9,59,698,1 year 10 mons 27 days,24930266.500000000000,16582741.000000000000,26280039.666666666667,29372522.454545454545,24924816.554545454545
