10143559787734827068,1,14102100,1005,0,1fbe01fe,f3845767,28905ebd,ecad2386,7801e8d9,07d7df22,a99f214a,ffd63159,1aa0e912,1,0,15701,320,50,1722,0,35,-1,79
10137692736246531560,1,14102100,1005,1,e59ef3fc,0a4015b2,335d28a8,ecad2386,7801e8d9,07d7df22,a99f214a,579f63fe,9bbdb88c,1,0,21612,320,50,2481,3,297,100111,61
10141326312159899433,1,14102100,1005,1,d9750ee7,98572c79,f028772b,ecad2386,7801e8d9,07d7df22,a99f214a,a8536f3a,8a4875bd,1,0,15706,320,50,1722,0,35,-1,79
10139437403006740125,1,14102100,1005,0,85f751fd,c4e18dd6,50e219e0,090d3a47,0654b444,0f2161f8,a99f214a,4d4b066a,93dd64c2,1,0,20596,320,50,2161,0,35,-1,157
10142669815216941825,1,14102100,1005,0,543a539e,c7ca3108,3e814130,ecad2386,7801e8d9,07d7df22,a99f214a,57bce7c6,d787e91b,1,0,20362,320,50,2333,0,39,-1,157
10137686624717718159,1,14102100,1005,0,543a539e,c7ca3108,3e814130,ecad2386,7801e8d9,07d7df22,a99f214a,b9cfd01c,f50d4405,1,0,20366,320,50,2333,0,39,-1,157
10144182718747563034,0,14102100,1005,0,85f751fd,c4e18dd6,50e219e0,7fd82f88,7801e8d9,0f2161f8,9bff884b,16d4a4e6,ae9343b5,1,0,18993,320,50,2161,0,35,-1,157
10142552828948433405,0,14102100,1005,0,12fb4121,6b59f079,f028772b,ecad2386,7801e8d9,07d7df22,a99f214a,cd26b300,4540ce45,1,0,20969,320,50,2372,0,813,-1,46
10143295888139735045,0,14102100,1005,0,030440fe,08ba7db9,76b2941d,ecad2386,7801e8d9,07d7df22,a99f214a,ff97aaf6,d787e91b,1,0,18993,320,50,2161,0,35,-1,157
10137130218221587962,0,14102100,1005,0,7fa5a4d1,be62281e,76b2941d,ecad2386,7801e8d9,07d7df22,a99f214a,a07c8f9f,a1a7a957,1,0,18993,320,50,2161,0,35,-1,157
10141666039360970473,0,14102100,1005,0,1fbe01fe,f3845767,28905ebd,ecad2386,7801e8d9,07d7df22,a99f214a,915a3b05,3bd9e8e7,1,0,15705,320,50,1722,0,35,100084,79
10140137178498985581,0,14102100,1005,0,d7714196,452bed30,3e814130,ecad2386,7801e8d9,07d7df22,a99f214a,3b3d7ffb,81892725,1,0,17239,320,50,1973,3,39,100119,23
10143417277678185860,0,14102100,1005,0,1fbe01fe,f3845767,28905ebd,ecad2386,7801e8d9,07d7df22,a99f214a,90565fb6,36d749e5,1,0,15703,320,50,1722,0,35,-1,79
10142766708196242341,0,14102100,1005,0,030440fe,08ba7db9,76b2941d,ecad2386,7801e8d9,07d7df22,a99f214a,5bc91a87,613a3016,1,0,20596,320,50,2161,0,35,-1,157
10283564947704852222,1,14102100,1005,1,d9750ee7,98572c79,f028772b,ecad2386,7801e8d9,07d7df22,a99f214a,52026873,0153a639,1,0,17753,320,50,1993,2,1063,100084,33
10285696194934610770,1,14102100,1005,0,1fbe01fe,f3845767,28905ebd,ecad2386,7801e8d9,07d7df22,a99f214a,d084eed4,36d749e5,1,0,15701,320,50,1722,0,35,-1,79
10284680779583343034,1,14102100,1005,0,85f751fd,c4e18dd6,50e219e0,9c13b419,2347f47a,f95efa07,a99f214a,8dfe94ee,a5bce124,1,0,18095,320,50,2060,3,39,100050,23
10288242608159739896,1,14102100,1005,0,1fbe01fe,f3845767,28905ebd,ecad2386,7801e8d9,07d7df22,a99f214a,ceffea69,7eef184d,1,0,15705,320,50,1722,0,35,-1,79
10285796716761637762,1,14102100,1005,0,5b08c53b,7687a86e,3e814130,ecad2386,7801e8d9,07d7df22,a99f214a,c2f0aa49,d787e91b,1,0,17653,300,250,1994,2,39,100084,33
10286910720560648393,1,14102100,1005,1,5b4d2eda,16a36ef3,f028772b,ecad2386,7801e8d9,07d7df22,a99f214a,dc91c5b1,9b7ee94c,1,0,19771,320,50,2227,0,687,-1,48
10282244753669891487,1,14102100,1005,0,1fbe01fe,f3845767,28905ebd,ecad2386,7801e8d9,07d7df22,a99f214a,cb7a5e25,d25693ce,1,0,15708,320,50,1722,0,35,-1,79
10283081353937235902,0,14102100,1005,1,e151e245,7e091613,f028772b,ecad2386,7801e8d9,07d7df22,a99f214a,32da6ce1,5096d134,1,0,20366,320,50,2333,0,39,-1,157
10286262651832627320,0,14102100,1005,0,85f751fd,c4e18dd6,50e219e0,53de0284,d9b5648e,0f2161f8,a99f214a,ce7cc23e,9b5ce758,1,0,21611,320,50,2480,3,297,100111,61
10283836843879714560,0,14102100,1005,0,1fbe01fe,f3845767,28905ebd,ecad2386,7801e8d9,07d7df22,a99f214a,805f352e,c6263d8a,1,0,15702,320,50,1722,0,35,100083,79
10283729133590872579,0,14102100,1005,0,1fbe01fe,f3845767,28905ebd,ecad2386,7801e8d9,07d7df22,a99f214a,677fec91,4ea23a13,1,0,15707,320,50,1722,0,35,-1,79
10431636556065617418,1,14102100,1005,0,1fbe01fe,f3845767,28905ebd,ecad2386,7801e8d9,07d7df22,a99f214a,5f702994,eb1b1065,1,0,15708,320,50,1722,0,35,100084,79
10427716260558283706,1,14102100,1005,0,1fbe01fe,f3845767,28905ebd,ecad2386,7801e8d9,07d7df22,a99f214a,25d485d8,81b42528,1,0,15699,320,50,1722,0,35,-1,79
10427683303765462904,1,14102100,1005,0,1fbe01fe,f3845767,28905ebd,ecad2386,7801e8d9,07d7df22,a99f214a,ec853194,36d749e5,1,0,15703,320,50,1722,0,35,-1,79
10430688361280590026,1,14102100,1005,0,543a539e,c7ca3108,3e814130,ecad2386,7801e8d9,07d7df22,a99f214a,f08ee487,d787e91b,1,0,20352,320,50,2333,0,39,-1,157
10430804432623176511,1,14102100,1002,0,763a42b5,4c26e9ba,50e219e0,ecad2386,7801e8d9,07d7df22,9c825afa,bf4bc264,72dab84d,0,0,19665,320,50,2253,2,303,-1,52
1043220994879128355,1,14102100,1005,1,85f751fd,c4e18dd6,50e219e0,d644e4e7,2347f47a,0f2161f8,a99f214a,3e7d37fa,16954458,1,0,6616,320,50,576,2,35,-1,32
10432891468574538382,1,14102100,1005,0,93eaba74,7687a86e,3e814130,ecad2386,7801e8d9,07d7df22,a99f214a,e973c824,68b900d9,1,0,19016,300,250,2162,2,39,100002,33
10427668659125895049,1,14102100,1005,0,1fbe01fe,f3845767,28905ebd,ecad2386,7801e8d9,07d7df22,a99f214a,6fdf1afa,44801bc1,1,0,15703,320,50,1722,0,35,-1,79
10433376712653279271,1,14102100,1005,0,1fbe01fe,f3845767,28905ebd,ecad2386,7801e8d9,07d7df22,a99f214a,e5607664,8a4875bd,1,0,15699,320,50,1722,0,35,-1,79
10430124430502965446,0,14102100,1005,0,1fbe01fe,f3845767,28905ebd,ecad2386,7801e8d9,07d7df22,a99f214a,ccf4d93a,36c6b1de,1,0,15707,320,50,1722,0,35,100084,79
10428699188697611854,0,14102100,1005,0,85f751fd,c4e18dd6,50e219e0,39947756,2347f47a,cef3e649,dc4aa6fc,856a967a,34d5fa08,1,2,20596,320,50,2161,0,35,-1,157
1042757161105755601,0,14102100,1005,0,030440fe,08ba7db9,76b2941d,ecad2386,7801e8d9,07d7df22,a99f214a,b59bac6e,25fbd8f1,1,0,18993,320,50,2161,0,35,-1,157
10430569580751941409,0,14102100,1005,0,543a539e,c7ca3108,3e814130,ecad2386,7801e8d9,07d7df22,a99f214a,5ba2d21a,3421dfe4,1,0,20366,320,50,2333,0,39,-1,157
10429321043766994472,0,14102100,1005,1,5ee41ff2,17d996e6,f028772b,ecad2386,7801e8d9,07d7df22,a99f214a,bdbd9ef1,8a4875bd,1,0,16920,320,50,1899,0,431,100081,117
1042699082126880392,0,14102100,1005,0,543a539e,c7ca3108,3e814130,ecad2386,7801e8d9,07d7df22,a99f214a,54c664bf,d787e91b,1,0,20366,320,50,2333,0,39,-1,157
10426463992766292884,0,14102100,1005,0,1fbe01fe,f3845767,28905ebd,ecad2386,7801e8d9,07d7df22,a99f214a,040affcb,a4528ded,1,0,15707,320,50,1722,0,35,-1,79
10431742387110569260,0,14102100,1005,1,43d6df75,27e3c518,28905ebd,ecad2386,7801e8d9,07d7df22,a99f214a,af526f08,4ea23a13,1,0,15708,320,50,1722,0,35,-1,79
10567507189093476712,1,14102100,1005,0,85f751fd,c4e18dd6,50e219e0,0acbeaa3,45a51db4,f95efa07,a99f214a,efbf7eef,a1421f9a,1,0,18993,320,50,2161,0,35,-1,157
10568798215275440489,1,14102100,1005,0,1fbe01fe,f3845767,28905ebd,ecad2386,7801e8d9,07d7df22,a99f214a,c7d28e0e,5096d134,1,0,15703,320,50,1722,0,35,-1,79
10565254377950100445,1,14102100,1005,1,e151e245,7e091613,f028772b,ecad2386,7801e8d9,07d7df22,a99f214a,876e6601,5d7f83d0,1,0,17037,320,50,1934,2,39,-1,16
10566776058243979151,1,14102100,1005,0,1fbe01fe,f3845767,28905ebd,ecad2386,7801e8d9,07d7df22,a99f214a,d14bac23,158e4944,1,0,15702,320,50,1722,0,35,100084,79
10566841709472198107,1,14102100,1005,0,1fbe01fe,f3845767,28905ebd,ecad2386,7801e8d9,07d7df22,a99f214a,1a0abc71,b50d2bf4,1,0,15701,320,50,1722,0,35,-1,79
10565060461691436766,1,14102100,1005,0,85f751fd,c4e18dd6,50e219e0,53905a34,7801e8d9,0f2161f8,a99f214a,109394e3,f4fffcd0,1,0,20980,320,50,2371,0,551,100217,46
10564724934585223430,1,14102100,1005,0,1fbe01fe,f3845767,28905ebd,ecad2386,7801e8d9,07d7df22,a99f214a,a530b440,1f0bc64f,1,0,6616,320,50,576,2,35,-1,32
10565763667434999259,1,14102100,1005,0,baeece52,fed83882,c0dd3be3,ecad2386,7801e8d9,07d7df22,a99f214a,bec0ee85,fce66524,1,0,20596,320,50,2161,0,35,-1,157
10568366205973890515,1,14102100,1005,1,d9750ee7,98572c79,f028772b,ecad2386,7801e8d9,07d7df22,a99f214a,372c8632,108af550,1,0,17753,320,50,1993,2,1063,-1,33
10565486935730695730,0,14102100,1005,0,26fa1946,e2a5dc06,3e814130,ecad2386,7801e8d9,07d7df22,a99f214a,db65c36c,cdf6ea96,1,0,20366,320,50,2333,0,39,-1,157
10564642146305406605,0,14102100,1005,0,543a539e,c7ca3108,3e814130,ecad2386,7801e8d9,07d7df22,a99f214a,470f78e3,24f6b932,1,0,20352,320,50,2333,0,39,-1,157
10569197890791135614,0,14102100,1005,0,1fbe01fe,f3845767,28905ebd,ecad2386,7801e8d9,07d7df22,a99f214a,2cf7d16e,779d90c2,1,0,15705,320,50,1722,0,35,100083,79
10565560164883398775,0,14102100,1005,1,e151e245,7e091613,f028772b,ecad2386,7801e8d9,07d7df22,a99f214a,5b1f94b9,c9a7ccb1,1,0,17037,320,50,1934,2,39,-1,16
10568819862923657914,0,14102100,1005,0,518d6168,92c9e92d,f028772b,ecad2386,7801e8d9,07d7df22,a99f214a,ab8b7663,dab823eb,1,0,18993,320,50,2161,0,35,-1,157
10569013152112121685,0,14102100,1010,1,85f751fd,c4e18dd6,50e219e0,44ee0091,7801e8d9,0f2161f8,6e9092c6,80ebb1c7,41c87f95,4,3,21665,320,50,2493,3,35,-1,117
10564684548739119952,0,14102100,1005,0,1fbe01fe,f3845767,28905ebd,ecad2386,7801e8d9,07d7df22,a99f214a,9f5c6eab,c6263d8a,1,0,15701,320,50,1722,0,35,-1,79
10564736399862452433,0,14102100,1005,0,543a539e,c7ca3108,3e814130,ecad2386,7801e8d9,07d7df22,a99f214a,3ab218d5,d787e91b,1,0,20362,320,50,2333,0,39,-1,157
10703979680224038760,1,14102100,1005,0,5b08c53b,7687a86e,3e814130,ecad2386,7801e8d9,07d7df22,a99f214a,6b9769f2,c6263d8a,1,0,17654,300,250,1994,2,39,-1,33
10705091816474298248,1,14102100,1005,0,1fbe01fe,f3845767,28905ebd,ecad2386,7801e8d9,07d7df22,a99f214a,ca9dd0af,04f5b394,1,0,15707,320,50,1722,0,35,-1,79
10707368145661655542,1,14102100,1002,0,85f751fd,c4e18dd6,50e219e0,c73fb408,7801e8d9,07d7df22,90307fa6,518b5eed,08ac11ab,0,0,20077,300,50,2292,0,559,100105,70
1070199585069645951,1,14102100,1005,1,d9750ee7,98572c79,f028772b,ecad2386,7801e8d9,07d7df22,a99f214a,c5877790,84ebbcd4,1,0,17753,320,50,1993,2,1063,-1,33
10704583539574649263,1,14102100,1005,0,85f751fd,c4e18dd6,50e219e0,e2fcccd2,5c5a694b,0f2161f8,a99f214a,fc4416f0,a8d2c4cf,1,0,20633,320,50,2374,3,39,-1,23
10704304656145826192,1,14102100,1005,0,f84e52b6,d7e2f29b,28905ebd,ecad2386,7801e8d9,07d7df22,a99f214a,f0cfde65,17c39b97,1,0,20015,300,250,2284,3,39,-1,23
10704455000302229334,1,14102100,1005,0,8f51bf3a,9f448720,f028772b,ecad2386,7801e8d9,07d7df22,a99f214a,b68a7af8,6f21a189,1,0,20362,320,50,2333,0,39,100050,157
1070633158472092302,1,14102100,1005,0,1fbe01fe,f3845767,28905ebd,ecad2386,7801e8d9,07d7df22,a99f214a,e0c28662,4ceb2e0b,1,0,15703,320,50,1722,0,35,100084,79
10701012462054977350,1,14102100,1005,0,1fbe01fe,f3845767,28905ebd,ecad2386,7801e8d9,07d7df22,a99f214a,67a52215,711ee120,1,0,15702,320,50,1722,0,35,-1,79
10705661979956856649,0,14102100,1005,0,85f751fd,c4e18dd6,50e219e0,1c9ce06b,2347f47a,4ce2e9fc,02b99e77,b256e282,2891f384,1,3,18993,320,50,2161,0,35,-1,157
10705764655318299095,0,14102100,1005,0,85f751fd,c4e18dd6,50e219e0,7517bc36,813f3323,8ded1f7a,a99f214a,10055024,2692a96a,1,0,21611,320,50,2480,3,297,100111,61
10706303041524158354,0,14102100,1005,0,1fbe01fe,f3845767,28905ebd,ecad2386,7801e8d9,07d7df22,a99f214a,66b09357,8a4875bd,1,0,15701,320,50,1722,0,35,-1,79
10701587568149511875,0,14102100,1005,0,85f751fd,c4e18dd6,50e219e0,abc0672e,d9b5648e,8ded1f7a,a99f214a,96532d5f,72a00661,1,0,21234,320,50,2434,3,163,100088,61
10701880931476617487,0,14102100,1005,1,43d6df75,27e3c518,28905ebd,ecad2386,7801e8d9,07d7df22,a99f214a,431b3174,5096d134,1,0,15702,320,50,1722,0,35,-1,79
10702257261449298668,0,14102100,1005,0,f0a617e4,fdfb56e9,f028772b,ecad2386,7801e8d9,07d7df22,a99f214a,e379a24d,1617d758,1,0,20969,320,50,2372,0,813,-1,46
10700506032023326673,0,14102100,1005,0,1fbe01fe,f3845767,28905ebd,ecad2386,7801e8d9,07d7df22,a99f214a,4ef2c934,5096d134,1,0,15702,320,50,1722,0,35,100084,79
1083517175933511598,1,14102100,1005,0,1fbe01fe,f3845767,28905ebd,ecad2386,7801e8d9,07d7df22,a99f214a,9b1fe278,ecb851b2,1,0,15707,320,50,1722,0,35,-1,79
10836886401581764406,1,14102100,1005,0,1fbe01fe,f3845767,28905ebd,ecad2386,7801e8d9,07d7df22,a99f214a,2e93a860,8a4875bd,1,0,15705,320,50,1722,0,35,100083,79
10839100481056201454,1,14102100,1005,0,1fbe01fe,f3845767,28905ebd,ecad2386,7801e8d9,07d7df22,a99f214a,6cb4b113,1f0bc64f,1,0,15702,320,50,1722,0,35,100083,79
10838888501465088387,1,14102100,1005,0,5b08c53b,7687a86e,3e814130,ecad2386,7801e8d9,07d7df22,a99f214a,bf5614a3,945dd5c4,1,0,19015,300,250,2162,2,39,-1,33
10840162381739556869,1,14102100,1005,0,85f751fd,c4e18dd6,50e219e0,be7c618d,2347f47a,f95efa07,59bcd1ae,eecb90ad,dc70b0f9,1,2,12000,320,50,1248,2,39,100128,13
10840766389425075780,0,14102100,1005,0,1fbe01fe,f3845767,28905ebd,ecad2386,7801e8d9,07d7df22,a99f214a,f7c22314,a0f5f879,1,0,15702,320,50,1722,0,35,-1,79
10834176871214339412,0,14102100,1010,1,85f751fd,c4e18dd6,50e219e0,ffc6ffd0,7801e8d9,0f2161f8,e40ec8ef,7834c56a,f07e20f8,4,0,21665,320,50,2493,3,35,100233,117
10834473020372737315,0,14102100,1005,0,1fbe01fe,f3845767,28905ebd,ecad2386,7801e8d9,07d7df22,a99f214a,0795aa6d,5096d134,1,0,15702,320,50,1722,0,35,-1,79
10839071390545272314,0,14102100,1005,0,9a977531,a434fa42,f028772b,ecad2386,7801e8d9,07d7df22,a99f214a,af42db6c,ce576f14,1,0,19772,320,50,2227,0,687,-1,48
10840979302795386193,0,14102100,1005,0,030440fe,08ba7db9,76b2941d,ecad2386,7801e8d9,07d7df22,a99f214a,19034b30,5270909d,1,0,20596,320,50,2161,0,35,-1,157
10837091416473121953,0,14102100,1005,0,543a539e,c7ca3108,3e814130,ecad2386,7801e8d9,07d7df22,a99f214a,a05fdac3,3223bcfe,1,0,20362,320,50,2333,0,39,-1,157
10835426295513580546,0,14102100,1005,0,1fbe01fe,f3845767,28905ebd,ecad2386,7801e8d9,07d7df22,a99f214a,677fec91,36d749e5,1,0,15702,320,50,1722,0,35,-1,79
10973557998666169413,1,14102100,1005,0,1fbe01fe,f3845767,28905ebd,ecad2386,7801e8d9,07d7df22,a99f214a,3dd4fff8,a0f5f879,1,0,15699,320,50,1722,0,35,100084,79
10979968191194840712,1,14102100,1005,0,1fbe01fe,f3845767,28905ebd,ecad2386,7801e8d9,07d7df22,a99f214a,910ce32b,553f099b,1,0,15707,320,50,1722,0,35,-1,79
10977039898852607419,1,14102100,1005,0,1fbe01fe,f3845767,28905ebd,ecad2386,7801e8d9,07d7df22,a99f214a,9b1fe278,8a4875bd,1,0,15701,320,50,1722,0,35,-1,79
10979198112230350316,1,14102100,1005,1,d9750ee7,98572c79,f028772b,ecad2386,7801e8d9,07d7df22,a99f214a,473616bb,4ceb2e0b,1,0,17914,320,50,2043,2,39,100084,32
1097717723059055603,0,14102100,1005,1,930c2840,9d3b56b1,3e814130,ecad2386,7801e8d9,07d7df22,a99f214a,fb9b1926,900981af,1,2,20596,320,50,2161,0,35,-1,157
10975689073552863510,0,14102100,1005,0,1fbe01fe,f3845767,28905ebd,ecad2386,7801e8d9,07d7df22,a99f214a,9b1fe278,ecb851b2,1,0,15707,320,50,1722,0,35,-1,79
10973430577966891331,0,14102100,1005,0,543a539e,c7ca3108,3e814130,ecad2386,7801e8d9,07d7df22,a99f214a,69c03091,dab059c4,1,0,20362,320,50,2333,0,39,-1,157
10979087921647649236,0,14102100,1005,1,5ee41ff2,17d996e6,f028772b,ecad2386,7801e8d9,07d7df22,a99f214a,10656342,76dc4769,1,0,16920,320,50,1899,0,431,100077,117
10977971653575035377,0,14102100,1005,0,543a539e,c7ca3108,3e814130,ecad2386,7801e8d9,07d7df22,a99f214a,ac2e0d7c,3223bcfe,1,0,20352,320,50,2333,0,39,-1,157
10978185320465844116,0,14102100,1002,0,d1a51189,93ab6716,50e219e0,ecad2386,7801e8d9,07d7df22,9a770061,ed644766,373ecbe6,0,0,19665,320,50,2253,2,303,-1,52
10974902449120775482,0,14102100,1005,0,1fbe01fe,f3845767,28905ebd,ecad2386,7801e8d9,07d7df22,a99f214a,d65dba11,5096d134,1,0,15699,320,50,1722,0,35,100084,79
10977434429147033684,0,14102100,1010,1,85f751fd,c4e18dd6,50e219e0,ffc6ffd0,7801e8d9,0f2161f8,a167aa83,af0dd4ba,158e4944,4,0,21665,320,50,2493,3,35,100050,117
11129407382337946457,1,14102100,1005,0,85f751fd,c4e18dd6,50e219e0,a0a45985,885c7f3f,0f2161f8,a99f214a,bd91bffb,779d90c2,1,0,20122,320,50,2303,2,39,-1,23
1112925631981395940,1,14102100,1005,1,d9750ee7,98572c79,f028772b,ecad2386,7801e8d9,07d7df22,a99f214a,8ac8c2ae,fbec56bc,1,0,17753,320,50,1993,2,1063,100084,33
11124487892734058739,1,14102100,1005,0,85f751fd,c4e18dd6,50e219e0,af163a84,2347f47a,0f2161f8,7e2223fd,fd5f27be,8f6dfa09,1,3,18925,320,50,1926,2,39,100248,13
11126131034956471084,1,14102100,1005,0,83a0ad1a,5c9ae867,f028772b,ecad2386,7801e8d9,07d7df22,a99f214a,f17268a6,575d0d2a,1,0,18946,320,50,2153,3,427,100063,61
11126259210213875070,1,14102100,1005,0,1fbe01fe,f3845767,28905ebd,ecad2386,7801e8d9,07d7df22,a99f214a,dab05cb1,aaffed8f,1,0,15707,320,50,1722,0,35,100083,79
11129070352513240683,1,14102100,1005,0,85f751fd,c4e18dd6,50e219e0,51cedd4e,aefc06bd,0f2161f8,a99f214a,bbe53381,542422a7,1,0,19743,320,50,2264,3,427,100000,61
11125481740231360614,0,14102100,1005,1,e151e245,7e091613,f028772b,ecad2386,7801e8d9,07d7df22,a99f214a,2db4314d,d4897fef,1,0,4687,320,50,423,2,39,100148,32
11124260829221941528,0,14102100,1005,0,543a539e,c7ca3108,3e814130,ecad2386,7801e8d9,07d7df22,a99f214a,2c763327,906ac007,1,0,20352,320,50,2333,0,39,-1,157
11127609288108196014,0,14102100,1005,0,1fbe01fe,f3845767,28905ebd,ecad2386,7801e8d9,07d7df22,a99f214a,66ee8267,8a4875bd,1,0,15701,320,50,1722,0,35,-1,79
11127628455289125710,0,14102100,1005,0,1fbe01fe,f3845767,28905ebd,ecad2386,7801e8d9,07d7df22,a99f214a,cf0cb588,1ccc7835,1,0,15706,320,50,1722,0,35,-1,79
11128915625231923733,0,14102100,1005,0,d5d760f7,cf35f82f,f028772b,ecad2386,7801e8d9,07d7df22,a99f214a,c3ba4a79,38a73904,1,0,9438,320,50,898,3,427,100003,61
11125774541606551247,0,14102100,1005,1,d9750ee7,98572c79,f028772b,ecad2386,7801e8d9,07d7df22,a99f214a,fec9a8a7,05e70df4,1,0,17614,320,50,1993,2,1063,-1,33
11256863934408511300,1,14102100,1005,0,85f751fd,c4e18dd6,50e219e0,a97b17d0,aefc06bd,0f2161f8,a99f214a,ac23f3a3,70ae5797,1,0,1275,320,50,196,3,303,100075,15
11258055976695760925,1,14102100,1005,0,1fbe01fe,f3845767,28905ebd,ecad2386,7801e8d9,07d7df22,a99f214a,bca8f26d,ff065cf0,1,2,15707,320,50,1722,0,35,-1,79
11257451069653273456,1,14102100,1005,0,1fbe01fe,f3845767,28905ebd,ecad2386,7801e8d9,07d7df22,a99f214a,9a18f3e9,ecb851b2,1,0,15705,320,50,1722,0,35,100084,79
11257568425559981533,1,14102100,1005,0,d9750ee7,98572c79,f028772b,ecad2386,7801e8d9,07d7df22,a99f214a,32a83084,d25693ce,1,0,17914,320,50,2043,2,39,-1,32
1125747670060702908,1,14102100,1005,1,e151e245,7e091613,f028772b,ecad2386,7801e8d9,07d7df22,a99f214a,6ca7b050,526fa832,1,0,20362,320,50,2333,0,39,-1,157
11257870132277925326,1,14102100,1005,0,1fbe01fe,f3845767,28905ebd,ecad2386,7801e8d9,07d7df22,a99f214a,ee3ab23e,d25693ce,1,0,15701,320,50,1722,0,35,100084,79
11257377156192940308,1,14102100,1005,0,1fbe01fe,f3845767,28905ebd,ecad2386,7801e8d9,07d7df22,a99f214a,18496cf6,1f0bc64f,1,0,15703,320,50,1722,0,35,-1,79
11256541187472379612,1,14102100,1005,0,1fbe01fe,f3845767,28905ebd,ecad2386,7801e8d9,07d7df22,a99f214a,ee68bf72,4ea23a13,1,0,15699,320,50,1722,0,35,-1,79
11258816971745943288,0,14102100,1005,0,85f751fd,c4e18dd6,50e219e0,39947756,2347f47a,cef3e649,5b2b4d59,f48fdcad,fda40691,1,3,20596,320,50,2161,0,35,-1,157
11259380996788021386,0,14102100,1005,0,26fa1946,e2a5dc06,3e814130,ecad2386,7801e8d9,07d7df22,a99f214a,61de248f,b3f4c8ce,1,0,20366,320,50,2333,0,39,-1,157
11257156559033972531,0,14102100,1005,1,e151e245,7e091613,f028772b,ecad2386,7801e8d9,07d7df22,a99f214a,d9b9184c,8571106b,1,0,20355,216,36,2333,0,39,-1,157
11259943669751632273,0,14102100,1005,0,bb4524e7,d733bbc3,28905ebd,ecad2386,7801e8d9,07d7df22,a99f214a,12643574,8a4875bd,1,0,20633,320,50,2374,3,39,-1,23
11259754093407518024,0,14102100,1005,0,7294ea0f,863fa89d,3e814130,ecad2386,7801e8d9,07d7df22,a99f214a,8790d246,9b0f71c2,1,0,20366,320,50,2333,0,39,-1,157
11258286542891484171,0,14102100,1005,1,e7777bfa,9fb0b77c,3e814130,ecad2386,7801e8d9,07d7df22,a99f214a,e8fc2f9f,900981af,1,2,20596,320,50,2161,0,35,-1,157
11392038636261876419,1,14102100,1005,0,1fbe01fe,f3845767,28905ebd,ecad2386,7801e8d9,07d7df22,a99f214a,b8b6c870,5db079b5,1,2,15704,320,50,1722,0,35,100084,79
11392535342727258839,1,14102100,1005,1,5ee41ff2,17d996e6,f028772b,ecad2386,7801e8d9,07d7df22,a99f214a,a12e4a48,6ac9eb05,1,0,16920,320,50,1899,0,431,-1,117
11387626747323977355,1,14102100,1005,0,1fbe01fe,f3845767,28905ebd,ecad2386,7801e8d9,07d7df22,a99f214a,d6f0ba3a,8a4875bd,1,0,15707,320,50,1722,0,35,100084,79
11389660581352177151,1,14102100,1005,0,85f751fd,c4e18dd6,50e219e0,9c13b419,2347f47a,f95efa07,a99f214a,f7baf69e,d787e91b,1,0,20632,320,50,2374,3,39,-1,23
11389946427881998491,1,14102100,1005,0,3c1ff54d,73123598,28905ebd,ecad2386,7801e8d9,07d7df22,a99f214a,de5e0a35,d787e91b,1,0,17212,320,50,1887,3,39,100194,23
11388816996822635568,1,14102100,1005,0,5b08c53b,7687a86e,3e814130,ecad2386,7801e8d9,07d7df22,a99f214a,88433d07,c730b3c6,1,0,17653,300,250,1994,2,39,100084,33
11392920282870661381,1,14102100,1005,0,f9c69707,e16ceb4b,28905ebd,ecad2386,7801e8d9,07d7df22,a99f214a,04b4892d,0bc44f2a,1,0,19665,320,50,2253,2,303,-1,52
11388277844354775003,1,14102100,1005,0,1fbe01fe,f3845767,28905ebd,ecad2386,7801e8d9,07d7df22,a99f214a,77d410df,158e4944,1,0,15706,320,50,1722,0,35,100084,79
11391452327369856527,1,14102100,1005,0,1fbe01fe,f3845767,28905ebd,ecad2386,7801e8d9,07d7df22,a99f214a,76df963c,779d90c2,1,0,15699,320,50,1722,0,35,100083,79
11390685484792376124,0,14102100,1005,0,1fbe01fe,f3845767,28905ebd,ecad2386,7801e8d9,07d7df22,a99f214a,1e920c99,fbec56bc,1,0,15706,320,50,1722,0,35,100084,79
11386941199258696734,0,14102100,1005,0,85f751fd,c4e18dd6,50e219e0,9d1636a2,d9b5648e,4ce2e9fc,a99f214a,733581ec,f4fffcd0,1,0,21611,320,50,2480,3,297,100111,61
11389816118957094146,0,14102100,1005,0,d29f6d5b,24770050,f028772b,ecad2386,7801e8d9,07d7df22,a99f214a,564c7cfa,1f0bc64f,1,0,20352,320,50,2333,0,39,-1,157
11389703575761268109,0,14102100,1005,0,1fbe01fe,f3845767,28905ebd,ecad2386,7801e8d9,07d7df22,a99f214a,28cb601c,3d64834e,1,2,15703,320,50,1722,0,35,100084,79
11392020801679239106,0,14102100,1005,0,1fbe01fe,f3845767,28905ebd,ecad2386,7801e8d9,07d7df22,a99f214a,1d24c683,7eef184d,1,0,15699,320,50,1722,0,35,100084,79
11386250660854938098,0,14102100,1005,1,17caea14,0dde25ec,f028772b,ecad2386,7801e8d9,07d7df22,a99f214a,763c335b,1f0bc64f,1,0,17914,320,50,2043,2,39,100084,32
1139145538834056187,0,14102100,1005,0,1fbe01fe,f3845767,28905ebd,ecad2386,7801e8d9,07d7df22,a99f214a,c64f8ed3,2203a096,1,0,15707,320,50,1722,0,35,-1,79
11387996325976004500,0,14102100,1005,0,1fbe01fe,f3845767,28905ebd,ecad2386,7801e8d9,07d7df22,a99f214a,6feee258,779d90c2,1,0,15702,320,50,1722,0,35,-1,79
11525974705180763382,1,14102100,1005,1,d9750ee7,98572c79,f028772b,ecad2386,7801e8d9,07d7df22,a99f214a,717ed358,a5bce124,1,0,17753,320,50,1993,2,1063,-1,33
11520529073723249334,1,14102100,1005,1,93de26ae,7d05db75,335d28a8,ecad2386,7801e8d9,07d7df22,a99f214a,9a2b0b98,2573dd72,1,0,20251,320,50,2323,0,687,100081,48
11520376518100760339,1,14102100,1005,0,f9c69707,e16ceb4b,28905ebd,ecad2386,7801e8d9,07d7df22,a99f214a,9ab65c6b,c526f813,1,0,19665,320,50,2253,2,303,-1,52
11522459650707195500,1,14102100,1005,1,d9750ee7,98572c79,f028772b,ecad2386,7801e8d9,07d7df22,a99f214a,c6a549d6,84ebbcd4,1,0,17614,320,50,1993,2,1063,100084,33
11525573353900591150,1,14102100,1005,1,22d080df,6eb534a7,3e814130,ecad2386,7801e8d9,07d7df22,a99f214a,567b3c9d,900981af,1,2,20596,320,50,2161,0,35,100034,157
11522782690339784194,1,14102100,1005,0,1fbe01fe,f3845767,28905ebd,ecad2386,7801e8d9,07d7df22,a99f214a,70051795,5096d134,1,0,15701,320,50,1722,0,35,100084,79
11521094302223930724,1,14102100,1005,0,5b08c53b,7687a86e,3e814130,ecad2386,7801e8d9,07d7df22,a99f214a,c4c6b407,b04517f6,1,0,19016,300,250,2162,2,39,-1,33
11519258720592362184,1,14102100,1005,0,4bf5bbe2,6b560cc1,28905ebd,ecad2386,7801e8d9,07d7df22,a99f214a,fbbdede0,44c701de,1,0,19665,320,50,2253,2,303,-1,52
11523901558662550882,0,14102100,1005,0,85f751fd,c4e18dd6,50e219e0,39947756,2347f47a,cef3e649,78c2f7dc,29c9953a,d1bd46c0,1,2,21611,320,50,2480,3,297,100111,61
11526997689454582688,0,14102100,1005,0,85f751fd,c4e18dd6,50e219e0,febd1138,82e27996,0f2161f8,a99f214a,c9c7b443,99e427c9,1,0,20508,320,50,2351,3,163,100020,61
11524248053357072045,0,14102100,1005,0,1fbe01fe,f3845767,28905ebd,ecad2386,7801e8d9,07d7df22,a99f214a,036ff66a,0ebb2d8a,1,0,15699,320,50,1722,0,35,-1,79
11520162472436378003,0,14102100,1005,1,5114c672,3f2f3819,3e814130,ecad2386,7801e8d9,07d7df22,a99f214a,2b0643aa,505731e4,1,0,19772,320,50,2227,0,687,100081,48
11519737688735995869,0,14102100,1010,1,85f751fd,c4e18dd6,50e219e0,a607e6a7,7801e8d9,0f2161f8,fc51ca94,aa9a0db4,fa61e8fe,4,0,21665,320,50,2493,3,35,-1,117
11520940364685287835,0,14102100,1005,0,543a539e,c7ca3108,3e814130,ecad2386,7801e8d9,07d7df22,a99f214a,ca6ae17b,d787e91b,1,0,20362,320,50,2333,0,39,-1,157
11524494371500583076,0,14102100,1005,0,1fbe01fe,f3845767,28905ebd,ecad2386,7801e8d9,07d7df22,a99f214a,468ce0f5,8a4875bd,1,0,15704,320,50,1722,0,35,-1,79
11518765687165909001,0,14102100,1005,0,543a539e,c7ca3108,3e814130,ecad2386,7801e8d9,07d7df22,a99f214a,4db484cd,cdfde03b,1,0,20362,320,50,2333,0,39,-1,157
11663527228429157947,1,14102100,1005,0,1fbe01fe,f3845767,28905ebd,ecad2386,7801e8d9,07d7df22,a99f214a,ecec4841,76dc4769,1,0,15704,320,50,1722,0,35,100084,79
11663688238834609752,1,14102100,1005,1,43d6df75,27e3c518,28905ebd,ecad2386,7801e8d9,07d7df22,a99f214a,34ebb141,4ea23a13,1,0,15704,320,50,1722,0,35,-1,79
11658129508298507027,1,14102100,1005,0,85f751fd,c4e18dd6,50e219e0,98fed791,d9b5648e,0f2161f8,a99f214a,412d085f,aad45b01,1,0,20984,320,50,2371,0,551,100215,46
11658062523152635711,1,14102100,1002,0,87cb5f55,c4e18dd6,50e219e0,ecad2386,7801e8d9,07d7df22,fa4556a3,ec14d9af,911a3c09,0,0,6360,300,50,544,3,39,100077,23
11658643114672430627,1,14102100,1005,1,5ee41ff2,17d996e6,f028772b,ecad2386,7801e8d9,07d7df22,a99f214a,9c9d157c,8a4875bd,1,0,16920,320,50,1899,0,431,100081,117
11660017166252668832,1,14102100,1005,0,41477778,4b23d058,f028772b,ecad2386,7801e8d9,07d7df22,a99f214a,dfd246ab,d787e91b,1,0,20362,320,50,2333,0,39,-1,157
11659980988469605522,1,14102100,1005,1,43d6df75,27e3c518,28905ebd,ecad2386,7801e8d9,07d7df22,a99f214a,e554e1a8,8a4875bd,1,0,15707,320,50,1722,0,35,-1,79
11663649135160759637,1,14102100,1005,0,1fbe01fe,f3845767,28905ebd,ecad2386,7801e8d9,07d7df22,a99f214a,33a146c7,8a4875bd,1,0,15704,320,50,1722,0,35,-1,79
11660440922549756341,0,14102100,1005,0,030440fe,08ba7db9,76b2941d,ecad2386,7801e8d9,07d7df22,a99f214a,0bb3d9e7,1ccc7835,1,0,20596,320,50,2161,0,35,-1,157
11662787270986732504,0,14102100,1005,0,1fbe01fe,f3845767,28905ebd,ecad2386,7801e8d9,07d7df22,a99f214a,59ac940d,18d8fb90,1,0,15708,320,50,1722,0,35,-1,79
11658400251589929264,0,14102100,1007,0,85f751fd,c4e18dd6,50e219e0,21d5ad38,3feeed1e,a3c42688,f8a67753,da3acf34,598bacc9,1,2,20153,320,50,2307,3,163,100020,61
11663358288353230267,0,14102100,1005,0,85f751fd,c4e18dd6,50e219e0,d810ac64,2347f47a,cef3e649,d5bcffae,65663dba,3a2db95b,1,2,18993,320,50,2161,0,35,-1,157
11660137828847961075,0,14102100,1005,0,529a2583,10cfed0c,f028772b,ecad2386,7801e8d9,07d7df22,a99f214a,f57b25f0,36c59264,1,0,20352,320,50,2333,0,39,100079,157
11659474414449383282,0,14102100,1005,1,e151e245,7e091613,f028772b,ecad2386,7801e8d9,07d7df22,a99f214a,84e67bd8,8b1aa260,1,0,17747,320,50,1974,2,39,100021,33
11800875127658594895,1,14102100,1005,0,f9c69707,e16ceb4b,28905ebd,ecad2386,7801e8d9,07d7df22,a99f214a,44f237e6,08ef0af6,1,0,19666,300,250,2253,2,303,-1,52
1180217430071171649,1,14102100,1005,0,85f751fd,c4e18dd6,50e219e0,98fed791,d9b5648e,0f2161f8,a99f214a,a939fb96,aad45b01,1,0,20984,320,50,2371,0,551,100217,46
11802596403655552150,1,14102100,1005,0,1fbe01fe,f3845767,28905ebd,ecad2386,7801e8d9,07d7df22,a99f214a,b126619d,d25693ce,1,0,15705,320,50,1722,0,35,-1,79
1180222302517352445,1,14102100,1005,0,1fbe01fe,f3845767,28905ebd,ecad2386,7801e8d9,07d7df22,a99f214a,3fb6ef44,81b42528,1,0,15708,320,50,1722,0,35,100084,79
11801880592563226483,1,14102100,1005,0,1fbe01fe,f3845767,28905ebd,ecad2386,7801e8d9,07d7df22,a99f214a,caf1c6bc,3bd9e8e7,1,0,15705,320,50,1722,0,35,100084,79
11798620000520723070,1,14102100,1005,1,e151e245,7e091613,f028772b,ecad2386,7801e8d9,07d7df22,a99f214a,53b50906,16954458,1,0,17037,320,50,1934,2,39,-1,16
11804623328236911651,0,14102100,1005,0,23d99ea0,6bdbd889,f028772b,ecad2386,7801e8d9,07d7df22,a99f214a,87cef31d,d4897fef,1,0,16208,320,50,1800,3,167,-1,23
11802387825284231340,0,14102100,1002,0,84c7ba46,c4e18dd6,50e219e0,ecad2386,7801e8d9,07d7df22,89127aa9,ed08b061,cf19f7f7,0,0,21300,320,50,2446,3,171,100228,156
11798711636181369132,0,14102100,1005,0,f282ab5a,61eb5bc4,f028772b,ecad2386,7801e8d9,07d7df22,a99f214a,6b3f2fad,fdeb8df5,1,0,20596,320,50,2161,0,35,-1,157
1180165879082942909,0,14102100,1005,0,85f751fd,c4e18dd6,50e219e0,5adb10d9,2347f47a,cef3e649,35be56ea,ba75c940,1f0bc64f,1,2,20596,320,50,2161,0,35,-1,157
11803313540103416595,0,14102100,1005,0,1fbe01fe,f3845767,28905ebd,ecad2386,7801e8d9,07d7df22,a99f214a,0cdbffbe,fbcd30b5,1,0,15707,320,50,1722,0,35,-1,79
11803907775242042172,0,14102100,1005,0,85f751fd,c4e18dd6,50e219e0,febd1138,82e27996,0f2161f8,a99f214a,c7e4da5d,aad45b01,1,0,19743,320,50,2264,3,427,100000,61
11804818028760152433,0,14102100,1005,0,85f751fd,c4e18dd6,50e219e0,9c13b419,2347f47a,f95efa07,a99f214a,e9de73c1,1f0bc64f,1,0,20122,320,50,2303,2,39,-1,23
11798118259359475389,0,14102100,1010,1,85f751fd,c4e18dd6,50e219e0,b7f64446,7801e8d9,0f2161f8,602ed8b5,f05d3b6e,8d068240,4,2,20366,320,50,2333,0,39,-1,157
11940680828537355785,1,14102100,1005,0,1fbe01fe,f3845767,28905ebd,ecad2386,7801e8d9,07d7df22,a99f214a,9a23a4eb,779d90c2,1,0,15702,320,50,1722,0,35,-1,79
11937118533418408106,1,14102100,1005,0,85f751fd,c4e18dd6,50e219e0,e2fcccd2,5c5a694b,0f2161f8,e5d2743d,41e89ed0,be74e6fe,1,0,20633,320,50,2374,3,39,-1,23
11940481217841462590,1,14102100,1005,0,6c5b482c,7687a86e,3e814130,ecad2386,7801e8d9,07d7df22,a99f214a,b6acd65c,836d2439,1,0,20346,300,250,2331,2,39,-1,23
11939608984895650335,1,14102100,1005,0,1fbe01fe,f3845767,28905ebd,ecad2386,7801e8d9,07d7df22,a99f214a,4f69df57,1f0bc64f,1,0,15702,320,50,1722,0,35,100084,79
11937655911161524010,1,14102100,1002,0,85f751fd,c4e18dd6,50e219e0,78572dd4,7801e8d9,07d7df22,8cd09544,5d8a74d3,8a332ed1,0,0,21478,300,50,2471,2,167,100106,23
11938393809048890874,1,14102100,1005,1,17caea14,0dde25ec,f028772b,ecad2386,7801e8d9,07d7df22,a99f214a,d7a6829d,0bc44f2a,1,0,20969,320,50,2372,0,813,-1,46
11937399419042995318,1,14102100,1005,1,d9750ee7,98572c79,f028772b,ecad2386,7801e8d9,07d7df22,a99f214a,8581e29e,1ccc7835,1,0,17614,320,50,1993,2,1063,-1,33
11940639603081290886,1,14102100,1005,0,1fbe01fe,f3845767,28905ebd,ecad2386,7801e8d9,07d7df22,a99f214a,45a7e14b,8a4875bd,1,0,15701,320,50,1722,0,35,-1,79
11940335418249881097,1,14102100,1005,1,e151e245,7e091613,f028772b,ecad2386,7801e8d9,07d7df22,a99f214a,88f84b1f,8a4875bd,1,0,20362,320,50,2333,0,39,-1,157
11939871575694560561,1,14102100,1005,0,cd58172f,b9c4ab81,f028772b,ecad2386,7801e8d9,07d7df22,a99f214a,c575fd2b,ad0177e7,1,0,18993,320,50,2161,0,35,-1,157
11940045137273976871,1,14102100,1005,0,1fbe01fe,f3845767,28905ebd,ecad2386,7801e8d9,07d7df22,a99f214a,dea82906,9c7b6730,1,0,15701,320,50,1722,0,35,-1,79
11936398435956053260,0,14102100,1005,0,85f751fd,c4e18dd6,50e219e0,e2fcccd2,5c5a694b,0f2161f8,eac677f9,79124dbc,05e70df4,1,0,6559,320,50,571,2,39,-1,32
11937202995937930092,0,14102100,1005,1,b7e9786d,b12b9f85,f028772b,ecad2386,7801e8d9,07d7df22,a99f214a,0f691514,3e7932d7,1,0,19772,320,50,2227,0,687,-1,48
11938726302437770981,0,14102100,1005,0,85f751fd,c4e18dd6,50e219e0,e2fcccd2,5c5a694b,0f2161f8,fd2c0886,682d1f00,be6db1d7,1,0,6558,320,50,571,2,39,-1,32
11937193937447018327,0,14102100,1005,1,cffc1324,bc63ea42,335d28a8,ecad2386,7801e8d9,07d7df22,a99f214a,f36de93d,7da1c19e,1,0,20596,320,50,2161,0,35,100130,157
11938306424725169175,0,14102100,1010,1,85f751fd,c4e18dd6,50e219e0,ffc6ffd0,7801e8d9,0f2161f8,2a652e4f,f7853e5a,f07e20f8,4,0,21665,320,50,2493,3,35,-1,117
11938623477604674630,0,14102100,1005,0,1fbe01fe,f3845767,28905ebd,ecad2386,7801e8d9,07d7df22,a99f214a,5219300a,5db079b5,1,2,15706,320,50,1722,0,35,100083,79
11938646875473135061,0,14102100,1005,0,85f751fd,c4e18dd6,50e219e0,54c5d545,2347f47a,0f2161f8,7b735f7c,780e04ff,4af5f36a,1,0,21609,216,36,2480,3,297,100111,61
11939383380740900655,0,14102100,1005,1,e151e245,7e091613,f028772b,ecad2386,7801e8d9,07d7df22,a99f214a,9b1e0b17,bd3b302f,1,0,20362,320,50,2333,0,39,-1,157
11940597342184770829,0,14102100,1005,0,543a539e,c7ca3108,3e814130,ecad2386,7801e8d9,07d7df22,a99f214a,592dcc7c,d787e91b,1,0,20362,320,50,2333,0,39,-1,157
11939615493573403713,0,14102100,1005,0,41477778,4b23d058,f028772b,ecad2386,7801e8d9,07d7df22,a99f214a,cba8f3a5,8a4875bd,1,0,20352,320,50,2333,0,39,-1,157
11939236130930050840,0,14102100,1005,0,74fb2abe,7482f058,72722551,ecad2386,7801e8d9,07d7df22,a99f214a,1c6cefaf,5ec45883,1,0,19771,320,50,2227,0,687,100075,48
12079849696658874697,1,14102100,1005,0,5b08c53b,7687a86e,3e814130,ecad2386,7801e8d9,07d7df22,a99f214a,18d32715,711ee120,1,0,17654,300,250,1994,2,39,-1,33
12074896272736935064,1,14102100,1005,0,85f751fd,c4e18dd6,50e219e0,baf101ea,2347f47a,0f2161f8,a99f214a,addcb336,7abbbd5c,1,2,380,320,50,112,3,1319,-1,15
12076572874058600508,1,14102100,1005,1,cbb01868,7e091613,f028772b,ecad2386,7801e8d9,07d7df22,a99f214a,40df5f59,68b900d9,1,0,20355,216,36,2333,0,39,-1,157
12076414458577707247,1,14102100,1005,0,1fbe01fe,f3845767,28905ebd,ecad2386,7801e8d9,07d7df22,a99f214a,39675463,711ee120,1,0,15707,320,50,1722,0,35,-1,79
12077536454037493270,1,14102100,1005,0,6256f5b4,28f93029,f028772b,ecad2386,7801e8d9,07d7df22,a99f214a,d55ad5da,84ebbcd4,1,0,15707,320,50,1722,0,35,100084,79
12076945603682304074,1,14102100,1005,0,85f751fd,c4e18dd6,50e219e0,3e64aa6c,d9b5648e,0f2161f8,a99f214a,3aca26d0,f4fffcd0,1,0,20984,320,50,2371,0,551,-1,46
12074913262711731452,1,14102100,1005,0,1fbe01fe,f3845767,28905ebd,ecad2386,7801e8d9,07d7df22,a99f214a,43d94c10,8ce34352,1,0,15708,320,50,1722,0,35,100084,79
12077763291194942749,1,14102100,1005,0,1fbe01fe,f3845767,28905ebd,ecad2386,7801e8d9,07d7df22,a99f214a,431b3174,1f0bc64f,1,0,15704,320,50,1722,0,35,-1,79
12079091357384449948,1,14102100,1005,0,85f751fd,c4e18dd6,50e219e0,6fc85e22,7801e8d9,0f2161f8,192c6fc5,b86e020f,b383484e,1,2,18993,320,50,2161,0,35,-1,157
12073985493396168270,1,14102100,1005,0,1fbe01fe,f3845767,28905ebd,ecad2386,7801e8d9,07d7df22,a99f214a,f437e3cb,0eb711ec,1,0,15706,320,50,1722,0,35,-1,79
12077606105782260232,0,14102100,1005,0,1fbe01fe,f3845767,28905ebd,ecad2386,7801e8d9,07d7df22,a99f214a,ab9ce9ae,711ee120,1,0,15705,320,50,1722,0,35,100084,79
12074387534746788290,0,14102100,1005,1,85f751fd,c4e18dd6,50e219e0,1dc72b4d,2347f47a,0f2161f8,689e552e,df4adf87,8a4875bd,1,0,20011,300,50,2283,0,163,100076,95
12074665966351954683,0,14102100,1005,0,1fbe01fe,f3845767,28905ebd,ecad2386,7801e8d9,07d7df22,a99f214a,6df650f6,8a4875bd,1,0,15702,320,50,1722,0,35,-1,79
12078879650949405777,0,14102100,1005,0,1fbe01fe,f3845767,28905ebd,ecad2386,7801e8d9,07d7df22,a99f214a,ad36299c,8a4875bd,1,0,15707,320,50,1722,0,35,100084,79
12076720917786702963,0,14102100,1005,0,1fbe01fe,f3845767,28905ebd,ecad2386,7801e8d9,07d7df22,a99f214a,239709b9,ecb851b2,1,0,15703,320,50,1722,0,35,100084,79
1207864814937773659,0,14102100,1005,0,85f751fd,c4e18dd6,50e219e0,e2fcccd2,5c5a694b,0f2161f8,67087608,9b753e0c,7abbbd5c,1,0,20633,320,50,2374,3,39,100119,23
12079784575948538047,0,14102100,1005,0,543a539e,c7ca3108,3e814130,ecad2386,7801e8d9,07d7df22,a99f214a,48baca27,cdfde03b,1,0,20352,320,50,2333,0,39,-1,157
1222179472077781153,1,14102100,1005,0,543a539e,c7ca3108,3e814130,ecad2386,7801e8d9,07d7df22,a99f214a,2acd7a51,cdfde03b,1,0,20362,320,50,2333,0,39,-1,157
12223161574038987257,1,14102100,1005,0,4bf5bbe2,6b560cc1,28905ebd,ecad2386,7801e8d9,07d7df22,a99f214a,c66f6e61,b50d2bf4,1,0,16615,320,50,1863,3,39,-1,23
12223209607870857968,1,14102100,1005,0,1fbe01fe,f3845767,28905ebd,ecad2386,7801e8d9,07d7df22,a99f214a,6e79f9cf,36c6b1de,1,0,15701,320,50,1722,0,35,-1,79
12218948435142285651,1,14102100,1005,0,1fbe01fe,f3845767,28905ebd,ecad2386,7801e8d9,07d7df22,a99f214a,fde01da8,d787e91b,1,0,15699,320,50,1722,0,35,-1,79
12216197462700672940,1,14102100,1005,1,d9750ee7,98572c79,f028772b,ecad2386,7801e8d9,07d7df22,a99f214a,9b1fe278,36a30aeb,1,0,17614,320,50,1993,2,1063,-1,33
12222896694493431399,1,14102100,1005,0,1fbe01fe,f3845767,28905ebd,ecad2386,7801e8d9,07d7df22,a99f214a,6cdc3f04,36d749e5,1,0,15699,320,50,1722,0,35,-1,79
12222614675752208584,1,14102100,1005,1,d9750ee7,98572c79,f028772b,ecad2386,7801e8d9,07d7df22,a99f214a,693bff3e,a4528ded,1,0,15707,320,50,1722,0,35,-1,79
12219645327790780915,1,14102100,1005,0,f9c69707,e16ceb4b,28905ebd,ecad2386,7801e8d9,07d7df22,a99f214a,04f20b77,44c701de,1,0,19665,320,50,2253,2,303,-1,52
1222299484791736628,1,14102100,1005,0,47d1a0f2,cd37b321,3e814130,ecad2386,7801e8d9,07d7df22,a99f214a,9449d0b4,fa61e8fe,1,0,20352,320,50,2333,0,39,-1,157
12223212789145130712,0,14102100,1005,0,85f751fd,c4e18dd6,50e219e0,d810ac64,2347f47a,cef3e649,0d168554,ec9a7d9e,d6b5c09e,1,2,18993,320,50,2161,0,35,-1,157
12216594595418964013,0,14102100,1005,0,f282ab5a,61eb5bc4,f028772b,ecad2386,7801e8d9,07d7df22,a99f214a,7b50efae,1f0bc64f,1,0,18993,320,50,2161,0,35,-1,157
12218952727413999903,0,14102100,1005,0,85f751fd,c4e18dd6,50e219e0,5e3f096f,2347f47a,0f2161f8,a99f214a,b583d88d,659e09ef,1,0,21611,320,50,2480,3,297,100111,61
12218792207293292238,0,14102100,1005,0,1fbe01fe,f3845767,28905ebd,ecad2386,7801e8d9,07d7df22,a99f214a,8ddc7a71,f39b265e,1,0,15708,320,50,1722,0,35,-1,79
12219944334497323313,0,14102100,1005,0,1fbe01fe,f3845767,28905ebd,ecad2386,7801e8d9,07d7df22,a99f214a,57cd4006,a0f5f879,1,0,15703,320,50,1722,0,35,-1,79
12221923454551233913,0,14102100,1005,0,85f751fd,c4e18dd6,50e219e0,339f2281,d9b5648e,0f2161f8,a99f214a,41b4dca4,b4b19c97,1,0,20744,320,50,2394,0,175,100111,116
12218072963361481989,0,14102100,1005,1,72a56356,45368af7,3e814130,ecad2386,7801e8d9,07d7df22,a99f214a,7d2e50ec,900981af,1,2,20596,320,50,2161,0,35,100034,157
12361960530897353680,1,14102100,1005,0,2a68aa20,9b851bd8,3e814130,ecad2386,7801e8d9,07d7df22,a99f214a,b603d069,1ccc7835,1,0,20213,320,50,2316,0,167,100074,16
12364408734845801956,1,14102100,1005,0,1fbe01fe,f3845767,28905ebd,ecad2386,7801e8d9,07d7df22,a99f214a,54fb4fb6,e24c8b65,1,2,15699,320,50,1722,0,35,-1,79
12359736997037845479,1,14102100,1005,1,72a56356,45368af7,3e814130,ecad2386,7801e8d9,07d7df22,a99f214a,ae7c0b77,900981af,1,2,18993,320,50,2161,0,35,-1,157
12361030163774705680,1,14102100,1005,1,43d6df75,27e3c518,28905ebd,ecad2386,7801e8d9,07d7df22,a99f214a,a94fb3ed,5096d134,1,0,15701,320,50,1722,0,35,100084,79
12358238759519749168,1,14102100,1005,0,1a5c1d83,5dddf09e,f028772b,ecad2386,7801e8d9,07d7df22,a99f214a,3691c9e7,d787e91b,1,0,17239,320,50,1973,3,39,-1,23
12360554235541181387,1,14102100,1005,0,9d5dba0f,964a3bd1,f028772b,ecad2386,7801e8d9,07d7df22,a99f214a,0fa3a241,d7fe30a4,1,0,20560,320,50,2271,0,687,100076,48
12361562324168171559,1,14102100,1005,0,f9c69707,e16ceb4b,28905ebd,ecad2386,7801e8d9,07d7df22,a99f214a,71bf5fd9,444da729,1,0,19665,320,50,2253,2,303,-1,52
12361710153760649679,0,14102100,1005,0,030440fe,08ba7db9,76b2941d,ecad2386,7801e8d9,07d7df22,a99f214a,a08fc7c0,2d08e606,1,0,20596,320,50,2161,0,35,-1,157
12361250511994307703,0,14102100,1005,0,1fbe01fe,f3845767,28905ebd,ecad2386,7801e8d9,07d7df22,a99f214a,fec9a8a7,1f0bc64f,1,0,15706,320,50,1722,0,35,-1,79
12357277045368609629,0,14102100,1005,0,85f751fd,c4e18dd6,50e219e0,5e3f096f,2347f47a,0f2161f8,de45a529,50b66cde,3a07b300,1,0,21611,320,50,2480,3,297,100111,61
12361815206209844032,0,14102100,1005,0,baeece52,fed83882,c0dd3be3,ecad2386,7801e8d9,07d7df22,a99f214a,33c05836,1f0bc64f,1,0,20596,320,50,2161,0,35,100210,157
12364649552365598675,0,14102100,1005,0,1fbe01fe,f3845767,28905ebd,ecad2386,7801e8d9,07d7df22,a99f214a,7fa2bbf3,a5bce124,1,0,15706,320,50,1722,0,35,-1,79
12358013048423319007,0,14102100,1005,0,1fbe01fe,f3845767,28905ebd,ecad2386,7801e8d9,07d7df22,a99f214a,cd024a64,8ce34352,1,0,15701,320,50,1722,0,35,100084,79
12360579525250153977,0,14102100,1005,0,23d99ea0,6bdbd889,f028772b,ecad2386,7801e8d9,07d7df22,a99f214a,0640906d,86030d43,1,0,19772,320,50,2227,0,687,-1,48
12508025522112514140,1,14102100,1005,0,93eaba74,7687a86e,3e814130,ecad2386,7801e8d9,07d7df22,a99f214a,ee6df74a,8571106b,1,0,17654,300,250,1994,2,39,100083,33
12507782614147857458,1,14102100,1005,0,1fbe01fe,f3845767,28905ebd,ecad2386,7801e8d9,07d7df22,a99f214a,71c78775,365e64e3,1,0,15699,320,50,1722,0,35,100084,79
12508239305454077806,1,14102100,1005,0,85f751fd,c4e18dd6,50e219e0,c1d5c84d,2347f47a,0f2161f8,320223eb,bccde419,fa202956,1,2,12000,320,50,1248,2,39,-1,13
12502478207290961871,1,14102100,1005,0,85f751fd,c4e18dd6,50e219e0,0acbeaa3,45a51db4,f95efa07,a99f214a,6af674f1,7abbbd5c,1,0,20596,320,50,2161,0,35,-1,157
12508657543983482249,1,14102100,1005,0,d9750ee7,98572c79,f028772b,ecad2386,7801e8d9,07d7df22,a99f214a,8d2d66f1,4ceb2e0b,1,0,20596,320,50,2161,0,35,100148,157
12508656374948906168,1,14102100,1005,0,5b08c53b,7687a86e,3e814130,ecad2386,7801e8d9,07d7df22,a99f214a,80c3c7e2,c6263d8a,1,0,17653,300,250,1994,2,39,-1,33
12507581467284602238,1,14102100,1005,1,93de26ae,7d05db75,335d28a8,ecad2386,7801e8d9,07d7df22,a99f214a,7ec0f5c0,04cff874,1,0,19771,320,50,2227,0,687,-1,48
12507936735020432292,0,14102100,1002,0,a1d7a28f,ab1e779b,50e219e0,ecad2386,7801e8d9,07d7df22,52bf30dc,8354b1ff,23c526cf,0,0,21665,320,50,2493,3,35,-1,117
12502821117109395577,0,14102100,1005,0,85f751fd,c4e18dd6,50e219e0,6fc85e22,7801e8d9,0f2161f8,d4f23c79,89eb4dde,e47f989b,1,0,20596,320,50,2161,0,35,-1,157
12505546554530285922,0,14102100,1005,0,2328ee8e,7804dea6,f028772b,ecad2386,7801e8d9,07d7df22,a99f214a,58114ff9,84ebbcd4,1,0,15707,320,50,1722,0,35,100083,79
12504452313241153249,0,14102100,1005,0,543a539e,c7ca3108,3e814130,ecad2386,7801e8d9,07d7df22,a99f214a,99c72809,d787e91b,1,0,20352,320,50,2333,0,39,-1,157
12505082606991011709,0,14102100,1002,0,f4d14b43,b3e07718,50e219e0,ecad2386,7801e8d9,07d7df22,b966da7c,bf398103,766b28b3,0,0,19665,320,50,2253,2,303,-1,52
12502515953703022970,0,14102100,1005,0,85f751fd,c4e18dd6,50e219e0,39cfef32,d9b5648e,0f2161f8,a99f214a,2b576c0d,f4fffcd0,1,0,21611,320,50,2480,3,297,100111,61
12501572921563578762,0,14102100,1005,0,1fbe01fe,f3845767,28905ebd,ecad2386,7801e8d9,07d7df22,a99f214a,49b0f02b,8a4875bd,1,0,15702,320,50,1722,0,35,-1,79
12501094678352727634,0,14102100,1005,1,fe8cc448,9166c161,0569f928,ecad2386,7801e8d9,07d7df22,a99f214a,08b334b5,4ea23a13,1,0,18993,320,50,2161,0,35,-1,157
12504986194300141996,0,14102100,1005,0,17a1026e,7ac6dead,3e814130,ecad2386,7801e8d9,07d7df22,a99f214a,6c290763,05e70df4,1,0,20363,216,36,2333,0,39,-1,157
12645015972217239272,1,14102100,1005,0,85f751fd,c4e18dd6,50e219e0,e2fcccd2,5c5a694b,0f2161f8,a99f214a,727b2e06,84ebbcd4,1,0,4687,320,50,423,2,39,100148,32
12640315846694017744,1,14102100,1005,1,d9750ee7,98572c79,f028772b,ecad2386,7801e8d9,07d7df22,a99f214a,451ea9e0,9c7b6730,1,0,15707,320,50,1722,0,35,-1,79
12640349499092261530,1,14102100,1005,0,1fbe01fe,f3845767,28905ebd,ecad2386,7801e8d9,07d7df22,a99f214a,a1f4c38a,1f0bc64f,1,0,15707,320,50,1722,0,35,100084,79
12643997829486610350,1,14102100,1005,0,38217daf,449497bc,f028772b,ecad2386,7801e8d9,07d7df22,a99f214a,2b1e7f72,1f0bc64f,1,0,20345,300,250,2331,2,39,-1,23
1264409203725392469,1,14102100,1005,0,93eaba74,7687a86e,3e814130,ecad2386,7801e8d9,07d7df22,a99f214a,ab5c6bf4,158e4944,1,0,17653,300,250,1994,2,39,100084,33
12645960645244488848,0,14102100,1005,0,1fbe01fe,f3845767,28905ebd,ecad2386,7801e8d9,07d7df22,a99f214a,d3c7f33f,5096d134,1,0,15708,320,50,1722,0,35,-1,79
12645119629261082890,0,14102100,1005,1,5b4d2eda,16a36ef3,f028772b,ecad2386,7801e8d9,07d7df22,a99f214a,4140d6e2,4d392e74,1,0,19771,320,50,2227,0,687,100074,48
12642684557092731810,0,14102100,1005,0,1fbe01fe,f3845767,28905ebd,ecad2386,7801e8d9,07d7df22,a99f214a,271135b7,1f0bc64f,1,0,15708,320,50,1722,0,35,-1,79
12646516818890106883,0,14102100,1005,0,1fbe01fe,f3845767,28905ebd,ecad2386,7801e8d9,07d7df22,a99f214a,bf235232,edead9f4,1,0,15703,320,50,1722,0,35,-1,79
12642834558093407500,0,14102100,1005,1,d9750ee7,98572c79,f028772b,ecad2386,7801e8d9,07d7df22,a99f214a,9aaa6f78,05e70df4,1,0,17614,320,50,1993,2,1063,-1,33
1264797041638309199,0,14102100,1005,0,1fbe01fe,f3845767,28905ebd,ecad2386,7801e8d9,07d7df22,a99f214a,c969163a,8a4875bd,1,0,15704,320,50,1722,0,35,-1,79
12775428459270771964,1,14102100,1005,0,1fbe01fe,f3845767,28905ebd,ecad2386,7801e8d9,07d7df22,a99f214a,8a83c260,711ee120,1,0,15705,320,50,1722,0,35,100083,79
1277924418066765249,1,14102100,1005,0,1fbe01fe,f3845767,28905ebd,ecad2386,7801e8d9,07d7df22,a99f214a,ddf16c4c,16954458,1,0,15701,320,50,1722,0,35,100084,79
12777176042398591163,1,14102100,1005,0,1fbe01fe,f3845767,28905ebd,ecad2386,7801e8d9,07d7df22,a99f214a,620fc941,1aa0e912,1,0,15705,320,50,1722,0,35,-1,79
12777137840077095595,1,14102100,1005,0,1fbe01fe,f3845767,28905ebd,ecad2386,7801e8d9,07d7df22,a99f214a,ef8e6fcf,a0f5f879,1,0,15704,320,50,1722,0,35,-1,79
12777134570477566309,1,14102100,1005,1,e151e245,7e091613,f028772b,ecad2386,7801e8d9,07d7df22,a99f214a,a6e326bf,d787e91b,1,0,17262,320,50,1872,3,39,-1,23
12775287502537612358,1,14102100,1005,0,5b08c53b,7687a86e,3e814130,ecad2386,7801e8d9,07d7df22,a99f214a,25e38db3,277e7b8c,1,0,20093,300,250,2295,2,35,100076,23
12776268269996717612,0,14102100,1005,0,1fbe01fe,f3845767,28905ebd,ecad2386,7801e8d9,07d7df22,a99f214a,cecc1822,5096d134,1,0,15704,320,50,1722,0,35,100084,79
12776771486423130627,0,14102100,1005,0,85f751fd,c4e18dd6,50e219e0,5e3f096f,2347f47a,0f2161f8,a99f214a,568baeb1,09137ff4,1,0,21611,320,50,2480,3,297,100111,61
12777405256106895004,0,14102100,1005,0,85f751fd,c4e18dd6,50e219e0,54c5d545,2347f47a,0f2161f8,9af87478,5b4807c5,ecf10acf,1,0,21611,320,50,2480,3,297,100111,61
12776889188905481363,0,14102100,1005,0,1fbe01fe,f3845767,28905ebd,ecad2386,7801e8d9,07d7df22,a99f214a,346295ba,65c93b38,1,0,15707,320,50,1722,0,35,-1,79
12778832784263410231,0,14102100,1005,0,85f751fd,c4e18dd6,50e219e0,54c5d545,2347f47a,0f2161f8,86dd8e69,748fef2d,1f0bc64f,1,0,21611,320,50,2480,3,297,100111,61
12773315339789604127,0,14102100,1005,1,856e6d3f,58a89a43,f028772b,ecad2386,7801e8d9,07d7df22,a99f214a,db069919,04258293,1,0,19772,320,50,2227,0,687,100077,48
12916674453510012922,1,14102100,1005,0,1fbe01fe,f3845767,28905ebd,ecad2386,7801e8d9,07d7df22,a99f214a,b5cf0e29,897aafd7,1,0,15705,320,50,1722,0,35,100084,79
12918323205788859702,1,14102100,1005,1,e151e245,7e091613,f028772b,ecad2386,7801e8d9,07d7df22,a99f214a,a1feb9ab,81892725,1,0,17037,320,50,1934,2,39,100119,16
12916576406432963368,1,14102100,1005,0,1fbe01fe,f3845767,28905ebd,ecad2386,7801e8d9,07d7df22,a99f214a,bca8f26d,d17a0181,1,0,15702,320,50,1722,0,35,-1,79
12913589645130054845,1,14102100,1005,0,5b08c53b,7687a86e,3e814130,ecad2386,7801e8d9,07d7df22,a99f214a,88b55d9c,f37872ce,1,0,20093,300,250,2295,2,35,100081,23
12912684627757456337,1,14102100,1005,1,d9750ee7,98572c79,f028772b,ecad2386,7801e8d9,07d7df22,a99f214a,96462a59,3bd9e8e7,1,0,17753,320,50,1993,2,1063,-1,33
12917031024073940201,1,14102100,1005,0,1fbe01fe,f3845767,28905ebd,ecad2386,7801e8d9,07d7df22,a99f214a,a8536f3a,1f0bc64f,1,0,15708,320,50,1722,0,35,-1,79
12915503487400903392,1,14102100,1005,0,1fbe01fe,f3845767,28905ebd,ecad2386,7801e8d9,07d7df22,a99f214a,f5210de4,56f254f5,1,0,15704,320,50,1722,0,35,-1,79
12917805195689985034,1,14102100,1005,0,1fbe01fe,f3845767,28905ebd,ecad2386,7801e8d9,07d7df22,a99f214a,7592afe7,1f0bc64f,1,0,15707,320,50,1722,0,35,100084,79
12917337104036529492,1,14102100,1005,0,1fbe01fe,f3845767,28905ebd,ecad2386,7801e8d9,07d7df22,a99f214a,971c25a3,8a4875bd,1,0,15699,320,50,1722,0,35,-1,79
12917554936651518180,0,14102100,1002,0,887a4754,e3d9ca35,50e219e0,ecad2386,7801e8d9,07d7df22,cc6c83a9,b4028241,a12e847c,0,0,15544,320,50,1698,3,35,-1,111
12914486476787745147,0,14102100,1005,0,1fbe01fe,f3845767,28905ebd,ecad2386,7801e8d9,07d7df22,a99f214a,9b1fe278,d787e91b,1,0,15701,320,50,1722,0,35,-1,79
12911866934588641275,0,14102100,1005,0,85f751fd,c4e18dd6,50e219e0,e2fcccd2,5c5a694b,0f2161f8,a99f214a,cfeffb1f,8571106b,1,0,4687,320,50,423,2,39,100148,32
12912883476603929918,0,14102100,1005,0,1fbe01fe,f3845767,28905ebd,ecad2386,7801e8d9,07d7df22,a99f214a,ba455753,1f0bc64f,1,0,15706,320,50,1722,0,35,-1,79
12918054101761014678,0,14102100,1005,0,1b171d6d,272c5d9d,f028772b,ecad2386,7801e8d9,07d7df22,a99f214a,350c0b1b,49bc419a,1,0,19951,320,50,1528,3,39,-1,23
12916385439836094985,0,14102100,1005,0,85f751fd,c4e18dd6,50e219e0,febd1138,82e27996,0f2161f8,a99f214a,0f253e5d,b4b19c97,1,0,21611,320,50,2480,3,297,100111,61
12917872123166638625,0,14102100,1005,0,1fbe01fe,f3845767,28905ebd,ecad2386,7801e8d9,07d7df22,a99f214a,2fce9ed5,8a4875bd,1,0,15701,320,50,1722,0,35,-1,79
12912573068105034927,0,14102100,1005,0,543a539e,c7ca3108,3e814130,ecad2386,7801e8d9,07d7df22,a99f214a,f1de2479,d787e91b,1,0,20362,320,50,2333,0,39,-1,157
12918983488276064823,0,14102100,1005,0,1fbe01fe,f3845767,28905ebd,ecad2386,7801e8d9,07d7df22,a99f214a,1bbbed29,a0f5f879,1,0,15703,320,50,1722,0,35,100083,79
12916230514938647366,0,14102100,1002,0,b15e894b,c4e18dd6,50e219e0,ecad2386,7801e8d9,07d7df22,67b7cc52,ee9d433b,0e88538f,0,0,21665,320,50,2493,3,35,-1,117
12912164457383790888,0,14102100,1005,0,1fbe01fe,f3845767,28905ebd,ecad2386,7801e8d9,07d7df22,a99f214a,9f09bc7c,c5cc73c1,1,0,15704,320,50,1722,0,35,100084,79
13059701954842759395,1,14102100,1005,0,85f751fd,c4e18dd6,50e219e0,0acbeaa3,45a51db4,f95efa07,a99f214a,1476b064,cd5b1559,1,2,20596,320,50,2161,0,35,-1,157
13060440760270222186,1,14102100,1005,1,d9750ee7,98572c79,f028772b,ecad2386,7801e8d9,07d7df22,a99f214a,6b9769f2,6332421a,1,0,17753,320,50,1993,2,1063,-1,33
13057812474258697526,1,14102100,1005,0,f9c69707,e16ceb4b,28905ebd,ecad2386,7801e8d9,07d7df22,a99f214a,b760d8d5,7036b627,1,0,19665,320,50,2253,2,303,-1,52
13062204698871998462,1,14102100,1005,0,5b08c53b,7687a86e,3e814130,ecad2386,7801e8d9,07d7df22,a99f214a,d3bc4035,a0f5f879,1,0,17653,300,250,1994,2,39,100084,33
13061186617149584707,1,14102100,1005,0,1fbe01fe,f3845767,28905ebd,ecad2386,7801e8d9,07d7df22,a99f214a,bc406d8f,058e0eb7,1,0,15701,320,50,1722,0,35,100083,79
13057144642720982322,0,14102100,1005,1,72a56356,45368af7,3e814130,ecad2386,7801e8d9,07d7df22,a99f214a,25ee21fb,900981af,1,2,20596,320,50,2161,0,35,-1,157
13056232126772728651,0,14102100,1005,1,5114c672,3f2f3819,3e814130,ecad2386,7801e8d9,07d7df22,a99f214a,ac88e560,5ec45883,1,0,19772,320,50,2227,0,687,100077,48
13057858385422588641,0,14102100,1005,0,1fbe01fe,f3845767,28905ebd,ecad2386,7801e8d9,07d7df22,a99f214a,8f9301e8,c144e605,1,0,15705,320,50,1722,0,35,100083,79
13206426812486789912,1,14102100,1005,1,e151e245,7e091613,f028772b,ecad2386,7801e8d9,07d7df22,a99f214a,54fc1710,aba190f1,1,0,20633,320,50,2374,3,39,-1,23
13201566001098729026,1,14102100,1005,1,d9750ee7,98572c79,f028772b,ecad2386,7801e8d9,07d7df22,a99f214a,b67ed5b9,553f099b,1,0,17614,320,50,1993,2,1063,-1,33
13206625060878376268,1,14102100,1005,1,d9750ee7,98572c79,f028772b,ecad2386,7801e8d9,07d7df22,a99f214a,5cafb662,c6263d8a,1,0,17614,320,50,1993,2,1063,-1,33
13207387047635967120,0,14102100,1005,1,856e6d3f,58a89a43,f028772b,ecad2386,7801e8d9,07d7df22,a99f214a,4ef9bb7e,76dc4769,1,0,16208,320,50,1800,3,167,100075,23
13204060747436808609,0,14102100,1005,0,543a539e,c7ca3108,3e814130,ecad2386,7801e8d9,07d7df22,a99f214a,1533710f,5e42d307,1,0,20366,320,50,2333,0,39,-1,157
13205403076317692419,0,14102100,1005,0,85f751fd,c4e18dd6,50e219e0,c51f82bc,d9b5648e,0f2161f8,a99f214a,c98ff1c6,9b5ce758,1,0,21611,320,50,2480,3,297,100111,61
13203999825507417002,0,14102100,1005,0,543a539e,c7ca3108,3e814130,ecad2386,7801e8d9,07d7df22,a99f214a,3332d300,96b83ebe,1,0,20352,320,50,2333,0,39,-1,157
13200563267931103624,0,14102100,1005,1,f61eaaae,6b59f079,f028772b,ecad2386,7801e8d9,07d7df22,a99f214a,67a9abc9,60cf5a10,1,0,20969,320,50,2372,0,813,-1,46
13203148093022684439,0,14102100,1005,1,d9750ee7,98572c79,f028772b,ecad2386,7801e8d9,07d7df22,a99f214a,f832adc6,ecb851b2,1,0,17753,320,50,1993,2,1063,-1,33
13342806739194301656,1,14102100,1005,1,222acd54,de0f0f82,f028772b,ecad2386,7801e8d9,07d7df22,a99f214a,313661f5,d4897fef,1,0,16208,320,50,1800,3,167,-1,23
13335671184170494152,1,14102100,1005,0,83a0ad1a,5c9ae867,f028772b,ecad2386,7801e8d9,07d7df22,a99f214a,e0c9a70f,a5a2318d,1,0,20632,320,50,2374,3,39,100117,23
13339042064536064249,1,14102100,1005,1,57fe1b20,5b626596,f028772b,ecad2386,7801e8d9,07d7df22,a99f214a,f65144a1,8a4875bd,1,0,6616,320,50,576,2,35,-1,32
13342188236092096840,1,14102100,1005,1,3af745f2,11582ac8,3e814130,ecad2386,7801e8d9,07d7df22,a99f214a,6b3a5479,900981af,1,2,18993,320,50,2161,0,35,-1,157
13341848787250392015,1,14102100,1005,0,5b08c53b,7687a86e,3e814130,ecad2386,7801e8d9,07d7df22,a99f214a,12b05fe0,84ebbcd4,1,0,17653,300,250,1994,2,39,100084,33
13338198298227199483,1,14102100,1005,0,1fbe01fe,f3845767,28905ebd,ecad2386,7801e8d9,07d7df22,a99f214a,171c358e,8a4875bd,1,0,15708,320,50,1722,0,35,100084,79
13344182220321095571,1,14102100,1002,0,84c7ba46,c4e18dd6,50e219e0,ecad2386,7801e8d9,07d7df22,1b5b57d1,b718a697,cf19f7f7,0,0,21661,320,50,2446,3,171,100228,156
13342899959029913538,1,14102100,1005,0,1fbe01fe,f3845767,28905ebd,ecad2386,7801e8d9,07d7df22,a99f214a,616b607f,0671f8e1,1,0,15703,320,50,1722,0,35,100083,79
13338818950535497421,1,14102100,1005,1,e151e245,7e091613,f028772b,ecad2386,7801e8d9,07d7df22,a99f214a,fbc081a7,1f0bc64f,1,0,20362,320,50,2333,0,39,-1,157
13343851571533897174,0,14102100,1010,1,85f751fd,c4e18dd6,50e219e0,e8a706a6,7801e8d9,0f2161f8,131cef16,30a9c491,09b4ab83,5,3,1269,320,50,196,3,303,-1,15
13342928934986664236,0,14102100,1005,1,e8f79e60,c4342784,f028772b,ecad2386,7801e8d9,07d7df22,a99f214a,f6cf6b72,88fe1d5d,1,0,19772,320,50,2227,0,687,100077,48
13338606669548428872,0,14102100,1005,0,543a539e,c7ca3108,3e814130,ecad2386,7801e8d9,07d7df22,a99f214a,98d2611b,d787e91b,1,0,20366,320,50,2333,0,39,-1,157
13341864748525856242,0,14102100,1005,1,d9750ee7,98572c79,f028772b,ecad2386,7801e8d9,07d7df22,a99f214a,1a0c23f1,6332421a,1,0,17753,320,50,1993,2,1063,100083,33
13342785978042328051,0,14102100,1005,0,1fbe01fe,f3845767,28905ebd,ecad2386,7801e8d9,07d7df22,a99f214a,b6bc6a67,2203a096,1,0,15707,320,50,1722,0,35,-1,79
13340358198749198763,0,14102100,1005,0,46d499a8,1dfa65e2,f028772b,ecad2386,7801e8d9,07d7df22,a99f214a,16f99af1,d787e91b,1,0,9438,320,50,898,3,427,100003,61
13339624078639130062,0,14102100,1005,0,5b08c53b,7687a86e,3e814130,ecad2386,7801e8d9,07d7df22,a99f214a,a8f23534,275fc61c,1,0,17654,300,250,1994,2,39,100083,33
13342373262284270134,0,14102100,1005,0,543a539e,c7ca3108,3e814130,ecad2386,7801e8d9,07d7df22,a99f214a,215a353d,462f0bdf,1,0,20362,320,50,2333,0,39,-1,157
13343792960064778492,0,14102100,1005,0,1fbe01fe,f3845767,28905ebd,ecad2386,7801e8d9,07d7df22,a99f214a,2349cce7,1f0bc64f,1,0,15707,320,50,1722,0,35,-1,79
13339373228843233519,0,14102100,1005,0,9fe0fa9b,91cdcccd,f028772b,ecad2386,7801e8d9,07d7df22,a99f214a,18d8da98,cd5b1559,1,2,20596,320,50,2161,0,35,100148,157
13479045563909675510,1,14102100,1005,0,d9750ee7,98572c79,f028772b,ecad2386,7801e8d9,07d7df22,a99f214a,56e30b21,277e7b8c,1,0,15705,320,50,1722,0,35,100083,79
13479505714703534683,1,14102100,1005,0,1fbe01fe,f3845767,28905ebd,ecad2386,7801e8d9,07d7df22,a99f214a,ff1c4f79,6e1e2240,1,0,15705,320,50,1722,0,35,-1,79
1348260758053086978,1,14102100,1005,0,1fbe01fe,f3845767,28905ebd,ecad2386,7801e8d9,07d7df22,a99f214a,1cf29716,4ea23a13,1,0,15699,320,50,1722,0,35,-1,79
13480673862954585052,1,14102100,1005,0,d6137915,bb1ef334,f028772b,ecad2386,7801e8d9,07d7df22,a99f214a,ea3a169b,8a4875bd,1,0,16920,320,50,1899,0,431,-1,117
13477649234583819100,1,14102100,1005,0,1fbe01fe,f3845767,28905ebd,ecad2386,7801e8d9,07d7df22,a99f214a,dab96c99,6332421a,1,0,15703,320,50,1722,0,35,100084,79
13477167248439005078,1,14102100,1005,0,1fbe01fe,f3845767,28905ebd,ecad2386,7801e8d9,07d7df22,a99f214a,19b49fab,7abbbd5c,1,0,15704,320,50,1722,0,35,-1,79
13480113506320615224,1,14102100,1005,0,85f751fd,c4e18dd6,50e219e0,2a34457c,2347f47a,dc97ec06,23b29991,f06ff81b,05b9fa1b,1,0,20361,300,250,2333,0,39,-1,157
13480570663159902462,1,14102100,1005,0,93eaba74,7687a86e,3e814130,ecad2386,7801e8d9,07d7df22,a99f214a,87de0efd,18d8fb90,1,0,17654,300,250,1994,2,39,100084,33
13481482652045562317,1,14102100,1005,0,1fbe01fe,f3845767,28905ebd,ecad2386,7801e8d9,07d7df22,a99f214a,d1758f85,1f883dc7,1,0,15704,320,50,1722,0,35,-1,79
13480006170529511802,1,14102100,1002,0,887a4754,e3d9ca35,50e219e0,ecad2386,7801e8d9,07d7df22,8be0ce56,4ccb99e0,91abff7d,0,0,6616,320,50,576,2,35,100130,32
1347575146975131105,1,14102100,1005,0,1fbe01fe,f3845767,28905ebd,ecad2386,7801e8d9,07d7df22,a99f214a,fe8a59fc,23885c9e,1,0,15707,320,50,1722,0,35,-1,79
13481725881678988564,1,14102100,1002,0,887a4754,99a0fa2b,50e219e0,ecad2386,7801e8d9,07d7df22,cce95730,03670ff6,72dab84d,0,0,19665,320,50,2253,2,303,-1,52
13481952669467250292,1,14102100,1005,1,d9750ee7,98572c79,f028772b,ecad2386,7801e8d9,07d7df22,a99f214a,2cf889be,711ee120,1,0,17614,320,50,1993,2,1063,-1,33
13480941888844157254,0,14102100,1005,0,030440fe,08ba7db9,76b2941d,ecad2386,7801e8d9,07d7df22,a99f214a,e299fbf0,293291c1,1,0,18993,320,50,2161,0,35,100210,157
13479588207468604945,0,14102100,1010,1,85f751fd,c4e18dd6,50e219e0,f2f00701,7801e8d9,0f2161f8,57c1332c,0bb3568b,d4897fef,4,0,21665,320,50,2493,3,35,-1,117
13481035470138502876,0,14102100,1005,1,bc3b3740,f43e535b,3e814130,ecad2386,7801e8d9,07d7df22,a99f214a,ab3f57ed,900981af,1,2,20596,320,50,2161,0,35,-1,157
13477892867216575719,0,14102100,1005,0,543a539e,c7ca3108,3e814130,ecad2386,7801e8d9,07d7df22,a99f214a,6733f533,96b83ebe,1,0,20362,320,50,2333,0,39,-1,157
13480998051808626448,0,14102100,1005,0,85f751fd,c4e18dd6,50e219e0,51cedd4e,aefc06bd,0f2161f8,a99f214a,c846793c,542422a7,1,0,21611,320,50,2480,3,297,100111,61
13475455391845868974,0,14102100,1005,1,e151e245,7e091613,f028772b,ecad2386,7801e8d9,07d7df22,a99f214a,e77d3050,6afc734f,1,0,20634,320,50,2374,3,39,-1,23
13481685120047640816,0,14102100,1005,0,7aec40a2,f415c8a8,f028772b,ecad2386,7801e8d9,07d7df22,a99f214a,90682397,d6b5c09e,1,2,19666,300,250,2253,2,303,100128,52
13481697307225892238,0,14102100,1002,0,85f751fd,c4e18dd6,50e219e0,9f41cdad,7801e8d9,07d7df22,656d286c,86ed6c9a,66960a7d,0,0,21665,320,50,2493,3,35,-1,117
13478655130886368269,0,14102100,1002,0,0f622745,3bd88ce9,50e219e0,ecad2386,7801e8d9,07d7df22,de8510f2,f7953dd3,a9b05547,0,0,19665,320,50,2253,2,303,-1,52
13478307208866339393,0,14102100,1005,0,cd58172f,b9c4ab81,f028772b,ecad2386,7801e8d9,07d7df22,a99f214a,d0fceee4,c02433d4,1,0,20596,320,50,2161,0,35,-1,157
13477696984411254804,0,14102100,1005,0,1fbe01fe,f3845767,28905ebd,ecad2386,7801e8d9,07d7df22,a99f214a,39903ef6,dc15c87e,1,2,15699,320,50,1722,0,35,-1,79
13615651166196498720,1,14102100,1005,0,543a539e,c7ca3108,3e814130,ecad2386,7801e8d9,07d7df22,a99f214a,3332d300,96b83ebe,1,0,20366,320,50,2333,0,39,-1,157
13617125595593151285,1,14102100,1005,0,85f751fd,c4e18dd6,50e219e0,e2fcccd2,5c5a694b,0f2161f8,522fd61a,7e8131af,be6db1d7,1,0,4687,320,50,423,2,39,100148,32
13618129821969604134,1,14102100,1005,0,1fbe01fe,f3845767,28905ebd,ecad2386,7801e8d9,07d7df22,a99f214a,538293f3,aaffed8f,1,0,15707,320,50,1722,0,35,-1,79
13613520024828357017,1,14102100,1005,1,d9750ee7,98572c79,f028772b,ecad2386,7801e8d9,07d7df22,a99f214a,5555928f,fd1ab1f0,1,0,17753,320,50,1993,2,1063,100084,33
13614613111408590382,1,14102100,1005,0,1fbe01fe,f3845767,28905ebd,ecad2386,7801e8d9,07d7df22,a99f214a,3548d229,1f0bc64f,1,0,15703,320,50,1722,0,35,100083,79
13616307339480962894,1,14102100,1005,1,e151e245,7e091613,f028772b,ecad2386,7801e8d9,07d7df22,a99f214a,46c0af31,89416188,1,0,4687,320,50,423,2,39,100148,32
136152204583314451,0,14102100,1005,0,1fbe01fe,f3845767,28905ebd,ecad2386,7801e8d9,07d7df22,a99f214a,c0ca6cfd,575d0d2a,1,0,15701,320,50,1722,0,35,100083,79
13617887251862600134,0,14102100,1005,0,543a539e,c7ca3108,3e814130,ecad2386,7801e8d9,07d7df22,a99f214a,8fbb9108,3223bcfe,1,0,20366,320,50,2333,0,39,-1,157
13615087848341692462,0,14102100,1005,1,fe8cc448,9166c161,0569f928,ecad2386,7801e8d9,07d7df22,a99f214a,3cdfd7b5,4ea23a13,1,0,18993,320,50,2161,0,35,-1,157
13614016061083167541,0,14102100,1005,0,1fbe01fe,f3845767,28905ebd,ecad2386,7801e8d9,07d7df22,a99f214a,ea814b52,d787e91b,1,0,15702,320,50,1722,0,35,100084,79
13615393094618380213,0,14102100,1005,0,1fbe01fe,f3845767,28905ebd,ecad2386,7801e8d9,07d7df22,a99f214a,d452c208,1f0bc64f,1,0,15705,320,50,1722,0,35,100084,79
13757172351528029573,1,14102100,1005,0,1fbe01fe,f3845767,28905ebd,ecad2386,7801e8d9,07d7df22,a99f214a,b83fa2a1,5096d134,1,0,15704,320,50,1722,0,35,-1,79
13762636388004310484,1,14102100,1005,0,1fbe01fe,f3845767,28905ebd,ecad2386,7801e8d9,07d7df22,a99f214a,51c53be0,4962150e,1,0,15701,320,50,1722,0,35,-1,79
13759667739959328667,1,14102100,1005,0,1fbe01fe,f3845767,28905ebd,ecad2386,7801e8d9,07d7df22,a99f214a,1c256feb,3bd9e8e7,1,0,15708,320,50,1722,0,35,-1,79
13763950441479148708,1,14102100,1005,0,4bf5bbe2,6b560cc1,28905ebd,ecad2386,7801e8d9,07d7df22,a99f214a,5858ecfb,fce66524,1,0,19665,320,50,2253,2,303,100061,52
13764234811937808327,1,14102100,1005,0,f9c69707,e16ceb4b,28905ebd,ecad2386,7801e8d9,07d7df22,a99f214a,42b6f9d2,8c33cea5,1,0,19666,300,250,2253,2,303,-1,52
1375955248066433415,1,14102100,1010,1,85f751fd,c4e18dd6,50e219e0,e288e43a,7801e8d9,0f2161f8,b1ac9940,46b1dc9f,41c87f95,4,0,12472,320,50,1272,3,303,-1,15
13763202787826869758,1,14102100,1005,0,4bf5bbe2,6b560cc1,28905ebd,ecad2386,7801e8d9,07d7df22,a99f214a,b6acd65c,68dabce1,1,0,18854,320,50,1882,3,35,-1,13
13758917637541117917,1,14102100,1005,1,e151e245,7e091613,f028772b,ecad2386,7801e8d9,07d7df22,a99f214a,72133437,1f0bc64f,1,0,17755,320,50,1991,2,39,100084,33
13755245584761596827,1,14102100,1005,0,1fbe01fe,f3845767,28905ebd,ecad2386,7801e8d9,07d7df22,a99f214a,c6563308,6332421a,1,0,15707,320,50,1722,0,35,-1,79
13758588022748036839,0,14102100,1005,0,1fbe01fe,f3845767,28905ebd,ecad2386,7801e8d9,07d7df22,a99f214a,676617bf,8a4875bd,1,0,15702,320,50,1722,0,35,-1,79
13755614159840011271,0,14102100,1005,0,543a539e,c7ca3108,3e814130,ecad2386,7801e8d9,07d7df22,a99f214a,8e1ff804,4a4cfe9e,1,0,20366,320,50,2333,0,39,-1,157
13757995782261062664,0,14102100,1010,1,85f751fd,c4e18dd6,50e219e0,c6e52c21,7801e8d9,0f2161f8,1fb78175,1645bd43,8fa02a24,4,0,21665,320,50,2493,3,35,-1,117
13762438987824954381,0,14102100,1002,0,2c4ed2f7,08facbad,50e219e0,ecad2386,7801e8d9,07d7df22,0e2faecc,abb38c9d,a12e847c,0,0,19665,320,50,2253,2,303,100221,52
13760958586522498878,0,14102100,1005,0,f282ab5a,61eb5bc4,f028772b,ecad2386,7801e8d9,07d7df22,a99f214a,215d6749,6ee42729,1,0,18993,320,50,2161,0,35,-1,157
13757451588331049740,0,14102100,1005,0,1fbe01fe,f3845767,28905ebd,ecad2386,7801e8d9,07d7df22,a99f214a,9b1fe278,c144e605,1,0,15701,320,50,1722,0,35,-1,79
13762445936135052999,0,14102100,1005,0,1fbe01fe,f3845767,28905ebd,ecad2386,7801e8d9,07d7df22,a99f214a,9b1fe278,6332421a,1,0,15707,320,50,1722,0,35,-1,79
13761303165436556773,0,14102100,1005,0,1fbe01fe,f3845767,28905ebd,ecad2386,7801e8d9,07d7df22,a99f214a,c855f59d,76dc4769,1,0,15707,320,50,1722,0,35,-1,79
13904771575415714172,1,14102100,1005,1,d9750ee7,98572c79,f028772b,ecad2386,7801e8d9,07d7df22,a99f214a,ff02c3e4,d25693ce,1,0,17614,320,50,1993,2,1063,-1,33
1390351511871476559,1,14102100,1005,0,6c5b482c,7687a86e,3e814130,ecad2386,7801e8d9,07d7df22,a99f214a,8366fd0d,8571106b,1,0,17654,300,250,1994,2,39,-1,33
13907343854183315791,1,14102100,1005,1,e151e245,7e091613,f028772b,ecad2386,7801e8d9,07d7df22,a99f214a,d74b302f,ef726eae,1,0,20362,320,50,2333,0,39,-1,157
13900460030060268979,1,14102100,1005,0,5b08c53b,7687a86e,3e814130,ecad2386,7801e8d9,07d7df22,a99f214a,49c7a5e7,05e70df4,1,0,17654,300,250,1994,2,39,-1,33
13903067745041980838,1,14102100,1002,0,84c7ba46,c4e18dd6,50e219e0,ecad2386,7801e8d9,07d7df22,c357dbff,14118a3b,373ecbe6,0,0,21680,320,50,2496,3,167,100191,23
13901373300243691415,1,14102100,1005,0,6c5b482c,7687a86e,3e814130,ecad2386,7801e8d9,07d7df22,a99f214a,81085f7e,4ea23a13,1,0,20346,300,250,2331,2,39,-1,23
13902013993541646028,0,14102100,1005,0,1fbe01fe,f3845767,28905ebd,ecad2386,7801e8d9,07d7df22,a99f214a,bca8f26d,8a4875bd,1,0,15701,320,50,1722,0,35,-1,79
13906319048094804433,0,14102100,1007,0,85f751fd,c4e18dd6,50e219e0,21d5ad38,3feeed1e,a3c42688,f8a67753,da3acf34,598bacc9,1,2,20153,320,50,2307,3,163,100020,61
13902124038006083399,0,14102100,1002,0,347210c9,15e173d2,50e219e0,ecad2386,7801e8d9,07d7df22,d9f43b59,5121cdda,08ac11ab,0,0,20352,320,50,2333,0,39,-1,157
13900593792557495278,0,14102100,1005,0,85f751fd,c4e18dd6,50e219e0,6fc85e22,7801e8d9,0f2161f8,421628ec,a093d275,dc70b0f9,1,0,18993,320,50,2161,0,35,100212,157
13904174278136745112,0,14102100,1005,0,85f751fd,c4e18dd6,50e219e0,090d3a47,0654b444,0f2161f8,a99f214a,667e537e,a8735f2a,1,0,18993,320,50,2161,0,35,100103,157
1390264356807673137,0,14102100,1005,1,44637516,27e3c518,f028772b,ecad2386,7801e8d9,07d7df22,a99f214a,076307e8,1ccc7835,1,0,15708,320,50,1722,0,35,-1,79
14046285433051374501,1,14102100,1005,0,1fbe01fe,f3845767,28905ebd,ecad2386,7801e8d9,07d7df22,a99f214a,a8b5d6a6,81b42528,1,0,15708,320,50,1722,0,35,100083,79
14048606351002260531,1,14102100,1002,0,569cb34d,622984aa,50e219e0,ecad2386,7801e8d9,07d7df22,971fbcb8,abe8caed,43e7b962,0,0,20170,300,50,2312,0,167,100075,16
1404168476410262906,1,14102100,1005,0,93eaba74,7687a86e,3e814130,ecad2386,7801e8d9,07d7df22,a99f214a,b5c6a2ab,e9b8d8d7,1,0,17653,300,250,1994,2,39,-1,33
14045145183310477705,1,14102100,1005,0,1fbe01fe,f3845767,28905ebd,ecad2386,7801e8d9,07d7df22,a99f214a,a722ce90,7ac6007f,1,2,15705,320,50,1722,0,35,100084,79
14047130266634892792,1,14102100,1005,0,1fbe01fe,f3845767,28905ebd,ecad2386,7801e8d9,07d7df22,a99f214a,d888a2dc,ef726eae,1,0,15699,320,50,1722,0,35,-1,79
14046341500682714586,1,14102100,1005,0,1fbe01fe,f3845767,28905ebd,ecad2386,7801e8d9,07d7df22,a99f214a,5fcaba9a,a5bce124,1,0,15707,320,50,1722,0,35,-1,79
1404657326535873977,1,14102100,1005,1,d9750ee7,98572c79,f028772b,ecad2386,7801e8d9,07d7df22,a99f214a,0ddb9747,05e70df4,1,0,17753,320,50,1993,2,1063,-1,33
14044920241247380956,0,14102100,1005,1,e151e245,7e091613,f028772b,ecad2386,7801e8d9,07d7df22,a99f214a,74ec621f,2de871e6,1,0,20632,320,50,2374,3,39,-1,23
14044773317624818333,0,14102100,1005,1,85f751fd,c4e18dd6,50e219e0,617593f1,2347f47a,0f2161f8,a99f214a,5f8fb2ad,9c84d6a8,1,0,20366,320,50,2333,0,39,-1,157
14043388280193537325,0,14102100,1005,0,02d5151c,64778742,f028772b,ecad2386,7801e8d9,07d7df22,a99f214a,c93a79fb,f063b808,1,0,20596,320,50,2161,0,35,100105,157
14044446434264079862,0,14102100,1005,0,85f751fd,c4e18dd6,50e219e0,febd1138,82e27996,0f2161f8,a99f214a,97364366,d056b4bf,1,0,20508,320,50,2351,3,163,100020,61
14044763232837468748,0,14102100,1005,0,85f751fd,c4e18dd6,50e219e0,51cedd4e,aefc06bd,0f2161f8,a99f214a,4c0a1470,90f22c00,1,0,21611,320,50,2480,3,297,100111,61
1417832567812000233,1,14102100,1005,0,d9750ee7,98572c79,f028772b,ecad2386,7801e8d9,07d7df22,a99f214a,5cbaa569,ad0177e7,1,0,15704,320,50,1722,0,35,100083,79
14179154911688362621,1,14102100,1005,1,e4d8dd7b,a17bde68,3e814130,ecad2386,7801e8d9,07d7df22,a99f214a,adaf8ab4,a5bce124,1,0,19950,320,50,1800,3,167,100081,23
14178070264321108090,0,14102100,1005,0,85f751fd,c4e18dd6,50e219e0,3aa4245a,2347f47a,f95efa07,a99f214a,a4c900f6,6569eeb3,1,0,18993,320,50,2161,0,35,100131,157
14178539562462711124,0,14102100,1005,0,543a539e,c7ca3108,3e814130,ecad2386,7801e8d9,07d7df22,a99f214a,967b2902,d787e91b,1,0,20352,320,50,2333,0,39,-1,157
14180928315884347573,0,14102100,1005,0,1fbe01fe,f3845767,28905ebd,ecad2386,7801e8d9,07d7df22,a99f214a,57cd4006,9dcb1cd1,1,0,15704,320,50,1722,0,35,-1,79
14177904255106571462,0,14102100,1005,0,1fbe01fe,f3845767,28905ebd,ecad2386,7801e8d9,07d7df22,a99f214a,7ae1e93f,a0f5f879,1,0,15702,320,50,1722,0,35,-1,79
14317228980296472792,1,14102100,1005,0,1fbe01fe,f3845767,28905ebd,ecad2386,7801e8d9,07d7df22,a99f214a,d7827f48,293291c1,1,0,15701,320,50,1722,0,35,-1,79
14318836012492201560,1,14102100,1005,0,1fbe01fe,f3845767,28905ebd,ecad2386,7801e8d9,07d7df22,a99f214a,88c61127,6ee42729,1,0,15706,320,50,1722,0,35,-1,79
14321524628492307658,1,14102100,1005,1,d9750ee7,98572c79,f028772b,ecad2386,7801e8d9,07d7df22,a99f214a,9d4f8b66,8a4875bd,1,0,18093,320,50,2060,3,39,-1,23
14319868299499628259,1,14102100,1005,0,1fbe01fe,f3845767,28905ebd,ecad2386,7801e8d9,07d7df22,a99f214a,3f606d9c,1ccc7835,1,0,15705,320,50,1722,0,35,100083,79
14322018503781408122,1,14102100,1005,0,93eaba74,7687a86e,3e814130,ecad2386,7801e8d9,07d7df22,a99f214a,be043690,a5621df2,1,0,20093,300,250,2295,2,35,-1,23
14318133183123637666,1,14102100,1005,0,1fbe01fe,f3845767,28905ebd,ecad2386,7801e8d9,07d7df22,a99f214a,a20158b5,23885c9e,1,0,15701,320,50,1722,0,35,100084,79
14321536909346918725,1,14102100,1005,0,1fbe01fe,f3845767,28905ebd,ecad2386,7801e8d9,07d7df22,a99f214a,4100df4c,a0f5f879,1,0,15701,320,50,1722,0,35,100084,79
14316584450636733446,1,14102100,1005,1,d9750ee7,98572c79,f028772b,ecad2386,7801e8d9,07d7df22,a99f214a,20971541,3bd9e8e7,1,0,17753,320,50,1993,2,1063,-1,33
14320000915203417982,1,14102100,1002,0,3d43be4c,72b138e5,50e219e0,ecad2386,7801e8d9,07d7df22,df05bced,0386a314,43e7b962,0,0,6563,320,50,572,2,39,-1,32
14320317008184201336,1,14102100,1005,0,1fbe01fe,f3845767,28905ebd,ecad2386,7801e8d9,07d7df22,a99f214a,72c80f86,711ee120,1,0,15699,320,50,1722,0,35,100083,79
14321912578318160096,0,14102100,1005,0,1fbe01fe,f3845767,28905ebd,ecad2386,7801e8d9,07d7df22,a99f214a,668be624,2e0de5da,1,2,15701,320,50,1722,0,35,-1,79
14322946141092590302,0,14102100,1005,0,ceea3181,6225315b,f028772b,ecad2386,7801e8d9,07d7df22,a99f214a,127b0745,4ea23a13,1,0,15705,320,50,1722,0,35,-1,79
14317044850408966676,0,14102100,1005,0,e9ca7d40,98572c79,f028772b,ecad2386,7801e8d9,07d7df22,a99f214a,ff1c4f79,d787e91b,1,0,17654,300,250,1994,2,39,-1,33
14317803110914929000,0,14102100,1005,0,d6f0c11f,a8546a2d,335d28a8,ecad2386,7801e8d9,07d7df22,a99f214a,a3c3ff64,88fbaa46,1,2,18993,320,50,2161,0,35,-1,157
14317246651182288856,0,14102100,1005,0,1fbe01fe,f3845767,28905ebd,ecad2386,7801e8d9,07d7df22,a99f214a,c6f740b6,1f0bc64f,1,0,15702,320,50,1722,0,35,-1,79
14322377786040977621,0,14102100,1005,0,518d6168,92c9e92d,f028772b,ecad2386,7801e8d9,07d7df22,a99f214a,54ff90e3,8a4875bd,1,0,18993,320,50,2161,0,35,-1,157
14317200471121601027,0,14102100,1005,0,6ec06dbd,d262cf1e,f66779e6,ecad2386,7801e8d9,07d7df22,a99f214a,cb1e8ce6,9e3836ff,1,0,17163,320,50,1955,3,163,100193,71
14320204729366824575,0,14102100,1002,0,1aaa89da,59d1c519,50e219e0,ecad2386,7801e8d9,07d7df22,6c388ce9,234dc6d8,a08d16cd,0,0,21311,320,50,2449,0,163,100241,91
14318302560288890798,0,14102100,1005,0,1fbe01fe,f3845767,28905ebd,ecad2386,7801e8d9,07d7df22,a99f214a,52bf99e8,8a4875bd,1,0,15704,320,50,1722,0,35,-1,79
1446297801552967618,1,14102100,1005,0,1fbe01fe,f3845767,28905ebd,ecad2386,7801e8d9,07d7df22,a99f214a,2a62aa2e,f87e93a5,1,0,15706,320,50,1722,0,35,100084,79
14460139072072102670,0,14102100,1005,0,1fbe01fe,f3845767,28905ebd,ecad2386,7801e8d9,07d7df22,a99f214a,aa33f00d,5db079b5,1,2,15703,320,50,1722,0,35,100084,79
14460857632260211827,0,14102100,1007,0,85f751fd,c4e18dd6,50e219e0,b24c9aae,43cf4f06,8ded1f7a,50014578,cdb54649,cc045f4e,1,2,21640,320,50,2485,3,163,100000,93
14608897525624016717,1,14102100,1002,0,61a8c644,948ff336,50e219e0,ecad2386,7801e8d9,07d7df22,5895dd49,dc6478e3,be8e9571,0,0,19665,320,50,2253,2,303,-1,52
14607228798571877832,1,14102100,1005,1,d9750ee7,98572c79,f028772b,ecad2386,7801e8d9,07d7df22,a99f214a,abc2149d,8ce34352,1,0,17914,320,50,2043,2,39,100084,32
14608963746652604709,1,14102100,1005,0,1fbe01fe,f3845767,28905ebd,ecad2386,7801e8d9,07d7df22,a99f214a,ecce4f47,ff065cf0,1,2,15704,320,50,1722,0,35,100084,79
14606413894190189605,1,14102100,1005,0,1fbe01fe,f3845767,28905ebd,ecad2386,7801e8d9,07d7df22,a99f214a,e54c1344,d25693ce,1,0,15705,320,50,1722,0,35,-1,79
14604018292752748285,1,14102100,1005,0,93eaba74,7687a86e,3e814130,ecad2386,7801e8d9,07d7df22,a99f214a,0dd45a32,5096d134,1,0,19015,300,250,2162,2,39,100141,33
14602412341198112201,1,14102100,1005,0,1fbe01fe,f3845767,28905ebd,ecad2386,7801e8d9,07d7df22,a99f214a,a26536b0,c6263d8a,1,0,15702,320,50,1722,0,35,-1,79
146012673086464423,1,14102100,1005,0,1fbe01fe,f3845767,28905ebd,ecad2386,7801e8d9,07d7df22,a99f214a,d8308e72,c6263d8a,1,0,15704,320,50,1722,0,35,-1,79
14602596031051491959,1,14102100,1005,0,1fbe01fe,f3845767,28905ebd,ecad2386,7801e8d9,07d7df22,a99f214a,e54c1344,5db079b5,1,2,15707,320,50,1722,0,35,-1,79
14603290965114133259,1,14102100,1005,0,5b08c53b,7687a86e,3e814130,ecad2386,7801e8d9,07d7df22,a99f214a,f70b685f,05e70df4,1,0,17654,300,250,1994,2,39,-1,33
14605026859745686612,0,14102100,1005,1,5b4d2eda,16a36ef3,f028772b,ecad2386,7801e8d9,07d7df22,a99f214a,ba0dd6d1,a5bce124,1,0,16208,320,50,1800,3,167,100081,23
14605506998676962163,0,14102100,1005,0,1fbe01fe,f3845767,28905ebd,ecad2386,7801e8d9,07d7df22,a99f214a,2b479ec6,1f0bc64f,1,0,15706,320,50,1722,0,35,100084,79
14606959566139160549,0,14102100,1005,0,cd58172f,b9c4ab81,f028772b,ecad2386,7801e8d9,07d7df22,a99f214a,fc493034,ff0f1aca,1,0,18993,320,50,2161,0,35,-1,157
14608459246156124607,0,14102100,1005,1,856e6d3f,58a89a43,f028772b,ecad2386,7801e8d9,07d7df22,a99f214a,eb98b92f,9efa421a,1,0,19771,320,50,2227,0,687,100079,48
14603352634331342351,0,14102100,1005,0,1fbe01fe,f3845767,28905ebd,ecad2386,7801e8d9,07d7df22,a99f214a,2349cce7,a0f5f879,1,0,15708,320,50,1722,0,35,-1,79
14609211038957195392,0,14102100,1005,0,1fbe01fe,f3845767,28905ebd,ecad2386,7801e8d9,07d7df22,a99f214a,ceffea69,a0f5f879,1,0,15703,320,50,1722,0,35,-1,79
14606036955652981261,0,14102100,1005,0,1fbe01fe,f3845767,28905ebd,ecad2386,7801e8d9,07d7df22,a99f214a,f25d5993,c4cff2ea,1,0,15706,320,50,1722,0,35,100084,79
14747986832522387428,1,14102100,1005,0,1fbe01fe,f3845767,28905ebd,ecad2386,7801e8d9,07d7df22,a99f214a,902a16e2,8a4875bd,1,0,15705,320,50,1722,0,35,-1,79
14750674998875479143,1,14102100,1005,0,85f751fd,c4e18dd6,50e219e0,9c13b419,2347f47a,f95efa07,a99f214a,0e5605e0,96629d1d,1,0,20148,320,50,2306,3,39,-1,23
14746816751337945941,1,14102100,1005,0,85f751fd,c4e18dd6,50e219e0,be7c618d,2347f47a,f95efa07,9f6073bb,ed53dfd1,6ae7fb43,1,2,12000,320,50,1248,2,39,100065,13
14751368170706471398,1,14102100,1005,0,93eaba74,7687a86e,3e814130,ecad2386,7801e8d9,07d7df22,a99f214a,6527e555,c7246000,1,0,20345,300,250,2331,2,39,100034,23
14746543907101534794,1,14102100,1005,1,d9750ee7,98572c79,f028772b,ecad2386,7801e8d9,07d7df22,a99f214a,3d1c020c,8b1aa260,1,0,17753,320,50,1993,2,1063,-1,33
14752639125167847228,0,14102100,1005,0,85f751fd,c4e18dd6,50e219e0,7fd82f88,7801e8d9,0f2161f8,31abe159,85c7acd2,5096d134,1,0,20596,320,50,2161,0,35,-1,157
14749258500202548912,0,14102100,1005,0,1fbe01fe,f3845767,28905ebd,ecad2386,7801e8d9,07d7df22,a99f214a,8cc268dd,6332421a,1,0,15699,320,50,1722,0,35,100084,79
14751546022598434678,0,14102100,1010,1,85f751fd,c4e18dd6,50e219e0,ffc6ffd0,7801e8d9,0f2161f8,22351333,3478e345,f07e20f8,4,0,21665,320,50,2493,3,35,100050,117
14746203254603626774,0,14102100,1005,0,85f751fd,c4e18dd6,50e219e0,febd1138,82e27996,0f2161f8,a99f214a,d67cd4e1,9b5ce758,1,0,21611,320,50,2480,3,297,100111,61
14751518611152279473,0,14102100,1005,1,e151e245,7e091613,f028772b,ecad2386,7801e8d9,07d7df22,a99f214a,5553af12,2cd8ff6d,1,0,17747,320,50,1974,2,39,-1,33
14746610968522616830,0,14102100,1005,1,fd309fe8,f436b08f,72722551,ecad2386,7801e8d9,07d7df22,a99f214a,20f24b4a,900981af,1,2,20596,320,50,2161,0,35,100034,157
14892927864372137823,1,14102100,1005,0,1fbe01fe,f3845767,28905ebd,ecad2386,7801e8d9,07d7df22,a99f214a,51c53be0,4962150e,1,0,15699,320,50,1722,0,35,-1,79
14896872362221754332,1,14102100,1005,0,d9750ee7,98572c79,f028772b,ecad2386,7801e8d9,07d7df22,a99f214a,358f46fe,1f0bc64f,1,0,17914,320,50,2043,2,39,-1,32
14892295424814882742,1,14102100,1002,0,84c7ba46,c4e18dd6,50e219e0,ecad2386,7801e8d9,07d7df22,c357dbff,f3d01b3a,373ecbe6,0,0,21682,320,50,2496,3,167,100191,23
14898100392042510169,1,14102100,1005,0,1fbe01fe,f3845767,28905ebd,ecad2386,7801e8d9,07d7df22,a99f214a,ab1617c7,fb007d6f,1,0,15706,320,50,1722,0,35,100084,79
14897568949022733190,0,14102100,1005,0,1fbe01fe,f3845767,28905ebd,ecad2386,7801e8d9,07d7df22,a99f214a,475a37b1,711ee120,1,0,15705,320,50,1722,0,35,100084,79
14896678658443858768,0,14102100,1005,0,83a0ad1a,5c9ae867,f028772b,ecad2386,7801e8d9,07d7df22,a99f214a,f5902a63,cbb77256,1,0,16615,320,50,1863,3,39,100188,23
14892860286812511336,0,14102100,1005,0,f9c69707,e16ceb4b,28905ebd,ecad2386,7801e8d9,07d7df22,a99f214a,c9e3f75c,e9b8d8d7,1,0,19665,320,50,2253,2,303,-1,52
14896512347884823725,0,14102100,1005,1,77bfdd7b,bfa24f16,3e814130,ecad2386,7801e8d9,07d7df22,a99f214a,dba9c64b,900981af,1,2,18993,320,50,2161,0,35,-1,157
15031879160917056071,1,14102100,1005,0,1fbe01fe,f3845767,28905ebd,ecad2386,7801e8d9,07d7df22,a99f214a,87853c7a,6332421a,1,0,15703,320,50,1722,0,35,100084,79
1503153874559396592,1,14102100,1005,1,d9750ee7,98572c79,f028772b,ecad2386,7801e8d9,07d7df22,a99f214a,c6563308,a0f5f879,1,0,17753,320,50,1993,2,1063,-1,33
15034885511766803895,1,14102100,1005,1,e151e245,7e091613,f028772b,ecad2386,7801e8d9,07d7df22,a99f214a,f4d043d5,01d61ca2,1,0,20359,216,36,2333,0,39,-1,157
1503660236153066479,1,14102100,1005,0,1fbe01fe,f3845767,28905ebd,ecad2386,7801e8d9,07d7df22,a99f214a,c47ea915,1aa0e912,1,0,15707,320,50,1722,0,35,-1,79
15033351913688339476,1,14102100,1005,1,57fe1b20,5b626596,f028772b,ecad2386,7801e8d9,07d7df22,a99f214a,0824f310,4ea23a13,1,0,17914,320,50,2043,2,39,-1,32
15035341229132122078,1,14102100,1005,0,1fbe01fe,f3845767,28905ebd,ecad2386,7801e8d9,07d7df22,a99f214a,bc5faa2d,49ea3580,1,0,15703,320,50,1722,0,35,100084,79
15032204658209108241,1,14102100,1005,0,6256f5b4,28f93029,f028772b,ecad2386,7801e8d9,07d7df22,a99f214a,ab62836f,38a73904,1,0,18095,320,50,2060,3,39,100170,23
15032086949994025645,1,14102100,1005,0,85f751fd,c4e18dd6,50e219e0,febd1138,82e27996,0f2161f8,a99f214a,081358f6,aad45b01,1,0,19743,320,50,2264,3,427,100000,61
15031063482414594373,0,14102100,1005,0,85f751fd,c4e18dd6,50e219e0,39947756,2347f47a,cef3e649,622db994,cf23f85c,a9e0c3ab,1,3,17163,320,50,1955,3,163,100189,71
15034283092810489499,0,14102100,1010,1,85f751fd,c4e18dd6,50e219e0,8c0dcd5a,7801e8d9,0f2161f8,948e0940,c7c3f6c4,daa861e9,4,0,21310,320,50,2449,0,163,100241,91
1503603179814997657,0,14102100,1005,0,da79c793,71ed77a0,f028772b,ecad2386,7801e8d9,07d7df22,a99f214a,cac70705,8a4875bd,1,0,20596,320,50,2161,0,35,-1,157
