site_id,site_catcf,site_catcp
022cae3f,1,0.5
d60ce221,1,0.333333333333
5d93ebad,1,0.125
e92d8be1,1,0.5
c440e2b7,1,0.5
df91d904,1,0.5
16577ea5,1,0.0588235294118
09c2c829,1,0.25
4ef24939,1,0.0833333333333
321c8afb,1,0.0102040816327
e3e968dc,1,0.0625
45523dc6,1,0.333333333333
23756717,1,0.0909090909091
4f62cc06,1,0.333333333333
f8ee506a,1,0.333333333333
1dc57514,1,0.25
6e0adcea,1,0.25
8e2a6999,1,0.0588235294118
e04849b7,1,0.5
0c08b6b8,1,0.0285714285714
c280ce82,1,0.25
14eaf509,1,0.2
a8562654,1,0.0117647058824
d81edece,1,0.5
2e46ce25,1,0.2
e146127d,1,0.333333333333
2974e394,1,0.015873015873
2830cc55,1,0.25
627f522e,1,0.0909090909091
5297c072,1,0.047619047619
9f803d1b,1,0.333333333333
41c76965,1,0.5
ef2c2edd,1,0.5
23029590,1,0.5
682470b6,1,0.5
44409436,1,0.5
89733a19,1,0.5
803d3338,1,0.5
b935c3c7,1,0.0454545454545
fb9c6044,1,0.0909090909091
ecab04b5,1,0.5
2c5cbda8,1,0.25
71e4a1bf,1,0.03125
2d7ea600,1,0.0322580645161
6ee33876,1,0.0119047619048
e85ffaa5,1,0.01
c1cdf081,1,0.0285714285714
1a4f2ebb,1,0.2
20cd9091,1,0.0322580645161
56bddb22,1,0.5
26065e89,1,0.0714285714286
c7de668a,1,0.111111111111
695016bf,1,0.333333333333
08bbff54,1,0.0909090909091
2bd874c0,1,0.25
f5721680,1,0.166666666667
c0914730,1,0.0294117647059
99be6362,1,0.25
4a094f40,1,0.111111111111
13a427de,1,0.5
1394936d,1,0.125
7621bb32,1,0.166666666667
be4e229f,1,0.5
5a8f8bd2,1,0.5
263b1fce,1,0.0666666666667
4f2bddfc,1,0.5
01251c29,1,0.142857142857
f7e20427,1,0.0344827586207
eef14b8c,1,0.333333333333
4c4f71f8,1,0.111111111111
38df0c75,1,0.0833333333333
3c5d765d,1,0.002457002457
43b5a284,1,0.5
8a0037c5,1,0.02
61f4371b,1,0.0344827586207
42271449,1,0.25
b0872d0d,1,0.333333333333
1a2e795b,1,0.333333333333
50797a62,1,0.142857142857
cca83748,1,0.2
3b64c6f6,1,0.047619047619
d6d18946,1,0.2
f320194f,1,0.166666666667
99ef8276,1,0.5
146b144b,1,0.0277777777778
898d6e48,1,0.166666666667
8bbad100,1,0.00724637681159
14f4797c,1,0.142857142857
366a1d70,1,0.0227272727273
860d1dfd,1,0.25
5f660097,1,0.5
98478836,1,0.0212765957447
9e72247e,1,0.25
830de250,1,0.5
0f72c22f,1,0.2
64e14cc6,1,0.166666666667
6f484d66,1,0.333333333333
5d7d9b5f,1,0.5
237ea186,1,0.333333333333
e1bde2a5,1,0.166666666667
73415add,1,0.166666666667
bf979fc8,1,0.2
8d5d207a,1,0.125
8fcabd3e,1,0.05
cfa59b9c,1,0.25
dead5491,1,0.5
68826a4d,1,0.166666666667
a31627ac,1,0.5
9fec7585,1,0.0909090909091
31d5485c,1,0.0666666666667
0d192d70,1,0.5
86417e63,1,0.5
a8a650f0,1,0.2
d03709e8,1,0.142857142857
52f2cb38,1,0.5
f51d7d4b,1,0.2
62e26fa8,1,0.111111111111
d96f98c4,1,0.0909090909091
53ff5aa8,1,0.333333333333
c7295af2,1,0.111111111111
32794497,1,0.5
d0855fde,1,0.25
012662f7,1,0.125
5cf9443f,1,0.0909090909091
2d636336,1,0.0454545454545
91bb8d0a,1,0.0526315789474
9c50a7a8,1,0.5
4476c0ae,1,0.166666666667
4fecebb8,1,0.0178571428571
c36224b6,1,0.000111037086387
02b7845d,1,0.5
c6eb6988,1,0.5
0aa5068e,1,0.2
3d374724,1,0.2
ab6a13b5,1,0.0769230769231
6d205377,1,0.111111111111
f1a86965,1,0.5
4faf9dd8,1,0.00934579439252
28e60495,1,0.142857142857
a07c4ef7,1,0.0833333333333
e6f506cb,1,0.1
c017ee70,1,0.5
957613b7,1,0.0357142857143
0368b47e,1,0.333333333333
8ccaa130,1,0.333333333333
408c7a97,1,0.00826446280992
1d764032,1,0.2
8ad8448d,1,0.142857142857
dc058ec9,1,0.333333333333
030f5447,1,0.0625
bdb60aea,1,0.025
17526a46,1,0.125
e34881d7,1,0.5
caac8bbc,1,0.5
93cef075,1,0.333333333333
c45f7d5c,1,0.25
f8359b2d,1,0.111111111111
c3ea505e,1,0.5
44a9cf9c,1,0.1
da09100d,1,0.25
9b7fbb81,1,0.0833333333333
b1639635,1,0.142857142857
ba387e11,1,0.04
adf4e19b,1,0.0384615384615
c300064c,1,0.25
43891919,1,0.333333333333
e9d5a4fa,1,0.25
088c9073,1,0.166666666667
9def62fd,1,0.5
a18ebdf5,1,0.0666666666667
27ba7a97,1,0.333333333333
bc266cea,1,0.166666666667
cc0bfaac,1,0.5
c8b89cd8,1,0.5
aed85b19,1,0.125
0854eadf,1,0.5
57b9fafc,1,0.0769230769231
d09262e6,1,0.0454545454545
bf0ffd64,1,0.333333333333
d13ee621,1,0.0108695652174
a41867c5,1,0.2
5a7d0d17,1,0.166666666667
b228c084,1,0.333333333333
a4f6ee5e,1,0.5
1ad84bd5,1,0.1
b2bfb9e4,1,0.5
4ddfa597,1,0.333333333333
6b2e97c5,1,0.25
e681687c,1,0.0384615384615
82530cba,1,0.030303030303
862bb26d,1,0.037037037037
1952cec7,1,0.25
070e7b7d,1,0.5
508ea259,1,0.111111111111
c7b31dbc,1,0.111111111111
6ef7fc09,1,0.0333333333333
27bcac88,1,0.0454545454545
01717d7a,1,0.25
4cd817d5,1,0.00070126227209
754a155c,1,0.125
6730b3e5,1,0.5
055652eb,1,0.333333333333
5d1656ad,1,0.0833333333333
ee8d68a8,1,0.0188679245283
6d22bc99,1,0.1
b0e3e8f6,1,0.0909090909091
4e4cc75e,1,0.0833333333333
5e910e35,1,0.25
ed239495,1,0.166666666667
9c32cae5,1,0.5
2213eaec,1,0.5
08843375,1,0.333333333333
a0efb860,1,0.5
8d8905d8,1,0.5
1f5e8efe,1,0.0188679245283
14424f3e,1,0.00564971751412
1f2d9473,1,0.142857142857
4dd416b2,1,0.0833333333333
8bfe3df6,1,0.5
c5e82450,1,0.333333333333
37975254,1,0.5
90fe0051,1,0.0133333333333
d8c162e1,1,0.5
4c4493fd,1,0.0769230769231
7b8dd9d1,1,0.5
38ea694a,1,0.5
97178fdf,1,0.5
7658658f,1,0.0333333333333
37b67342,1,0.142857142857
500f3527,1,0.0909090909091
ff9840d2,1,0.5
bb46ef65,1,0.333333333333
3a871e8c,1,0.166666666667
53a616b5,1,0.125
8b12e0de,1,0.142857142857
1d09c3e0,1,0.1
436ed1e7,1,0.0625
2b4d5c50,1,0.2
469eef87,1,0.142857142857
c84b39a7,1,0.0769230769231
db8bb53b,1,0.0108695652174
09e1294b,1,0.166666666667
f6c448a8,1,0.5
bc99730e,1,0.5
3e54b7f8,1,0.5
f97b4d13,1,0.5
9e2f1ce6,1,0.2
c68ab749,1,0.333333333333
123d0aa5,1,0.5
6df8a843,1,0.142857142857
3e561d0c,1,0.25
3d23360c,1,0.0588235294118
d7288ceb,1,0.142857142857
af125500,1,0.0344827586207
b9cf48b8,1,0.5
4a64ae04,1,0.5
8023e17f,1,0.111111111111
6a5ac3b5,1,0.25
cfac8157,1,0.2
b4b41771,1,0.125
d67ec04d,1,0.0625
ca8dff5d,1,0.2
76c76e82,1,0.5
2fed2391,1,0.0028818443804
6710c170,1,0.5
11f0a70d,1,0.0625
5ca99928,1,0.333333333333
abf90bbe,1,0.2
adcbacca,1,0.2
3283e407,1,0.125
3a622c47,1,0.030303030303
ab8987c4,1,0.5
a8b622a4,1,0.142857142857
2c5a0c0a,1,0.111111111111
33a464c9,1,0.333333333333
5372c54b,1,0.333333333333
7ecc7eaa,1,0.0526315789474
f4a56989,1,0.5
2dc17f92,1,0.5
5f444b28,1,0.0196078431373
57fc153c,1,0.333333333333
0acc994f,1,0.0833333333333
477c292b,1,0.0294117647059
ea67f612,1,0.0714285714286
a7b96534,1,0.5
1243471b,1,0.333333333333
e41fe8c5,1,0.333333333333
41c9c7df,1,0.333333333333
a8b000d7,1,0.0204081632653
fca75d2a,1,0.2
77a3c52b,1,0.333333333333
0bd6c1a2,1,0.5
80c0bddc,1,0.0625
e2cfd966,1,0.2
fa2f411d,1,0.0277777777778
cde143f8,1,0.333333333333
175890c0,1,0.25
46b0ddfb,1,0.5
5418259e,1,0.2
e421a0c5,1,0.1
42d8bc30,1,0.05
7a378e27,1,0.0833333333333
c7b9878c,1,0.166666666667
045f6d08,1,0.333333333333
16b5f0c0,1,0.0833333333333
f203ec22,1,0.0526315789474
713fc504,1,0.111111111111
760bf05a,1,0.0666666666667
ac204a9e,1,0.5
46eb92b7,1,0.0909090909091
562009b8,1,0.5
6f31cc91,1,0.333333333333
6cd5e7e0,1,0.0625
519f5e8c,1,0.125
60394283,1,0.5
ee5e6d07,1,0.5
3525557b,1,0.0769230769231
4ad70216,1,0.142857142857
d1d511f5,1,0.000468164794007
e07d1f48,1,0.00480769230769
b1563d59,1,0.166666666667
7606de23,1,0.25
a956c0f9,1,0.25
c5003eb5,1,0.25
beb4af54,1,0.125
a9bb770f,1,0.111111111111
2cea1581,1,0.0344827586207
cb11003e,1,0.0526315789474
ec6e2d30,1,0.5
33b3b7dd,1,0.142857142857
6efe9c3b,1,0.0526315789474
debbc333,1,0.0434782608696
d12ce87b,1,0.0140845070423
96822031,1,0.333333333333
bd5caf8b,1,0.166666666667
656e1ab8,1,0.25
7f9b5e19,1,0.25
5f85bcd3,1,0.166666666667
a814a754,1,0.5
b5165f9e,1,0.25
7aabb49e,1,0.166666666667
fc05ea01,1,0.142857142857
63171100,1,0.5
4da308f2,1,0.025641025641
2ceda8e7,1,0.25
d90941d1,1,0.0666666666667
ba43619d,1,0.00531914893617
13d2ff90,1,0.027027027027
146b7aa1,1,0.333333333333
33fa5bfd,1,0.00124069478908
27e3ad60,1,0.0666666666667
3e4b0b28,1,0.2
ca781b09,1,0.0555555555556
a6e7e0d1,1,0.333333333333
47e7d61b,1,0.0833333333333
04c9328e,1,0.5
e0dfd16b,1,0.03125
f63249ec,1,0.5
72fe83ce,1,0.333333333333
3a5698de,1,0.25
db511b29,1,0.2
662dfee5,1,0.25
7693b7e0,1,0.5
cc26ad12,1,0.0357142857143
61c61685,1,0.2
db0c72bc,1,0.125
7b912197,1,0.0555555555556
12fd2705,1,0.0769230769231
b6bd4c1e,1,0.25
cf5f4be6,1,0.5
8353a846,1,0.1
625d5547,1,0.00609756097561
eda28042,1,0.5
d013bc46,1,0.142857142857
80546fa9,1,0.333333333333
8afb8de6,1,0.333333333333
edcb943c,1,0.5
96b26dd5,1,0.5
b002c0f7,1,0.0357142857143
cc3919ad,1,0.333333333333
02a45195,1,0.5
39cce823,1,0.5
35c393ae,1,0.142857142857
d16ba703,1,0.5
355c4559,1,0.25
c88e6460,1,0.25
11995fc2,1,0.00578034682081
6d831894,1,0.25
c2857fb9,1,0.25
b3380c23,1,0.1
92ed9840,1,0.5
61a1d337,1,0.037037037037
1f4e888f,1,0.047619047619
75d46769,1,0.0333333333333
8f99eb13,1,0.333333333333
d62fa613,1,0.25
fc0a7549,1,0.0454545454545
be282c34,1,0.5
b612cdcb,1,0.25
706c42ad,1,0.5
70cd5ee8,1,0.0714285714286
42f13d24,1,0.125
43833497,1,0.333333333333
bf979484,1,0.0769230769231
a27bf17f,1,0.5
855294fd,1,0.5
a9731e7b,1,0.1
53d7b7ef,1,0.142857142857
d261e27b,1,0.2
d1ecf3ec,1,0.5
e1009964,1,0.0454545454545
9cc8fc42,1,0.0666666666667
3cba8d1f,1,0.333333333333
d07f6dcb,1,0.2
f61531ef,1,0.333333333333
64cea274,1,0.5
3b517835,1,0.333333333333
accaa551,1,0.142857142857
b54a1de3,1,0.0909090909091
d3c2f6bd,1,0.333333333333
2cf92acd,1,0.0555555555556
2cbddc48,1,0.166666666667
4383281f,1,0.5
86f2e265,1,0.0294117647059
46bf159a,1,0.5
c078e342,1,0.25
0c0c06b0,1,0.0909090909091
f828498d,1,0.5
859fec7a,1,0.2
39baca5b,1,0.333333333333
33dc302d,1,0.0769230769231
2ca8bdfc,1,0.0238095238095
9dfeacb9,1,0.25
4702e0b1,1,0.142857142857
8f11bbb3,1,0.2
bef58d89,1,0.05
1bf0f8d0,1,0.00148367952522
33bf7a28,1,0.333333333333
d83295a5,1,0.0625
258bab19,1,0.0833333333333
430a5117,1,0.0625
57081af1,1,0.5
75c152eb,1,0.5
16df9adb,1,0.0204081632653
b1456e8b,1,0.333333333333
63f37011,1,0.333333333333
c658d21f,1,0.0666666666667
b64656b1,1,0.25
bac9639c,1,0.5
a4a944d7,1,0.142857142857
db9ec9f0,1,0.00581395348837
091c2c9b,1,0.125
1b313e91,1,0.25
4e20988a,1,0.333333333333
3dd3f6a6,1,0.0263157894737
304035ea,1,0.166666666667
843f93e3,1,0.5
11765359,1,0.5
410cb839,1,0.333333333333
23923b3e,1,0.0232558139535
0ba1c5e7,1,0.037037037037
82975e08,1,0.2
413d5518,1,0.2
66d9417f,1,0.2
30790acc,1,0.0714285714286
19f5aee5,1,0.142857142857
aaca6ef0,1,0.5
6c951a36,1,0.0384615384615
100b867d,1,0.166666666667
3bc3e002,1,0.125
223a77aa,1,0.166666666667
82aff59c,1,0.5
a5d1b489,1,0.333333333333
0a65ddd5,1,0.0588235294118
429a1f33,1,0.1
3a79407c,1,0.5
2bf73376,1,0.125
87dbfd61,1,0.25
a33ffa4a,1,0.5
a4145521,1,0.5
b19c68c5,1,0.2
a9e850df,1,0.5
f888f965,1,0.1
4d20bc4b,1,0.25
5d8ce7b5,1,0.333333333333
ff59665c,1,0.0238095238095
8724335d,1,0.333333333333
917fbe65,1,0.0833333333333
64be89a1,1,0.0454545454545
51a30b1c,1,0.25
6cd1bea9,1,0.166666666667
7d3a4098,1,0.5
21422606,1,0.333333333333
974ee2b6,1,0.5
f4bbde39,1,0.111111111111
de44d8a8,1,0.037037037037
34a00540,1,0.0454545454545
0b665712,1,0.0047619047619
d8d8519f,1,0.0769230769231
58539a51,1,0.5
07a2fc4f,1,0.04
0b353285,1,0.5
cfdc2e51,1,0.25
d381ee85,1,0.5
3bad8886,1,0.25
46748427,1,0.0212765957447
9175142c,1,0.166666666667
ba5e2d7b,1,0.1
1ce2e823,1,0.0151515151515
2e061c00,1,0.333333333333
549ebcb5,1,0.333333333333
4d6718af,1,0.166666666667
c35b70ac,1,0.111111111111
38d0a83c,1,0.5
d70e4330,1,0.111111111111
e12d431d,1,0.166666666667
05860e71,1,0.0588235294118
d47682fe,1,0.5
b7d3614c,1,0.0714285714286
4c38f5c2,1,0.333333333333
f6c4579a,1,0.5
f87855d7,1,0.5
eeb2e2a5,1,0.333333333333
fd61a7da,1,0.25
47b67f24,1,0.0625
4ebbca24,1,0.1
21b3d231,1,0.5
0a5c325b,1,0.0588235294118
dd2e3fba,1,0.5
cab0f4fd,1,0.0625
161e2081,1,0.2
7bf38d40,1,0.0344827586207
13b31263,1,0.0344827586207
ee61a894,1,0.333333333333
89cd1be9,1,0.25
a1eae508,1,0.25
3a978234,1,0.25
0b6ae668,1,0.333333333333
5c727514,1,0.00602409638554
2f8c1165,1,0.5
ba9c11c5,1,0.5
793cd64d,1,0.0714285714286
b0cdfc36,1,0.166666666667
18f93581,1,0.5
72eac7c5,1,0.5
85194a81,2,0.2
f8b5e3e3,2,0.2
62bbfc00,2,0.2
5a501379,2,0.0384615384615
e2c58157,2,0.4
2fa16878,2,0.0232558139535
0f6673ed,2,0.333333333333
9d0080e3,2,0.133333333333
5dc9cc50,2,0.333333333333
3ac5d91e,2,0.222222222222
cdb27e25,2,0.5
39f7e392,2,0.333333333333
632238aa,2,0.166666666667
1561bfe7,2,0.08
c111263e,2,0.142857142857
60fd66e6,2,0.222222222222
18ff3ac2,2,0.285714285714
41067e4c,2,0.666666666667
c685914b,2,0.25
390e985a,2,0.4
d61d0658,2,0.25
6f95cb7d,2,0.25
522580f6,2,0.125
3b6ad1e7,2,0.00947867298578
578f2a01,2,0.285714285714
9c45c2b3,2,0.0434782608696
6fcff501,2,5.72590111369e-05
455ac0d0,2,0.0166666666667
3e3f1592,2,0.285714285714
43726094,2,0.5
b1033db4,2,0.333333333333
511507e0,2,0.05
557d1198,2,0.4
0b6e967a,2,0.2
076fd845,2,0.0344827586207
bc3564f3,2,0.125
7ffbff0b,2,0.25
c5ce1d83,2,0.222222222222
4c7f47fc,2,0.047619047619
a2514528,2,0.00125865324103
eb4792c5,2,0.4
03e8af6b,2,0.153846153846
979a929c,2,0.125
93bf7a25,2,0.153846153846
c8669bea,2,0.666666666667
41066c31,2,0.05
0fdec006,2,0.4
098e18a3,2,0.047619047619
9fd919ea,2,0.105263157895
194e49f0,2,0.333333333333
182b15ce,2,0.666666666667
1d1d2058,2,0.153846153846
a52333d6,2,0.0512820512821
4e7411ea,2,0.105263157895
ad4fb630,2,0.181818181818
ae3979bf,2,0.333333333333
c2c7dac1,2,0.0377358490566
58a08515,2,0.0769230769231
8aa981db,2,0.0357142857143
d240c6be,2,0.105263157895
fe918eeb,2,0.285714285714
45a2ea01,2,0.666666666667
bfec68aa,2,0.0869565217391
011b0fda,2,0.111111111111
779de636,2,0.0625
945cd90c,2,0.333333333333
0e222a11,2,0.333333333333
ac195635,2,0.0588235294118
698f37db,2,0.0645161290323
1b4249c3,2,0.4
00476056,2,0.133333333333
ba5de683,2,0.5
32b86b86,2,0.4
3767c235,2,0.0909090909091
81bf62aa,2,0.666666666667
93ff9974,2,0.117647058824
93d37cee,2,0.666666666667
ca1d6ec4,2,0.4
981a24f9,2,0.00394477317554
2049e2bb,2,0.25
23233c2f,2,0.166666666667
4a0fb6d1,2,0.181818181818
5cd9c54b,2,0.222222222222
796e7ff2,2,0.0666666666667
b570764c,2,0.047619047619
a26d1be9,2,0.4
aab3612d,2,0.117647058824
5f4102a4,2,0.166666666667
1ddefbdd,2,0.666666666667
f759fd28,2,0.181818181818
69790746,2,0.4
222d0736,2,0.4
77cd8bf3,2,0.222222222222
a8c103d2,2,0.0357142857143
bf575090,2,0.2
5caafc31,2,0.0425531914894
f5343036,2,0.0588235294118
07169d49,2,0.153846153846
fb021a56,2,0.0606060606061
3d7097f2,2,0.025641025641
21beedfc,2,0.00452488687783
80c247a5,2,0.0212765957447
8bbbc181,2,0.0952380952381
f4a41a7f,2,0.333333333333
764399a7,2,0.2
4ba33bb6,2,0.00175901495163
897302f4,2,0.0235294117647
000aa1a4,2,0.666666666667
30f606d5,2,0.166666666667
9f99b01f,2,0.5
9c161acc,2,0.166666666667
e78efbe6,2,0.2
0b0149c2,2,0.666666666667
f426bfcf,2,0.105263157895
9c4cbbcc,2,0.666666666667
0318560f,2,0.5
bf4f01d5,2,0.5
6eb6ebcf,2,0.08
b7eed96d,2,0.0645161290323
0295efc0,2,0.166666666667
fb4f79b8,2,0.666666666667
559a8d87,2,0.285714285714
28391c05,2,0.25
c613727f,2,0.08
b9b0dd1e,2,0.0555555555556
e9784a08,2,0.08
b63f0981,2,0.111111111111
2c3ce923,2,0.05
b1709afe,2,0.4
80acccc7,2,0.0952380952381
ac7846cb,2,0.00990099009901
d422589b,2,0.0322580645161
58c6eb93,2,0.181818181818
d9b90e3e,2,0.0377358490566
340b7066,2,0.0645161290323
ae41be8e,2,0.166666666667
00cfcfd6,2,0.0909090909091
e6152acf,2,0.2
2d6a375a,2,0.285714285714
fdcf8992,2,0.5
fe1ecf60,2,0.5
00da5a8a,2,0.0952380952381
c2f59d0a,2,0.25
2cf25b08,2,0.0833333333333
871fcef6,2,0.4
edc8c80d,2,0.125
96adc29c,2,0.285714285714
ffdcedfa,2,0.1
3bbbaf8a,2,0.5
9a2edfb3,2,0.153846153846
00c4262f,2,0.5
e179d51d,2,0.5
b78091bd,2,0.222222222222
2cf43c2d,2,0.333333333333
02610967,2,0.285714285714
9e3f740b,2,0.222222222222
9f01534c,2,0.25
3eba3abd,2,0.0175438596491
2a0088df,2,0.333333333333
75012687,2,0.333333333333
653d910b,2,0.5
a48d0fbe,2,0.166666666667
db085bce,2,0.142857142857
46bf7b42,2,0.666666666667
72e0ac62,2,0.1
cf634d26,2,0.0555555555556
d95a745c,2,0.2
3491297b,2,0.25
cf892aa3,2,0.5
4acceee1,2,0.0909090909091
bdc74b24,2,0.1
06e498e7,2,0.666666666667
722b87d5,2,0.5
274b17ce,2,0.0869565217391
078001ab,2,0.5
fda21062,2,0.0210526315789
e3f433b0,2,0.0540540540541
fd5e76fb,2,0.666666666667
1e22855c,2,0.0869565217391
9da30c48,2,0.5
7ba73402,2,0.25
ab893f5b,2,0.181818181818
6ec1bb51,2,0.4
ae9df1d4,2,0.333333333333
dd868b2f,2,0.111111111111
95d5992f,2,0.333333333333
669b678c,2,0.0408163265306
d924e2d7,2,0.111111111111
1ae7e6b2,2,0.285714285714
152b207d,2,0.5
137035fb,2,0.0909090909091
719302d2,2,0.1
b22e2670,2,0.25
169c2662,2,0.153846153846
1d5464ef,2,0.25
79800d86,2,0.666666666667
e1fb59b8,2,0.0606060606061
326b0a13,2,0.4
ec4b3f1d,2,0.111111111111
547ddb7b,2,0.125
3c20a05a,2,0.00170794192997
54d94658,2,0.0344827586207
f5d1a67c,2,0.105263157895
e0fbf47c,2,0.333333333333
8deec63e,2,0.125
b7c047ca,2,0.5
92d78610,2,0.0526315789474
30245152,2,0.285714285714
18f080c2,2,0.222222222222
b858873a,2,0.0571428571429
3a72209e,2,0.166666666667
d3363614,2,0.0714285714286
64a88c69,2,0.0740740740741
c6f4a9e4,2,0.5
c6806ff8,2,0.222222222222
c7e2e6c2,2,0.666666666667
032457fb,2,0.166666666667
d77d8efd,2,0.166666666667
ae21e7ca,2,0.333333333333
f935dd64,2,0.25
0ea8f147,2,0.0769230769231
ca399bc8,2,0.142857142857
07c0f30b,2,0.0377358490566
76717b21,2,0.0909090909091
12000e95,2,0.166666666667
315a8036,2,0.111111111111
27e8075e,2,0.285714285714
0dd09e56,2,0.105263157895
b7088c1a,2,0.4
44b1927f,2,0.0606060606061
70b730b6,2,0.222222222222
44de026f,2,0.285714285714
cdd1bacc,2,0.222222222222
706c4398,2,0.4
b3be620e,2,0.0952380952381
d6d56f83,2,0.2
66a4b77f,2,0.0344827586207
218ab157,2,0.5
58d49431,2,0.285714285714
ae4d9eb1,2,0.181818181818
442d1223,2,0.08
e563a8d7,2,0.0833333333333
4b5c16d2,2,0.5
37690f42,2,0.0769230769231
54e84217,2,0.181818181818
50e69055,2,0.222222222222
a3512cdc,2,0.181818181818
d0460c2d,2,0.2
4e59c758,2,0.285714285714
5c3cf4a7,2,0.4
e8ffea3a,2,0.1
05214275,2,0.25
042d09b7,2,0.153846153846
2ff3e0e1,2,0.4
34f59754,2,0.117647058824
e5debe6a,2,0.222222222222
4b2bea90,2,0.4
62e4903e,2,0.4
e8f4b555,2,0.105263157895
5a070368,2,0.0714285714286
b491fd2c,2,0.2
b8ef7c84,2,0.142857142857
fed1a009,2,0.0327868852459
fe2b7e28,2,0.5
f5d61d6b,2,0.666666666667
b6959e87,2,0.5
e6ada4f1,3,0.25
665d2bed,3,0.375
21fe0a14,3,0.05
c73cf8e3,3,0.230769230769
5e2a5c16,3,0.0731707317073
46f599b1,3,0.032967032967
e42fe6f8,3,0.3
3a486540,3,0.176470588235
9c3674a4,3,0.111111111111
8e07d653,3,0.130434782609
2db48e91,3,0.0731707317073
fe6965ec,3,0.75
876e7b18,3,0.00141911069063
f9dc97a5,3,0.75
cbee0fc5,3,0.6
c7a76cff,3,0.3
dba6d642,3,0.3
381087ad,3,0.1
75ce76a3,3,0.25
57cac0bc,3,0.029702970297
1e1e1e2f,3,0.166666666667
bdb4567e,3,0.428571428571
974a884f,3,0.375
b692c7b2,3,0.3
e9ef74e3,3,0.115384615385
7a5273ea,3,0.75
2c9804e8,3,0.0170454545455
02e16f58,3,0.06
c9639aec,3,0.230769230769
1f25f346,3,0.333333333333
81a4dc25,3,0.25
078d3465,3,0.176470588235
8b765b16,3,0.375
84f2a3e1,3,0.214285714286
9d171a5b,3,0.333333333333
7c00223c,3,0.136363636364
3cbd816e,3,0.272727272727
3e2c903c,3,0.25
61c3ddfe,3,0.0483870967742
d1506c3e,3,0.157894736842
cbfa83aa,3,0.075
fa293e12,3,0.0535714285714
9ce8cdee,3,0.1
20831b65,3,0.75
d8e6402c,3,0.00996677740864
8d9e19c8,3,0.75
ef1d64af,3,0.75
7f9a9620,3,0.130434782609
824d71cf,3,0.0258620689655
0213b620,3,0.176470588235
d18ef778,3,0.021897810219
8c4134a4,3,0.333333333333
ff40087d,3,0.0566037735849
2a384a5d,3,0.157894736842
dcb976a5,3,0.0361445783133
0b3ad822,3,0.0185185185185
e3b34ffd,3,0.428571428571
94116d07,3,0.107142857143
243aa364,3,0.6
a930eef5,3,0.214285714286
9ee22e1a,3,0.25
d391a330,3,0.05
b75575b9,3,0.214285714286
fc7bc817,3,0.115384615385
477538c1,3,0.2
a36d1129,3,0.0909090909091
87e7f3a7,3,0.15
c5944aac,3,0.000206029805645
6b400013,3,0.272727272727
4b0e92f5,3,0.15
4dc32767,3,0.0909090909091
1a4b95c6,3,0.75
e9660540,3,0.2
7061cc3e,3,0.25
729ca938,3,0.0566037735849
4b9e88fd,3,0.375
e4bc1a66,3,0.375
57a6764b,3,0.272727272727
474240c0,3,0.0625
176b5d6b,3,0.0344827586207
40fed7d7,3,0.0909090909091
abcca5d0,3,0.00952380952381
92e84d37,3,0.3
92863226,3,0.103448275862
814b0498,3,0.12
3d285067,3,0.115384615385
021b532c,3,0.272727272727
20651555,3,0.136363636364
ae835c92,3,0.15
bd4ddf60,3,0.115384615385
767aaadf,3,0.333333333333
88070a0e,3,0.115384615385
577dc0bc,3,0.125
8480f5b7,3,0.272727272727
a3d3b11b,3,0.125
b39f8aad,3,0.1875
e5255c53,3,0.230769230769
74310e80,3,0.0258620689655
44fd20d9,3,0.05
c53b4619,3,0.75
6a46655d,3,0.0211267605634
78fc2126,3,0.272727272727
68a0bb9c,3,0.375
8f465f90,3,0.230769230769
be41279d,3,0.5
996b74ab,3,0.272727272727
be5019ab,3,0.1
7e0849a8,3,0.0526315789474
ee485e3f,3,0.0652173913043
a4ae03ab,3,0.115384615385
2e69e066,3,0.047619047619
16874c6c,3,0.0576923076923
5735e871,3,0.125
3cd5925d,3,0.6
1b6c2c7c,3,0.272727272727
19b92c45,3,0.0714285714286
69170ade,3,0.103448275862
7088862f,3,0.0166666666667
37f72a0e,3,0.6
1f9b93d1,3,0.0384615384615
6229e019,3,0.0326086956522
7aede992,3,0.025
3ab46de2,3,0.375
1d32fe02,3,0.75
75b3e7ef,3,0.230769230769
60e4b83b,3,0.0035799522673
32207e7a,3,0.214285714286
544705b1,3,0.0566037735849
c2839a75,3,0.0714285714286
16a2c062,3,0.166666666667
68473417,3,0.1
d0f6561e,3,0.5
c0d83cac,3,0.166666666667
8a12c237,3,0.375
028f551e,3,0.0405405405405
1d2dd110,3,0.375
503c45b0,3,0.00237906423473
5ecae200,3,0.333333333333
3a853d01,3,0.0909090909091
f687bc52,3,0.130434782609
0d482273,3,0.5
2acf67f3,3,0.333333333333
02aa8b13,3,0.5
775f0108,3,0.428571428571
d98acd0e,3,0.25
bbe6c351,3,0.3
f392c0c1,3,0.428571428571
6bde3905,3,0.230769230769
09a7c5b6,3,0.1875
1efcc0d9,3,0.06
3a66a5a5,3,0.0168539325843
dfd5f945,3,0.06
a44c6bf8,3,0.3
5f54e2e5,3,0.0149253731343
e4f6aee2,3,0.0769230769231
37dc1acc,3,0.428571428571
0772aa45,3,0.046875
539493a3,3,0.0652173913043
1119eeb1,3,0.375
d7bd1b5a,3,0.0666666666667
6c474eac,3,0.0434782608696
1a063ccb,3,0.176470588235
1e7573a2,3,0.0833333333333
fb28c45d,3,0.333333333333
c9503483,3,0.12
3d671de2,3,0.6
d2025eb4,3,0.0180722891566
a3bd852c,3,0.272727272727
43204b26,3,0.75
0bf8762a,3,0.272727272727
f8b66955,3,0.333333333333
38e289b1,3,0.075
50244fd7,3,0.333333333333
e1e2fe19,3,0.25
d9945eab,3,0.125
5a763686,3,0.107142857143
a46db3db,3,0.333333333333
9c2c4339,3,0.333333333333
a6263cff,3,0.75
6aedc770,3,0.333333333333
cf5b4819,3,0.15
4c8021ea,3,0.115384615385
98ef8561,3,0.428571428571
aa5cb92d,3,0.0666666666667
3e8f0647,3,0.333333333333
8d3626e7,3,0.25
8a3ef90f,3,0.428571428571
b657ab88,3,0.5
169cf8d6,3,0.130434782609
2e8272a8,3,0.111111111111
6b453f20,4,0.0330578512397
140c60de,4,0.571428571429
f6ddf182,4,0.235294117647
79df8c62,4,0.0533333333333
4d23517f,4,0.142857142857
8261c1ec,4,0.363636363636
3a2bf04a,4,0.190476190476
42ad488d,4,0.00803212851406
52e02e2a,4,0.8
7c157b0c,4,0.2
b29c890e,4,0.571428571429
4357c249,4,0.266666666667
13d22fb8,4,0.235294117647
cf5cfe9f,4,0.25
a09ce10c,4,0.307692307692
d384de4a,4,0.148148148148
a1123bfd,4,0.285714285714
c5906df1,4,0.173913043478
11ee95e8,4,0.222222222222
4241c1b3,4,0.571428571429
ab4f2854,4,0.102564102564
ebcccde1,4,0.333333333333
8d703822,4,0.108108108108
3b624dd8,4,0.5
9d0866a3,4,0.222222222222
ae4cedb1,4,0.285714285714
fe8ea44c,4,0.666666666667
4667ed40,4,0.078431372549
57292b7c,4,0.0952380952381
d2a85a58,4,0.181818181818
88bc3ec5,4,0.8
068758c7,4,0.181818181818
8d41b245,4,0.0512820512821
8cd4c81e,4,0.285714285714
f93816e1,4,0.0322580645161
8eb6cd50,4,0.166666666667
f31b6831,4,0.125
c2ee3944,4,0.047619047619
7a405306,4,0.153846153846
3058e14e,4,0.142857142857
9b85fa4e,4,0.235294117647
e9d0c5b8,4,0.153846153846
3c45902f,4,0.166666666667
7745acf8,4,0.571428571429
3c3d4aeb,4,0.4
942bff76,4,0.027972027972
a5200f51,4,0.210526315789
1b72ccd8,4,0.114285714286
d5c9fda3,4,0.666666666667
021ba5c7,4,0.0869565217391
42fc6aba,4,0.00954653937947
3a584bd2,4,0.00913242009132
3421ce46,4,0.190476190476
54ca087b,4,0.444444444444
fe9c7f90,4,0.102564102564
2081f069,4,0.0300751879699
c306b25a,4,0.018779342723
3040e684,4,0.285714285714
7aa4945c,4,0.333333333333
76f70dde,4,0.129032258065
ecfe0a13,4,0.0677966101695
c5e25ae6,4,0.235294117647
17e0805f,4,0.666666666667
52c718ba,4,0.0129449838188
0e490350,4,0.5
fb94dde0,4,0.108108108108
a5f2b197,4,0.0512820512821
3da070e7,4,0.235294117647
432ed90a,4,0.307692307692
5e27a8ce,4,0.25
4dd7fbed,4,0.285714285714
6ad085f2,4,0.444444444444
4039fe98,4,0.05
a10b1ce4,4,0.111111111111
5374805d,4,0.00326530612245
5684b3a9,4,0.266666666667
4bbddb68,4,0.210526315789
8d8581db,4,0.8
1820df62,4,0.043956043956
13fc4325,4,0.4
95cfa3ba,4,0.142857142857
94e97521,4,0.363636363636
b6378215,4,0.571428571429
1d13fa01,4,0.285714285714
9d40630e,4,0.333333333333
d18b8b01,4,0.4
a7a71ee2,4,0.00554785020804
ca867e3e,4,0.0869565217391
583c8e28,4,0.0851063829787
b118c80a,4,0.137931034483
a9b19f81,4,0.8
c48770af,4,0.444444444444
1caf5111,4,0.285714285714
c893523d,4,0.8
bd59bedd,4,0.285714285714
860c80ab,4,0.032
10945795,4,0.571428571429
f5a63d35,4,0.285714285714
d00d4bf2,4,0.121212121212
f604ff55,4,0.00418848167539
bc9ab09f,4,0.093023255814
f82a97e0,4,0.020942408377
06d770c0,4,0.4
798f7d0b,4,0.102564102564
e5866536,4,0.363636363636
7dce554c,4,0.00907029478458
e5097003,4,0.020202020202
6f7e73c7,4,0.173913043478
292ec819,4,0.571428571429
74fd3234,4,0.181818181818
efa1f468,4,0.222222222222
f4a5b3f6,4,0.16
8f62353f,4,0.129032258065
23797cea,4,0.307692307692
bf34e4b5,4,0.0194174757282
61f44b54,4,0.444444444444
43657ba6,4,0.307692307692
5729d963,4,0.571428571429
488e7205,4,0.5
18560bcd,4,0.040404040404
df935ad1,4,0.25
cb5d0b86,4,0.190476190476
5a193c2a,4,0.25
86981712,4,0.0714285714286
cbb13dd6,4,0.363636363636
ba026e4d,4,0.363636363636
2910f0c2,4,0.333333333333
96eaee28,4,0.8
292c5ede,4,0.235294117647
63978cce,5,0.384615384615
89c3d2bf,5,0.106382978723
d62265e2,5,0.0943396226415
6ac91893,5,0.125
0329000f,5,0.0724637681159
78a3f57c,5,0.25
675e9f6f,5,0.277777777778
c5c92d40,5,0.3125
f2271eda,5,0.142857142857
b6c4d682,5,0.0769230769231
dc2babb4,5,0.0125
2b3f1160,5,0.135135135135
606b1e07,5,0.172413793103
9b3d72e6,5,0.238095238095
5c446ec1,5,0.047619047619
07a6ddcf,5,0.555555555556
6856303d,5,0.0724637681159
3d3a9185,5,0.125
64c9f28d,5,0.104166666667
45ad82fa,5,0.125
d6a07a39,5,0.0282485875706
849bf4af,5,0.0588235294118
ffc29ba5,5,0.0769230769231
3c689bc8,5,0.454545454545
0afe1d37,5,0.454545454545
6aabd133,5,0.0568181818182
9f1fe97f,5,0.00288850375505
940a1d72,5,0.192307692308
cf4550d9,5,0.227272727273
2fa09087,5,0.238095238095
aa4e29f6,5,0.010593220339
d5270a3a,5,0.625
28007929,5,0.416666666667
97e9a81f,5,0.00475285171103
152079e1,5,0.0581395348837
811c2c1d,5,0.714285714286
70ce24b7,5,0.555555555556
d9e93013,5,0.277777777778
365fa285,5,0.217391304348
a1d7a28f,5,0.0181818181818
fc112a3d,5,0.108695652174
3a2f0507,5,0.833333333333
76e45425,5,0.147058823529
ee2afc0f,5,0.0431034482759
3572dfc1,5,0.3125
a4553eb7,5,0.217391304348
4848ab00,5,0.416666666667
4d51e6d3,5,0.3125
53b6ce1f,5,0.555555555556
0f386914,5,0.416666666667
99474d72,5,0.0118483412322
312b5ecb,5,0.0526315789474
4ad5dcb7,5,0.049504950495
0484d43a,5,0.5
25134838,5,0.178571428571
55bc5e6c,5,0.625
963701ee,5,0.113636363636
b45b1fcc,5,0.106382978723
b8561528,5,0.0058207217695
6b06f663,5,0.294117647059
ad371100,5,0.833333333333
0c02d7ea,5,0.0520833333333
d61be5d4,5,0.357142857143
defb1844,5,0.172413793103
5d976660,5,0.25
cb7d700e,5,0.0555555555556
6cf6f576,5,0.131578947368
a006abd1,5,0.277777777778
1685b0a8,5,0.037037037037
08cecc8e,5,0.185185185185
4671e415,5,0.416666666667
acf813af,5,0.0179856115108
d4e385f3,5,0.0877192982456
990ac8e6,5,0.25
d68d3461,5,0.138888888889
14f9b8c5,5,0.294117647059
8fab8b3f,5,0.047619047619
606692f4,5,0.125
84a15526,5,0.263157894737
5fca0d47,5,0.0909090909091
a13b7430,5,0.277777777778
ea40a74a,5,0.15625
207b1b7f,5,0.208333333333
e2ae829f,5,0.0135869565217
f203fb1d,5,0.208333333333
507ac8f2,5,0.0684931506849
4c1ad36d,5,0.0892857142857
1d1a1cc7,5,0.178571428571
744b47d2,5,0.166666666667
08d892c7,5,0.0714285714286
3030e8ea,5,0.0265957446809
c6c5e71c,5,0.5
1b0ed886,5,0.238095238095
076a7ce0,5,0.5
25995f1c,5,0.0234741784038
6f03c1b6,5,0.357142857143
e3088707,5,0.454545454545
6426a2a7,5,0.0359712230216
95ae7ee3,5,0.0110619469027
f07539ff,5,0.0862068965517
3ed01101,6,0.181818181818
391f2186,6,0.4
c1f33af4,6,0.315789473684
5f191c7a,6,0.0923076923077
90c85c78,6,0.0869565217391
4110af2f,6,0.545454545455
7f29b648,6,0.157894736842
6ddd2cf1,6,0.12
827d3fb3,6,0.115384615385
4544c504,6,0.0246913580247
68b9596f,6,0.3
53c678ae,6,0.157894736842
2e60032b,6,0.666666666667
ec2bc575,6,0.0740740740741
7efb63a8,6,0.3
6e20e0e1,6,0.206896551724
1ae15661,6,0.75
33fc9515,6,0.230769230769
d876a883,6,0.127659574468
174085c1,6,0.4
6c276dc3,6,0.162162162162
dde8c24f,6,0.0387096774194
6e77bd0b,6,0.0882352941176
be255eb1,6,0.122448979592
a011e44e,6,0.107142857143
0ff08e21,6,0.666666666667
d9490ec9,6,0.193548387097
5488a203,6,0.461538461538
ab0e101b,6,0.0192926045016
860e6dda,6,0.11320754717
af62ef47,6,0.0857142857143
27871789,6,0.176470588235
fcadce02,6,0.857142857143
c95e3c4a,6,0.11320754717
79e8e7f2,6,0.2
f68fcd3c,6,0.0301507537688
688b6706,6,0.171428571429
b034b6c7,6,0.0594059405941
967df9cd,6,0.0298507462687
47509647,6,0.109090909091
756df6f9,6,0.461538461538
d1e2e94b,6,0.5
c6cc45df,6,0.09375
6b0f0c57,6,0.0769230769231
5aee3b8c,6,0.75
4bc53306,6,0.0491803278689
adc637ba,6,0.285714285714
af18b5e0,6,0.0833333333333
f4c9256c,6,0.103448275862
95c20a3f,6,0.428571428571
aff3b87b,6,0.0681818181818
0f8c2cf7,6,0.0689655172414
d35aa4c6,6,0.15
013e516e,6,0.2
93f9c9e6,6,0.122448979592
7e93c8eb,6,0.041958041958
8f5063f8,6,0.315789473684
259b7ff3,6,0.00191021967526
f9c17902,6,0.230769230769
cb08fe33,6,0.6
39a1ab6a,6,0.25
8c48f814,6,0.4
24e04145,6,0.1875
e3ef9710,6,0.0212014134276
edc21329,6,0.214285714286
9fe31a99,6,0.333333333333
c4489453,6,0.0251046025105
d218b4b6,6,0.24
fb14a7f9,6,0.0909090909091
8531333c,6,0.0100334448161
80a88e95,6,0.666666666667
e918ce66,6,0.11320754717
fe23875d,6,0.333333333333
881897fe,6,0.130434782609
a89b9336,6,0.0952380952381
248ed81a,6,0.0189873417722
1c82a473,6,0.0170454545455
77d50753,6,0.0789473684211
f5838e78,6,0.162162162162
9d419f12,6,0.222222222222
5bf18a03,6,0.0521739130435
337638fb,6,0.0340909090909
f4810456,6,0.428571428571
dcccf40b,6,0.1875
0adb17f3,6,0.5
39bd5ac6,6,0.157894736842
97b671ff,6,0.352941176471
7fd41718,6,0.166666666667
88272e04,6,0.0526315789474
e0a98774,6,0.142857142857
bfc98154,6,0.260869565217
5c336903,6,0.206896551724
f4c83917,6,0.0405405405405
81fc355f,6,0.461538461538
2eac6850,6,0.222222222222
9e7db4eb,6,0.181818181818
81318160,6,0.285714285714
d93b5553,7,0.241379310345
fee8da23,7,0.0460526315789
a543706e,7,0.0469798657718
991de18b,7,0.0795454545455
ef84131c,7,0.233333333333
9a032bf6,7,0.538461538462
0ec2b8a9,7,0.466666666667
ca4ee4a4,7,0.0736842105263
0bc8a011,7,0.0921052631579
1b9c3bd3,7,0.318181818182
aaec060a,7,0.109375
6855cc16,7,0.0295358649789
448927b2,7,0.291666666667
0c5d3b65,7,0.333333333333
70dd8336,7,0.0786516853933
558e8df6,7,0.134615384615
74904008,7,0.155555555556
94c32c4d,7,0.225806451613
ebfa0432,7,0.304347826087
ad07bffc,7,0.466666666667
999de637,7,0.777777777778
321877aa,7,0.291666666667
70606640,7,0.145833333333
efa90157,7,0.318181818182
ea63007f,7,0.2
8f6ae7ea,7,0.175
ff4425e5,7,0.05
b8c50981,7,0.194444444444
a58fb27f,7,0.0120689655172
76bb56d6,7,0.00272798129384
fb8699e5,7,0.0133333333333
b1d08c2c,7,0.0693069306931
dbf3f634,7,0.00245786516854
747d4ab5,7,0.194444444444
4da50272,7,0.0299145299145
0c6adf5c,7,0.333333333333
95cf4f98,7,0.333333333333
5a51436e,7,0.0194986072423
145e74a4,7,0.28
78647fa8,7,0.35
33061721,7,0.269230769231
61118623,7,0.212121212121
d71602ee,7,0.0194444444444
d30bde6a,7,0.35
02546dd5,7,0.00625558534406
7664dcd3,7,0.466666666667
fd73960d,7,0.212121212121
ecf90e24,7,0.0507246376812
8a003607,7,0.333333333333
337f7709,7,0.35
e0e3a982,7,0.159090909091
902d68d6,7,0.241379310345
f964f357,7,0.184210526316
60bfb01d,7,0.4375
e02b4cf4,7,0.159090909091
66095cf2,7,0.35
839765d3,7,0.875
4e0f8103,7,0.0648148148148
63e90429,7,0.148936170213
fb08a55b,8,0.533333333333
bb9c98dd,8,0.242424242424
79577261,8,0.190476190476
23ed8405,8,0.108108108108
57cdab2a,8,0.0808080808081
d79f6cbb,8,0.106666666667
1b84e3e3,8,0.307692307692
f46018a1,8,0.0462427745665
5a61a08f,8,0.026402640264
b90de9e7,8,0.363636363636
a699a284,8,0.533333333333
9e293f11,8,0.026936026936
09dd8b30,8,0.0808080808081
a01cbd7c,8,0.4
d6319fac,8,0.19512195122
a1566b26,8,0.347826086957
8684e360,8,0.0610687022901
2ef2be34,8,0.380952380952
a72f94e9,8,0.046783625731
cb1a5df0,8,0.142857142857
b48199a9,8,0.0776699029126
a8dcd402,8,0.186046511628
2001c609,8,0.16
0222f9ee,8,0.123076923077
a3ffa5c9,8,0.0963855421687
f3e83a66,8,0.363636363636
2e8f986d,8,0.0629921259843
a6086a9a,8,0.0888888888889
02ffe73f,8,0.170212765957
6bb12014,8,0.888888888889
d30b343e,8,0.5
e5a0de9c,8,0.615384615385
16b4810b,8,0.156862745098
9853a212,8,0.0898876404494
99b4d81e,8,0.173913043478
8e5b6999,8,0.275862068966
de9ca5a7,8,0.258064516129
ebcb8d04,8,0.0816326530612
851cabf6,8,0.533333333333
30a3a37d,8,0.126984126984
8287a32c,8,0.222222222222
89e4481e,8,0.129032258065
f1e5d855,8,0.0282685512367
9a4ca560,8,0.156862745098
ef1206b5,8,0.5
6a649faf,8,0.380952380952
2cdfa4ac,8,0.103896103896
8ad7a49f,8,0.266666666667
b2fcba59,8,0.8
fdff791e,8,0.571428571429
6b6ce274,8,0.32
4f9550e2,8,0.0459770114943
b1c638b5,8,0.0559440559441
060309a2,8,0.05
e66059ea,8,0.00435967302452
570fe027,8,0.19512195122
7a0f9a7f,8,0.470588235294
efead183,8,0.25
d71b19f2,8,0.32
4bcf3b2e,8,0.047619047619
f86744ec,8,0.109589041096
c6f0694e,8,0.0267558528428
2012f737,8,0.190476190476
d8b234a6,8,0.222222222222
500400f8,8,0.615384615385
b4fd57f4,8,0.0579710144928
9c85b71e,8,0.0427807486631
2e1e57b2,8,0.25
7fd427e1,8,0.421052631579
cde322b7,8,0.145454545455
17c95ba2,8,0.242424242424
d7d3e3c5,8,0.108108108108
3a77112d,8,0.216216216216
51550353,9,0.0978260869565
e5541fbe,9,0.118421052632
37424d8c,9,0.204545454545
8b41f15f,9,0.0666666666667
495a2758,9,0.409090909091
69919840,9,0.333333333333
303ba0ee,9,0.473684210526
46a708ff,9,0.121621621622
1d6dd343,9,0.0236842105263
4c865e71,9,0.155172413793
2415bccd,9,0.375
8274ff04,9,0.03515625
47b1201a,9,0.163636363636
f41e72eb,9,0.191489361702
ac7b1ffb,9,0.36
e4fa5806,9,0.128571428571
961ed9b9,9,0.176470588235
ab24733e,9,0.473684210526
dc517d1f,9,0.0803571428571
a3ee7c81,9,0.038961038961
45b72c87,9,0.375
b6bf22a3,9,0.136363636364
bd93d7d3,9,0.0314685314685
858c7065,9,0.101123595506
117d4d05,9,0.0502793296089
cc8dbca4,9,0.473684210526
1ec7c24b,9,0.163636363636
8dc965dd,9,0.0692307692308
760ca467,9,0.0466321243523
3a07270d,9,0.136363636364
c7a67cd9,9,0.0796460176991
36717516,9,0.06
7d452d7e,9,0.0891089108911
56e42b1c,9,0.10843373494
029faab5,9,0.28125
1a81f493,9,0.75
a5a5cf65,9,0.142857142857
61e8f1fe,9,0.107142857143
0b4f552f,9,0.09
4ac4c910,9,0.310344827586
3a3c3de5,9,0.692307692308
ee5b25f9,9,0.109756097561
c82c647c,9,0.214285714286
26818694,9,0.346153846154
4ef9a1ee,9,0.05625
0c2fd8de,9,0.163636363636
915e0e70,9,0.204545454545
4f0a426c,9,0.0566037735849
f86ed51c,9,0.243243243243
241de594,9,0.204545454545
60b2efb3,9,0.204545454545
782e66e7,9,0.0796460176991
72d77ade,9,0.219512195122
4f9e41f2,9,0.321428571429
8f4a7b0c,9,0.027950310559
e4eb2141,9,0.0841121495327
fa43f4ce,9,0.473684210526
904ef4da,10,0.0552486187845
278f8f77,10,0.131578947368
c26b299b,10,0.0854700854701
67140f28,10,0.243902439024
bd36ed24,10,0.416666666667
a3d9a1db,10,0.263157894737
096fc4fb,10,0.357142857143
fe30bd60,10,0.526315789474
b6c7c98f,10,0.0523560209424
afa4ee52,10,0.0884955752212
f67a8f4c,10,0.227272727273
09e4ecb9,10,0.0194174757282
72b11e77,10,0.147058823529
22a5784e,10,0.126582278481
e3beeed7,10,0.5
157bb93c,10,0.47619047619
095abd1d,10,0.014880952381
a3599e81,10,0.15873015873
0d0207b0,10,0.123456790123
892553e7,10,0.294117647059
70b78fa0,10,0.178571428571
2ff11fd6,10,0.0348432055749
a9da6fc9,10,0.034965034965
c0559643,10,0.188679245283
2352189d,10,0.416666666667
ac329c67,10,0.0892857142857
4f0a57a8,10,0.25
bb407509,10,0.0155763239875
426b0559,10,0.0128865979381
0b3ebe89,10,0.149253731343
5a0a1c19,10,0.294117647059
424f3d43,10,0.555555555556
518d6168,10,0.00353107344633
7e0611a3,10,0.116279069767
0e714be0,10,0.384615384615
db3ea4cd,10,0.0492610837438
49c3922f,10,0.034965034965
e515fa2b,10,0.0892857142857
4745f1fc,10,0.0877192982456
1661bb7f,10,0.0448430493274
d4db2fb0,10,0.555555555556
c548034c,10,0.0934579439252
c753d07d,10,0.00172860847018
e54b036a,10,0.00583771161705
9010c525,10,0.10752688172
40d8917f,10,0.077519379845
de360fa2,10,0.0925925925926
33175400,10,0.25
9ad968e8,10,0.588235294118
936cd5b6,10,0.0840336134454
3a611802,10,0.036496350365
c0e7b843,10,0.144927536232
4bdfbbaf,10,0.0014415453366
35cf093a,10,0.47619047619
941d6327,10,0.263157894737
6b8f7658,10,0.0591715976331
3dab066a,10,0.04329004329
7ff03653,10,0.47619047619
c2cee541,10,0.4
3d623d34,11,0.0916666666667
a4316f97,11,0.0846153846154
551f77ce,11,0.0506912442396
50cf8ee6,11,0.0102899906455
462db17d,11,0.0604395604396
6020550b,11,0.379310344828
38324255,11,0.0894308943089
0549db02,11,0.229166666667
25d905da,11,0.333333333333
94b21ebe,11,0.297297297297
5880bd01,11,0.234042553191
0d1917c4,11,0.297297297297
ba85e0e9,11,0.0763888888889
c2335bb3,11,0.107843137255
ee97bea5,11,0.0827067669173
174b732a,11,0.0635838150289
2391ce3f,11,0.6875
7bcf7a7c,11,0.268292682927
84b8986b,11,0.0639534883721
8fd5b173,11,0.224489795918
d381b72d,11,0.255813953488
0551477b,11,0.2
28f6e24a,11,0.177419354839
dd98f83f,11,0.164179104478
c84a96e5,11,0.120879120879
adc0f98d,11,0.0901639344262
c7c875bb,11,0.0743243243243
aacdc6bb,11,0.282051282051
60089564,11,0.323529411765
0b8f2e7a,11,0.166666666667
0fd1c770,11,0.379310344828
45b9da38,11,0.229166666667
1b1c7b7f,11,0.189655172414
37a7f08e,11,0.282051282051
3c04de20,11,0.366666666667
c6d4e6cc,11,0.00710135571336
08a4adea,11,0.11
3e392171,11,0.478260869565
0aa33af9,11,0.150684931507
b74a1621,11,0.122222222222
003cf93d,11,0.150684931507
fe2e8046,11,0.186440677966
d460e600,11,0.22
16653867,11,0.379310344828
73ccaee7,11,0.611111111111
f46d1f9f,11,0.0852713178295
447a046d,11,0.407407407407
63e0247c,11,0.44
d3affde2,11,0.130952380952
5f7d1de0,11,0.323529411765
e47152fa,11,0.111111111111
f39e07af,11,0.134146341463
d515bda8,11,0.114583333333
d8090e40,11,0.0591397849462
ad7d593d,11,0.733333333333
42167683,11,0.366666666667
b0c44dfd,11,0.119565217391
f1453ed0,12,0.413793103448
7cec4317,12,0.142857142857
0f3c73b5,12,0.117647058824
ed0b2078,12,0.285714285714
eaa48307,12,0.705882352941
a73ba730,12,0.222222222222
55e8bb6a,12,0.164383561644
a97cc40c,12,0.0459770114943
9583e5b1,12,0.307692307692
572b1ee1,12,0.0442804428044
33de3cff,12,0.0774193548387
644f8674,12,0.244897959184
50ef921c,12,0.106194690265
a60fe7d7,12,0.134831460674
665fd407,12,0.117647058824
a2af7bee,12,0.1875
c774c424,12,0.387096774194
7ec6098b,12,0.210526315789
8602e748,12,0.048
8b6e6813,12,0.0366972477064
7026eb5f,12,0.144578313253
49359fb4,12,0.123711340206
65a4d581,12,0.279069767442
d91f6f41,12,0.0373831775701
40165ece,12,0.0983606557377
3a3e276f,12,0.153846153846
dbabc4c0,12,0.0594059405941
030095a6,12,0.118811881188
c6ac6801,12,0.24
2abe05f2,12,0.0294117647059
06487a36,12,0.0839160839161
6400b70d,12,0.4
6f0b75ad,12,0.285714285714
38a37a8e,12,0.0759493670886
ed3b812e,12,0.0356083086053
c5689074,12,0.09375
2864729d,12,0.5
19bdf4e4,12,0.25
14789796,12,0.107142857143
57d2ac52,12,0.157894736842
a31df9ce,13,0.224137931034
cb6880f8,13,0.220338983051
ca76df43,13,0.0513833992095
da3f6c75,13,0.0755813953488
68228432,13,0.0984848484848
81b8de02,13,0.0722222222222
8ba3496d,13,0.191176470588
3281dc62,13,0.0570175438596
19aea182,13,0.115044247788
57deebc4,13,0.103174603175
b0dab9cf,13,0.309523809524
2ccb7139,13,0.0233393177738
dcc8211c,13,0.149425287356
f84c4ed8,13,0.206349206349
e8b73128,13,0.134020618557
7260bca1,13,0.333333333333
e2f26a17,13,0.0144444444444
782a319e,13,0.0844155844156
87d3168c,13,0.65
2b9692cf,13,0.0309523809524
831a79fb,13,0.0483271375465
5f93de7c,13,0.0249042145594
17176773,13,0.112068965517
93028f16,13,0.128712871287
2b48a46a,13,0.0360110803324
4b0282c8,13,0.166666666667
8baeafec,13,0.180555555556
2a17fa66,13,0.0260521042084
a279a7ee,13,0.65
ac843452,13,0.064039408867
653f65e4,13,0.0222222222222
410b82cc,13,0.288888888889
89163b3c,13,0.112068965517
8ac61d5d,13,0.309523809524
a5fdc1f4,13,0.113043478261
aa3369e6,13,0.12037037037
915962cf,13,0.0962962962963
043ae9f3,13,0.173333333333
a6ee9663,13,0.317073170732
8756a509,13,0.154761904762
af3a7dd2,14,0.291666666667
28e62e0c,14,0.0985915492958
89b64ce6,14,0.0538461538462
150c1c02,14,0.2
c34fef82,14,0.12962962963
78d431de,14,0.0128558310376
7dd7ac7b,14,0.116666666667
80359d85,14,0.170731707317
d20c06bd,14,0.127272727273
be0b36be,14,0.21875
873df4a2,14,0.186666666667
fe2e12fe,14,0.518518518519
160250e4,14,0.0178117048346
303f11fb,14,0.0696517412935
d191be52,14,0.254545454545
2385511f,14,0.291666666667
04ef538e,14,0.56
70a14934,14,0.0590717299578
3180f431,14,0.16091954023
b1a3858c,14,0.0732984293194
addb42db,14,0.141414141414
e7bf3570,14,0.0492957746479
7ec4f2aa,14,0.179487179487
fd4646db,15,0.217391304348
a2bf42d1,15,0.132743362832
3b0144a9,15,0.0442477876106
c35edca1,15,0.0590551181102
528649d8,15,0.192307692308
09ffd882,15,0.441176470588
c0a1d019,15,0.208333333333
496da7a5,15,0.161290322581
1bd4bac0,15,0.0837988826816
d4f57f92,15,0.0533807829181
315914b1,15,0.144230769231
957c2249,15,0.0539568345324
0c8188c6,15,0.0595238095238
b26c34cc,15,0.0961538461538
ff255427,15,0.31914893617
cf49edec,15,0.0401069518717
c3c7062c,15,0.106382978723
bbb771ed,15,0.357142857143
8d1b4b27,15,0.576923076923
ab19422d,15,0.0182926829268
f4a4fc10,15,0.0862068965517
00b73968,15,0.375
3960784b,15,0.2
978ac369,15,0.116279069767
42182cef,15,0.46875
f28eeb75,15,0.6
c1e9bf32,15,0.142857142857
eb31cc6e,15,0.15625
052ba598,15,0.0641025641026
a0f80f33,15,0.0477707006369
be54cd09,15,0.0583657587549
b96a8adf,15,0.192307692308
fe7d2ab4,15,0.0290135396518
1a070cab,15,0.0285171102662
54391e7b,15,0.384615384615
2ac7ba12,15,0.0263620386643
2bc0c8c5,16,0.25
b9d6a79c,16,0.1
2c96d4e4,16,0.271186440678
388a32dd,16,0.114285714286
cfc5bb78,16,0.011585807386
dd5690b1,16,0.146788990826
cd32cfbe,16,0.457142857143
5029b7c5,16,0.355555555556
68482f13,16,0.14953271028
d946355b,16,0.0792079207921
4217f5cd,16,0.421052631579
f345b20b,16,0.262295081967
c6302a4b,16,0.188235294118
cd4909d0,16,0.313725490196
e1db5c62,16,0.045584045584
ed6cea5c,16,0.104575163399
3adb3df6,16,0.137931034483
c69425c0,16,0.017316017316
6618856d,16,0.0355555555556
e0930469,16,0.4
7ff7a3f2,16,0.290909090909
01da43f6,16,0.135593220339
cd61f2dc,16,0.266666666667
acea2d95,16,0.12030075188
7b123a79,16,0.20253164557
39e4126e,16,0.0855614973262
65bb6a59,16,0.0650406504065
5688747d,16,0.150943396226
b25943cc,16,0.210526315789
a838a8a6,16,0.0408163265306
6464c80a,16,0.175824175824
16cad76c,16,0.177777777778
6b7ebaa0,16,0.242424242424
cdf91130,17,0.108974358974
c621843d,17,0.320754716981
85b6e9cb,17,0.395348837209
4f98a473,17,0.06463878327
afd86813,17,0.36170212766
eb598f71,17,0.0923913043478
7eb59634,17,0.0412621359223
c8de7bb1,17,0.298245614035
cc7beb1b,17,0.0389908256881
15203e9d,17,0.119718309859
917f6df9,17,0.28813559322
3d3671f3,17,0.126865671642
bcb175bd,17,0.459459459459
9208d6e1,17,0.0669291338583
7baa6969,17,0.202380952381
475fd1a9,17,0.314814814815
53c609e1,17,0.0260336906585
46d499a8,17,0.015873015873
75e3624c,17,0.0112359550562
ffad33d9,17,0.147826086957
a72f40ce,17,0.34
79269cff,17,0.114864864865
8eaae798,17,0.153153153153
9c842148,17,0.0129573170732
23516064,17,0.0944444444444
c30b87cb,17,0.53125
ad350224,17,0.157407407407
f5ed5386,17,0.155963302752
deb24fc8,17,0.0146804835924
6f9ed745,17,0.141666666667
63665b80,17,0.283333333333
0f622745,17,0.0841584158416
125112e3,17,0.0651340996169
70f4243b,17,0.114093959732
d6310c65,17,0.0841584158416
ee103e6e,17,0.53125
8e963ca5,17,0.320754716981
32f3709f,17,0.0502958579882
cff3892a,18,0.0869565217391
f4586eab,18,0.130434782609
cfc22fc6,18,0.0334572490706
27509441,18,0.58064516129
822be9e9,18,0.315789473684
d4361108,18,0.209302325581
00f5367d,18,0.225
ff55c4ea,18,0.0490463215259
12cf1d8e,18,0.28125
40752d0c,18,0.181818181818
0e3aeeeb,18,0.037422037422
c12ebe86,18,0.0878048780488
666771d6,18,0.305084745763
9fe5a9e2,18,0.0173745173745
e53bc212,18,0.473684210526
1b435564,18,0.141732283465
c2754caa,18,0.08
c4af9354,18,0.197802197802
95d2b2f6,18,0.5
39b54c66,19,0.102150537634
815c2cc6,19,0.358490566038
c329a46c,19,0.365384615385
59d1f328,19,0.311475409836
49666f00,19,0.0577507598784
467ceca5,19,0.106145251397
3c438678,19,0.180952380952
956284e6,19,0.22619047619
6194f108,19,0.213483146067
fabd5274,19,0.387755102041
e9d8f583,19,0.143939393939
f8f6007c,19,0.093137254902
149f5c4f,19,0.395833333333
147fe840,19,0.0575757575758
d67495e3,19,0.333333333333
0bf45925,19,0.213483146067
56c44384,19,0.527777777778
d7d15d04,19,0.0892018779343
6acb969d,19,0.141791044776
c16238dd,19,0.188118811881
0338ff60,19,0.12582781457
34c06a7a,19,0.0639730639731
9ff0aadc,19,0.169642857143
5f668008,20,0.168067226891
b16f6996,20,0.0117233294256
aac8d5c5,20,0.113636363636
57f14fba,20,0.0588235294118
aa2bfea2,20,0.27027027027
575ae214,20,0.571428571429
6594e957,20,0.377358490566
3a37d866,20,0.176991150442
d8c7670c,20,0.408163265306
0c9c68e0,20,0.137931034483
91e18f04,20,0.108695652174
57b8d0c5,20,0.588235294118
fe0a25ae,20,0.5
9bd15d9a,20,0.127388535032
a8633c0b,20,0.162601626016
9704e6aa,20,0.0888888888889
9ce36566,20,0.253164556962
8d143005,20,0.322580645161
ff719d0c,20,0.113636363636
11508c8a,20,0.555555555556
e5fb0033,20,0.113636363636
050c1d7f,20,0.0724637681159
579d7836,20,0.2
6a0be1ae,20,0.105263157895
e83fd30d,20,0.15037593985
cb87a34c,20,0.444444444444
d009c200,20,0.0386847195358
273e2aef,20,0.377358490566
b6d81620,20,0.116959064327
1f06c799,20,0.140845070423
471c88a5,20,0.0921658986175
a68c2363,20,0.0757575757576
ac7e6889,21,0.189189189189
c8ca27e5,21,0.198113207547
c3a89a0a,21,0.130434782609
a14970ea,21,0.388888888889
92d82c17,21,0.09375
f09a658f,21,0.0105740181269
eff5abd6,21,0.0780669144981
ff1b88b6,21,0.114754098361
8bb799ce,21,0.2625
cbb1371c,21,0.0450643776824
06ae390d,21,0.190909090909
8ddfee4e,21,0.428571428571
4d7eb527,21,0.016548463357
7df88e33,21,0.0826771653543
90828bfe,21,0.190909090909
57d5fbb4,21,0.137254901961
0a0ae094,21,0.122807017544
ebed5b03,21,0.0795454545455
30ba29e2,21,0.3
835bde34,21,0.105
d5ffa4da,21,0.01249256395
61d63b29,21,0.0677419354839
a4dc6905,21,0.139072847682
7c6d615f,21,0.396226415094
8a2d2abd,21,0.375
b7f33137,21,0.0843373493976
d726d630,21,0.0995260663507
c7187952,21,0.272727272727
09fde221,22,0.0652818991098
f485afbe,22,0.0331325301205
97b91b99,22,0.385964912281
842ab526,22,0.44
de0c8147,22,0.366666666667
f8240f56,22,0.117021276596
a1dce904,22,0.148648648649
d62c04aa,22,0.160583941606
c5d2be9e,22,0.0852713178295
b93b3c48,22,0.0897959183673
7b61dd0f,22,0.201834862385
db1e6597,22,0.171875
c9a5e74b,22,0.0315186246418
915a59a3,22,0.0202764976959
c5756186,22,0.205607476636
6e797b6d,22,0.511627906977
2c1fc879,22,0.171875
31073bd0,22,0.647058823529
8e449168,22,0.222222222222
53f1865d,22,0.188034188034
21a679b1,23,0.511111111111
85b3d571,23,0.0559610705596
006ab81e,23,0.0818505338078
d6588782,23,0.370967741935
54114ceb,23,0.46
8f8d328c,23,0.0884615384615
feb793b0,23,0.328571428571
3256701e,23,0.160839160839
92504276,23,0.106976744186
6a2053e1,23,0.370967741935
fffe8e1c,23,0.101321585903
ab526063,23,0.0678466076696
3dd5f4e7,23,0.00277979211989
afd786ed,23,0.511111111111
d62c9c5f,23,0.106976744186
ffc6e801,23,0.353846153846
897f88f1,23,0.070987654321
825e35ab,23,0.061170212766
31a3a97f,23,0.0503282275711
1b249628,23,0.0603674540682
41197d34,23,0.0431519699812
baad47dc,23,0.113300492611
399c27ea,23,0.244680851064
8052b1fe,23,0.0642458100559
eda8f693,24,0.166666666667
0dd25a07,24,0.510638297872
88f37eae,24,0.158940397351
8c1d415f,24,0.242424242424
46e56230,24,0.0710059171598
b352d9e2,24,0.0650406504065
f0963670,24,0.0589680589681
ebbd9405,24,0.193548387097
f6aaa1ba,24,0.131868131868
fa4f9c81,24,0.369230769231
56c097f0,24,0.363636363636
3f4c44a7,24,0.175182481752
247f8c46,24,0.774193548387
436ab6ac,24,0.0941176470588
9500f195,24,0.0621761658031
833e83d2,24,0.342857142857
3130d707,24,0.0781758957655
cc9a76a1,24,0.14201183432
590f2493,24,0.181818181818
fde4f19d,24,0.0507399577167
e80ee3e1,24,0.0377358490566
b99fabe0,24,0.206896551724
72a0e221,24,0.145454545455
2785dbf2,25,0.235849056604
1fd856c3,25,0.36231884058
9b7c77d3,25,0.0497017892644
8dea8a9f,25,0.0642673521851
2ea1177e,25,0.192307692308
982fcc44,25,0.0628140703518
ddc88719,25,0.277777777778
93c680e8,25,0.18115942029
232c7e71,25,0.101214574899
3b7a7918,25,0.255102040816
27e10723,25,0.0285714285714
2d64c92f,25,0.125628140704
d68aa444,25,0.625
275d3ba5,25,0.333333333333
ea34b853,25,0.320512820513
e4349e3c,25,0.625
b7e36d57,25,0.235849056604
ff108d09,25,0.106837606838
4bda70f1,25,0.287356321839
1f39d532,25,0.431034482759
bd5c7b9a,25,0.396825396825
8ba29df2,25,0.138888888889
654831c2,26,0.1220657277
1da7780a,26,0.0740740740741
3d2a9fda,26,0.0458553791887
87a974dc,26,0.122641509434
8a911c5e,26,0.337662337662
3e828f14,26,0.0909090909091
73fa5247,26,0.142857142857
0460be96,26,0.509803921569
e3816bf0,26,0.4
f007b3cf,26,0.010437575271
04773863,26,0.174496644295
9abcf2b0,26,0.0269151138716
0f37df8d,26,0.440677966102
7c2c5fdc,26,0.111587982833
9cd214b2,26,0.168831168831
d84ae82d,26,0.0764705882353
3fd4919f,26,0.0206677265501
cada3cb9,26,0.0474452554745
ba8f6070,26,0.0431893687708
f437822f,26,0.176870748299
ec5a28a2,26,0.176870748299
2c70834c,26,0.102362204724
19b0fc8b,27,0.126168224299
fce1bc4f,27,0.0542168674699
b9ba1868,27,0.0737704918033
52b42525,27,0.0462328767123
4f9caaa4,27,0.145161290323
a629226e,27,0.110655737705
950efd7e,27,0.129186602871
2ca46df5,27,0.0735694822888
bc2cab44,27,0.038737446198
911fd6b7,27,0.175324675325
c304a16c,27,0.0472854640981
c321c5d2,27,0.0212598425197
2f759012,27,0.106299212598
1b4a95c0,27,0.129807692308
29cfa778,27,0.0289389067524
9732dd61,27,0.346153846154
abba9663,27,0.0789473684211
0d189b1d,27,0.0379213483146
d6480a5b,27,0.148351648352
0be9712b,27,0.627906976744
1edf0277,28,0.179487179487
5a95675b,28,0.0965517241379
378a10e5,28,0.156424581006
a6d1d156,28,0.12962962963
e211b8f9,28,0.13023255814
d9aa7ed0,28,0.141414141414
94db4ffc,28,0.291666666667
497ad9a3,28,0.12962962963
4cf80ecb,28,0.121212121212
569cb34d,28,0.158192090395
ceb48a0c,28,0.358974358974
02d5151c,28,0.00371697862737
0887aa23,28,0.207407407407
b6fd3b03,28,0.8
3b3f9711,28,0.044233807267
5fba83f3,28,0.0958904109589
7e41c2d2,28,0.235294117647
933c9c3d,28,0.0921052631579
6d99ad8b,28,0.189189189189
3e90902c,28,0.271844660194
abe436e0,28,0.156424581006
5de151f0,29,0.0633187772926
9f2548ea,29,0.235772357724
f28a1940,29,0.690476190476
6bbe137e,29,0.0765171503958
0a05c165,29,0.054820415879
3b91ce35,29,0.491525423729
951ad1fd,29,0.167630057803
2667d8b4,29,0.376623376623
00255fb4,29,0.0683962264151
b3aba945,29,0.345238095238
1e9bd9a8,29,0.112403100775
175496c6,29,0.292929292929
94ff9aef,29,0.059670781893
ce9d8cd4,29,0.0973154362416
3ef1bb77,29,0.0326209223847
c4043216,29,0.432835820896
0ce73ffa,29,0.111111111111
cc90a057,29,0.391891891892
7211dcb5,30,0.067264573991
803ffc86,30,0.212765957447
5b25e90c,30,0.326086956522
c44e8ca3,30,0.30612244898
099a7271,30,0.288461538462
ee4e7db8,30,0.0847457627119
bb6f7809,30,0.123456790123
0ab39fc1,30,0.375
2282eb9e,30,0.434782608696
1a16cffa,30,0.211267605634
3f7c99d7,30,0.416666666667
3a2ab3d3,30,0.454545454545
d0cdb0b2,30,0.263157894737
a68fd9c2,31,0.138392857143
abd184ea,31,0.153465346535
aa5c4639,31,0.0750605326877
576c2bff,31,0.127572016461
927c2bdb,31,0.0712643678161
41fb5282,31,0.289719626168
5a2f1ae6,31,0.209459459459
0f5dd990,31,0.0691964285714
44b941cb,31,0.300970873786
2a5d9f5b,31,0.142857142857
de0d6110,31,0.110714285714
aa0c6dc9,31,0.146226415094
3fb8684a,31,0.13963963964
84730535,31,0.116104868914
f870f423,31,0.196202531646
65aba3f1,31,0.221428571429
e6f813aa,32,0.187134502924
fa26cfe9,32,0.0701754385965
33351151,32,0.0122887864823
b0c5af47,32,0.627450980392
71d10388,32,0.0776699029126
1fb9af42,32,0.130081300813
6cbf3904,32,0.130612244898
f0a617e4,32,0.0128980249899
0114bb39,32,0.288288288288
081c54c6,32,0.188235294118
9c4ab096,33,0.6
28599523,33,0.0993975903614
1852114c,33,0.0575916230366
baeece52,33,0.167512690355
2abc9e96,33,0.3
925b7e3c,33,0.108910891089
ce64f91f,33,0.065606361829
f83b8be0,33,0.095652173913
d24f3bd9,33,0.0443548387097
b5122e27,33,0.22
1d6ad5f6,33,0.284482758621
02296256,33,0.211538461538
b2d51af9,33,0.0537459283388
e2d816b7,33,0.248120300752
d2f711b3,33,0.354838709677
ccc2d85c,33,0.0688935281837
03acccd7,33,0.0344467640919
4ab40d2b,33,0.0982142857143
ce4f2590,33,0.44
9e1b18be,34,0.373626373626
edfdc19c,34,0.0492040520984
20bb0879,34,0.0669291338583
be78eb00,34,0.135458167331
145c8f08,34,0.34
ca61c184,34,0.317757009346
ed37f65c,34,0.32380952381
22875ce6,34,0.191011235955
a1699f4f,34,0.228187919463
1d33071f,34,0.167487684729
8cbf056b,34,0.0249632892805
24e8046c,34,0.244604316547
98dbb6dc,34,0.255639097744
5e325703,34,0.225165562914
78776c14,34,0.139917695473
17a9a9bb,34,0.0541401273885
5174f761,34,0.0742358078603
6407c767,35,0.315315315315
24e88a6f,35,0.353535353535
2ec90635,35,0.416666666667
4f821507,35,0.299145299145
1be75e5b,35,0.210843373494
0b993d3a,35,0.0592216582064
f147d8a7,35,0.35
f95cae09,35,0.042270531401
74809845,35,0.421686746988
b152a525,35,0.0977653631285
3715224f,35,0.0686274509804
09c3b4c1,35,0.0589225589226
6ed57bea,35,0.0751072961373
40f05855,35,0.131578947368
78f1ed48,35,0.0864197530864
f48efa3d,35,0.227272727273
f2dcbcff,35,0.176767676768
a2643fee,36,0.111111111111
e035d48a,36,0.145161290323
56da7f73,36,0.467532467532
88ec42fd,36,0.105263157895
ed668db9,36,0.5
3644875a,36,0.0602006688963
7c418d13,36,0.455696202532
ba7311c2,36,0.356435643564
e6762d81,36,0.18
f23ec8dd,36,0.620689655172
4a15de74,36,0.0420560747664
80a856ca,36,0.138461538462
09491f35,36,0.404494382022
adf2ad98,36,0.375
31429f9b,37,0.578125
ed8cca84,37,0.46835443038
147b41bf,37,0.0545722713864
2bc74192,37,0.513888888889
6683d740,37,0.0336363636364
f908f7e6,37,0.110119047619
84e308ce,37,0.298387096774
54c9941b,37,0.00744167337088
d61df48c,37,0.0793991416309
65aa9cf4,37,0.18137254902
8ca5864f,37,0.0893719806763
2f9b0fd3,37,0.206703910615
4b9833be,38,0.167400881057
7d13349f,38,0.100529100529
3d43be4c,38,0.612903225806
09b74f3a,38,0.189054726368
5d221b0e,38,0.775510204082
5f3ef28b,38,0.253333333333
17d974f5,38,0.413043478261
c7278d29,38,0.112759643917
886e07ee,38,0.0364683301344
0b518647,39,0.0930787589499
7f05516e,39,0.0982367758186
d4da92d1,39,0.156626506024
777289ac,39,0.0246056782334
fb3a43ab,39,0.1
27463ebd,39,0.18932038835
10d31a03,39,0.414893617021
68fd234f,39,0.0727611940299
d60447aa,39,0.333333333333
3481d285,39,0.148854961832
5eb1d12d,39,0.133105802048
311607e4,40,0.0773694390716
f7b63379,40,0.0892857142857
1d226f16,40,0.0936768149883
8ee11403,40,0.149812734082
b3e07dd2,40,0.205128205128
a173a702,40,0.0599700149925
1709fc63,40,0.168776371308
2b683b75,40,0.1393728223
9f46ca08,40,0.357142857143
c9ffd7fe,41,0.322834645669
a97434af,41,0.594202898551
86cfd912,41,0.0677685950413
d89cc067,41,0.621212121212
9e184e61,41,0.569444444444
9a77a7ea,41,0.125382262997
7152a402,41,0.35652173913
cb6d5f0b,41,0.123867069486
8d7e1373,42,0.00586592178771
cebbad91,42,0.221052631579
f5e50bdd,42,0.107969151671
9986da4e,42,0.35593220339
a7041082,42,0.254545454545
c3f4c787,42,0.138157894737
0da94452,42,0.0180722891566
5c16c534,42,0.0963302752294
f04d5c61,42,0.112
80b90c11,42,0.56
20c4e9a9,43,0.154676258993
3b9baa00,43,0.138263665595
b264d110,43,0.413461538462
ae9652d0,43,0.212871287129
ad639ab8,43,0.144295302013
0129a661,43,0.267080745342
46464be7,43,0.195454545455
3d321f55,43,0.364406779661
5f544173,43,0.201877934272
4fbc249e,44,0.586666666667
caa221e0,44,0.188034188034
e0ce2e9d,44,0.602739726027
019de78a,44,0.204651162791
98902b4d,44,0.0396396396396
43872ea5,44,0.15331010453
76cff2c9,44,0.0675883256528
344274be,44,0.204651162791
02fb33fd,44,0.0192223678462
87cb9492,44,0.198198198198
f2d07525,44,0.236559139785
a4427a7b,45,0.0695517774343
4ca7f7cd,45,0.0995575221239
300ede9d,45,0.191489361702
0d1c8470,45,0.234375
dd935416,45,0.117493472585
ec4e713b,45,0.412844036697
9767e5d8,45,0.148026315789
2191637a,45,0.0452261306533
6252cc24,45,0.182186234818
6bafb3c4,45,0.0880626223092
b2b1a959,46,0.048167539267
f935bea1,46,0.11004784689
c7538b68,46,0.154882154882
17c2ad96,46,0.122666666667
b86d9c1e,46,0.15593220339
3d914d70,46,0.175572519084
7b4b28fc,46,0.351145038168
af850045,46,0.23
3a6d736e,46,0.0730158730159
531483c1,46,0.613333333333
ee80e940,47,0.321917808219
c661715c,47,0.1227154047
1a717471,47,0.151125401929
dd359980,47,0.0880149812734
506cb542,47,0.166666666667
d1672b84,47,0.158783783784
ca34b316,47,0.088679245283
45ddf8ef,47,0.358778625954
bf143ba1,47,0.0463054187192
8dfecaca,47,0.0630872483221
788d23ba,47,0.19341563786
c4f3c3f5,48,0.146341463415
463a95dc,48,0.311688311688
1289c10f,48,0.181132075472
5703969a,48,0.410256410256
d6f0c11f,48,0.101052631579
1245707e,48,0.0495356037152
68fd9b56,48,0.12030075188
514d6ca9,48,0.163822525597
3f4e9394,48,0.196721311475
e9e7a6b6,48,0.0595533498759
51a8ceda,48,0.0464666021297
6d86a74f,49,0.142441860465
1da7e9c6,49,0.138028169014
4f330f87,49,0.220720720721
bb67bc6a,49,0.449541284404
f237593a,49,0.124050632911
a001989c,49,0.233333333333
ed57a78a,49,0.103813559322
95b665e0,49,0.286549707602
325a8a1e,50,0.136612021858
4c513588,50,0.324675324675
5bf70069,50,0.113378684807
ead2ee2a,50,0.36231884058
16e218eb,50,0.110619469027
b0713afc,50,0.19305019305
3c0db4cc,50,0.185185185185
625c4b79,50,0.0711237553343
48109014,50,0.0968992248062
609565c8,50,0.285714285714
6e41c8a3,50,0.0789889415482
ac7a73db,51,0.118604651163
e6716a5c,51,0.119158878505
451bd647,51,0.247572815534
16d6b96b,51,0.109442060086
ff9d066a,51,0.0407023144453
afb398db,51,0.310975609756
42f65d55,51,0.0905861456483
6f48b88d,52,0.20233463035
eec38cac,52,0.24644549763
7d0e965c,52,0.342105263158
826d04d2,52,0.0354223433243
34d1d55f,52,0.504854368932
f31f8e36,53,0.441666666667
79d1bbff,53,0.0890756302521
52514a05,53,0.04140625
62282d43,53,0.0560253699789
12b5c7b2,54,0.203007518797
2b479dbb,54,0.529411764706
ee511b55,54,0.323353293413
f9fde1a3,54,0.119733924612
91012c3d,54,0.0662576687117
0939f956,54,0.10843373494
e9c76023,54,0.110882956879
deec834c,54,0.19926199262
9dae76b9,54,0.635294117647
2ab4f348,54,0.0901502504174
d7d01954,54,0.385714285714
63bd7850,54,0.0805970149254
c5a5b0c3,54,0.301675977654
1d8321a3,54,0.0157205240175
1776a257,54,0.119205298013
46343e62,54,0.123006833713
e647457e,55,0.266990291262
f0397a55,55,0.142118863049
abad6d5c,55,0.123042505593
54956bce,55,0.121412803532
7cd0cf48,55,0.366666666667
b0aa3763,55,0.137844611529
89d88093,55,0.407407407407
c040c1dd,55,0.103383458647
cea97562,55,0.0848765432099
60e0c5f9,55,0.185185185185
480eee51,55,0.0579557428872
d37c5d77,56,0.622222222222
09e16ed8,56,0.309392265193
ed355742,56,0.269230769231
fb6f4255,56,0.284263959391
278f6c6d,57,0.11875
dda591fe,57,0.116564417178
dcee0c5e,57,0.143216080402
2fda93c1,57,0.127232142857
ed731771,57,0.0996503496503
986a70d7,57,0.087962962963
94692452,57,0.0600632244468
56e4c612,57,0.0608324439701
c9ec94f6,58,0.384105960265
b5ab6d42,58,0.237704918033
edf9ff15,58,0.168604651163
c3063686,58,0.0327498588368
73747544,58,0.0797799174691
4541f448,58,0.0941558441558
d8297585,59,0.23046875
78f284c7,59,0.119675456389
fb93ca0d,59,0.0730198019802
0df82c00,59,0.0848920863309
bf21acac,59,0.150895140665
303d1505,60,0.190476190476
dd305d98,60,0.182926829268
20e2b21c,60,0.00574602566558
b64a28fc,60,0.133037694013
e72b82ae,60,0.0940438871473
afc2e2de,60,0.0250731299624
20546e77,60,0.00915471467806
0e233cbb,60,0.41095890411
f063acdd,60,0.154241645244
de0e0ed4,60,0.0337837837838
a95f06ea,60,0.194174757282
aa65735d,60,0.0722891566265
50f7ab2f,61,0.099025974026
9358b394,61,0.1525
f5bf2bfc,61,0.126033057851
f78fa6a2,61,0.170391061453
39d85719,61,0.163538873995
716ad30e,61,0.0186601407158
5d6a6946,61,0.0966719492868
21555ef3,61,0.0457957957958
3536fe5f,61,0.104273504274
bebc2785,61,0.248979591837
8ab778a7,61,0.116858237548
4ec231b7,62,0.0905109489051
bd51269e,62,0.0218233016543
7eff1169,62,0.0230654761905
664d68dc,62,0.167567567568
fe68d958,62,0.186186186186
61bd3e05,62,0.424657534247
582e7041,63,0.1875
5b4bcdd2,63,0.18
145e616f,63,0.123529411765
fbefe81c,63,0.155940594059
71f69003,63,0.285067873303
b85d7e9e,63,0.0387931034483
d9ccd1a2,63,0.259259259259
95648451,63,0.0776818742293
4ecd1dbc,63,0.190332326284
1a8a7c01,63,0.07875
9d2dcc2b,63,0.477272727273
4de24dd7,63,0.0972222222222
4461dbba,63,0.287671232877
a6fdf1ec,64,0.421052631579
f62da673,64,0.222996515679
2d83eb26,64,0.135593220339
89a56180,64,0.200626959248
8126b828,64,0.369942196532
fa7dda01,64,0.156479217604
1ed0fa5f,65,0.223367697595
aa35cf29,65,0.19578313253
167f51f8,65,0.424836601307
5e0f8522,65,0.477941176471
903bebe5,65,0.0856389986825
09d92f34,65,0.15587529976
5f5a8c30,65,0.207667731629
bf605f23,66,0.0910344827586
cf4a0add,66,0.305555555556
811a890a,66,0.112436115843
dcc82a4e,67,0.614678899083
27c80e13,67,0.193641618497
230e4fea,67,0.154022988506
c1b10167,67,0.316037735849
6b91383f,67,0.328431372549
acc650b1,67,0.12810707457
6037f4cc,67,0.609090909091
37189abe,67,0.224080267559
c631f5ab,67,0.0885072655218
89963103,67,0.0886243386243
23ee9b74,67,0.274590163934
5e78aa4d,67,0.224832214765
933b8709,67,0.0465924895688
4f55ef00,67,0.582608695652
df35621b,68,0.218649517685
0f1ff372,68,0.127579737336
7166f4e9,68,0.158878504673
54ff95e8,68,0.099706744868
ca5d2559,68,0.0825242718447
347210c9,69,0.04114490161
b0490961,69,0.448051948052
60837d57,69,0.283950617284
50aad368,69,0.163507109005
ff9bcf52,69,0.331730769231
d8d0abbb,69,0.062274368231
aad25774,69,0.0426452410383
2fe7bc81,69,0.085396039604
072bd2cd,70,0.150214592275
245fc901,70,0.258302583026
b90ec991,70,0.16091954023
02d5ce7e,70,0.243055555556
f5a18e9d,70,0.098452883263
a5c559cc,70,0.243055555556
7a55f5d0,70,0.102040816327
43402849,71,0.112519809826
79f2388f,71,0.0916129032258
204d86d6,71,0.252669039146
96d973f4,71,0.0629991126886
40667bbd,71,0.0782800441014
0ec376a5,71,0.174876847291
5b8b56c9,72,0.32
f31fa83b,72,0.537313432836
3e447381,72,0.137142857143
070ca277,73,0.0345643939394
6e0697bd,73,0.0233152347493
5deb8d5c,73,0.250859106529
a780d025,73,0.0974632843792
29cff072,73,0.011578112609
19bf2c94,73,0.159737417943
a0151c83,73,0.249146757679
cf3e209a,73,0.272388059701
0865bdcb,74,0.0892641737033
06b8bc40,74,0.278195488722
08b6c760,74,0.103496503497
4e979ad5,74,0.204419889503
97be59d7,75,0.303643724696
fd7011c5,75,0.0676284941389
a9d1dc67,75,0.265957446809
af8da1d6,75,0.174418604651
d187a6d3,75,0.0341841385597
5664de9a,76,0.114803625378
f3648c61,76,0.306451612903
84ff26dc,76,0.189054726368
e2e46518,76,0.517006802721
8bc5ccf8,76,0.166301969365
32dd07e6,76,0.115326251897
6ac96722,76,0.417582417582
7d272359,76,0.0951188986233
11b0b28b,77,0.00705257373145
46be43c0,77,0.327659574468
ebfe74f3,77,0.125611745514
f8b7b45a,77,0.405263157895
2e607b44,78,0.0911214953271
6a96a6d8,78,0.172185430464
ebfa440f,78,0.0821052631579
69f4121a,78,0.334763948498
51d9149c,78,0.259136212625
4d56c9a5,78,0.0627514078842
eccc36f6,78,0.0198523797404
acaf2eb1,78,0.106412005457
43a62a1f,79,0.365740740741
3136689e,79,0.0322976287817
4fd4e711,79,0.22191011236
5df346d1,79,0.273356401384
eb03cca9,80,0.118518518519
2c5c874d,80,0.0697471665214
bf67ee73,80,0.0616808018504
33d12414,80,0.190930787589
91033a8d,80,0.141342756184
d9102033,80,0.0642054574639
9497210f,80,0.208877284595
e10d0baa,81,0.101503759398
78e6730c,81,0.0541443850267
f160d53f,82,0.140170940171
14a7c179,82,0.247734138973
8ab5bdcf,82,0.0892274211099
36843b4d,82,0.372727272727
e6afe03a,82,0.0548494983278
303efacd,82,0.383177570093
56451959,82,0.0444926749864
bce58cab,82,0.249240121581
43aa5b5d,82,0.207070707071
f25a9574,83,0.549668874172
1a4609fd,83,0.143103448276
29ee33a7,83,0.199040767386
37aba7aa,83,0.491124260355
239a7e5d,83,0.203931203931
45352db9,83,0.0645914396887
caa04f32,83,0.0561949898443
46fa07c3,84,0.0841683366733
9a28a858,85,0.0044227066965
d61fe109,85,0.412621359223
24517973,85,0.205811138015
4cce46c7,85,0.107187894073
71407274,85,0.269841269841
b73c5bb6,86,0.434343434343
4f6a095a,86,0.0668740279938
366cf12a,88,0.384279475983
afbc66be,88,0.109045848823
7a3d5c34,88,0.0778761061947
258442a1,88,0.0792079207921
22e228ad,88,0.285714285714
b0fc2315,89,0.220843672457
e67b91cf,89,0.232375979112
38cd67fc,89,0.0647743813683
02a66025,89,0.118508655126
f7727450,89,0.801801801802
6423a528,89,0.19646799117
fa051099,89,0.255014326648
a033dc5b,89,0.224181360202
ce1f03a2,90,0.097192224622
3cc13dee,90,0.0830258302583
658ae7ec,91,0.163963963964
c0a00bd7,91,0.364
5bdfd99c,91,0.121171770972
43a58282,91,0.645390070922
014428c1,91,0.0967056323061
a848250b,91,0.155290102389
66df8b6c,91,0.07
12547b38,91,0.177734375
5de7a54e,92,0.139605462822
5921638e,92,0.0290495737291
ddae5146,92,0.117496807152
6188fdec,92,0.330935251799
cdd3448e,92,0.0461615654792
2a4eac4c,93,0.0914454277286
8c8f8bc5,93,0.0991471215352
97932481,93,0.189024390244
461eb0fa,93,0.376518218623
2f635482,93,0.114532019704
105a43ae,93,0.411504424779
0adb684a,93,0.149517684887
621fc84d,94,0.0721966205837
d5d760f7,94,0.0172098132552
b2d8b013,94,0.0875232774674
5fa564da,94,0.451923076923
94cf57e6,94,0.186507936508
5313517f,95,0.16295025729
3547e3a1,95,0.288753799392
1479a5d1,95,0.164644714038
6cb946e2,96,0.22966507177
6be8416f,97,0.0749613601236
c641f8d0,97,0.146747352496
1aad97ce,97,0.0959446092977
6c7e709c,98,0.0801963993453
8d53f28f,98,0.311111111111
a18f9f55,98,0.180147058824
d020d197,99,0.137883008357
4019685f,99,0.0784469096672
b00a48a6,99,0.0926966292135
4a4dff06,99,0.259162303665
6c71cfdc,100,0.240963855422
5be530dd,100,0.131752305665
4130fefa,100,0.429184549356
4adf86b9,100,0.0272479564033
3e183f99,100,0.107991360691
dfb4663b,100,0.082304526749
fa30daf5,101,0.0837479270315
a9780157,101,0.145114942529
f9fa764d,101,0.753731343284
64ee53c8,101,0.415637860082
848c62d3,101,0.159810126582
5070e53c,102,0.0151223128243
f9c4aa74,102,0.0854271356784
9ec082f8,102,0.16062992126
4e864776,102,0.227678571429
d402a134,102,0.162679425837
db49295e,103,0.308383233533
db296045,103,0.179755671902
23a98147,103,0.289325842697
47753f16,103,0.0417004048583
9b971c93,103,0.0132492925135
9ae87f35,104,0.249400479616
dbd437ea,104,0.200772200772
84aff0b1,105,0.244755244755
d82b28e5,105,0.252403846154
128f165c,105,0.120274914089
05b69cd5,106,0.0796393688956
381cd789,106,0.343042071197
727e79e2,107,0.0170219535476
717c02c5,108,0.243243243243
0d50a36e,108,0.191150442478
839a3e43,108,0.0775862068966
f08a3ad1,108,0.19014084507
5f483e36,109,0.183193277311
69e4fb8e,109,0.104807692308
656c4f25,109,0.228511530398
525f992b,109,0.386524822695
86611e43,109,0.242222222222
a6d38d13,110,0.0991884580703
acf8726f,110,0.0816023738872
11b99737,110,0.14745308311
5ef24d26,110,0.296495956873
1cf389e2,110,0.0835866261398
1bb9f38a,111,0.116842105263
7034b859,112,0.189189189189
08776f87,112,0.233333333333
487c858e,112,0.0873634945398
9618f706,112,0.136419001218
0c7296a6,112,0.143405889885
c70e6525,113,0.0270918245025
f2ad8eb5,114,0.456
9f9c8a16,115,0.329512893983
cd64a9db,115,0.0977060322855
c455a7ff,115,0.100436681223
7043d928,115,0.188834154351
4307b3a7,116,0.128888888889
5daed544,116,0.054129724685
f34bffc9,116,0.188925081433
86e38d08,117,0.0274906015038
f06e55cc,117,0.113262342691
4390d4c5,117,0.0901386748844
20cfb015,118,0.128680479826
43907498,118,0.289215686275
e4663ea1,118,0.441947565543
55f4e9fc,118,0.293532338308
4d4d7a00,118,0.0699881376038
d31dbdc5,119,0.0556855404773
8bb22867,119,0.365030674847
c80a1eb2,120,0.184049079755
43e6da9c,121,0.182228915663
fd9bd76c,121,0.172119487909
f2e89c50,121,0.102542372881
25e5c4b8,121,0.0530004380201
fae610c6,122,0.155810983397
a522c8ae,122,0.0818242790074
bbf51230,123,0.149817295981
ffcff165,124,0.16577540107
93c296dd,124,0.245544554455
34b51b59,125,0.246548323471
9719d06e,125,0.0831117021277
a51c23f0,125,0.250501002004
d410bf4e,125,0.100969305331
42b10058,125,0.128600823045
38f4081a,126,0.0146019237455
543ef4a3,127,0.407051282051
aa0b6551,128,0.120075046904
802ba066,128,0.251968503937
2824a42d,129,0.0876954452753
47548733,129,0.262195121951
71f71925,129,0.117915904936
1f0f6432,129,0.38622754491
739196f0,129,0.10181531176
ed895faa,130,0.702702702703
b6c78d7a,130,0.147559591373
45832b51,130,0.090340514246
5684a4cd,130,0.175438596491
e44772b6,131,0.149202733485
62264946,132,0.442953020134
a859efca,132,0.1431670282
c29eaee8,134,0.215088282504
cf58caf4,134,0.16028708134
a9ec6b52,134,0.16067146283
74fb2abe,135,0.0186773657997
fa515f10,135,0.622119815668
d4abfeb4,135,0.0819672131148
f59f4e80,136,0.453333333333
be60ea02,136,0.341708542714
8e4282fc,137,0.195714285714
172ab066,137,0.324644549763
ffa0a3ef,137,0.390313390313
e8692a75,138,0.0424354243542
2ac17d2f,138,0.0944558521561
7ed11bd1,138,0.120629370629
f34c5741,139,0.197443181818
437e56d0,139,0.175949367089
bf722fa0,139,0.332535885167
7db40700,140,0.0615114235501
06ca6ad3,140,0.119760479042
d653afd9,140,0.0722394220846
4b6c0684,140,0.218408736349
b2abd9cf,140,0.356234096692
aac6d320,140,0.0675349734684
10301373,140,0.295358649789
b665753d,140,0.162037037037
5c6f356c,140,0.160550458716
68ec425f,142,0.157953281424
07d8e495,143,0.37532808399
a7ce52cc,143,0.142430278884
7d50a826,143,0.0311682650392
69d3c083,143,0.442724458204
2bf49fc4,144,0.121930567316
8db31665,145,0.122466216216
3ccf5329,145,0.0795392210642
f5033286,145,0.294117647059
921d3b7f,146,0.255244755245
77eb4afc,146,0.45625
8342c1ae,147,0.0478359908884
55cf66f9,148,0.395721925134
e6808cbd,148,0.23417721519
b2ffec42,149,0.108363636364
85018827,149,0.0420666290232
d9da8e21,149,0.0695936478281
05e73403,150,0.257289879931
770134e0,150,0.280898876404
2dfdf765,150,0.291262135922
fb5257c2,151,0.058800623053
0d889a39,151,0.102581521739
4b5bb5fc,151,0.288718929254
470bf185,152,0.175722543353
2b78b9f0,152,0.121308858739
a7c38c53,152,0.157512953368
4963b9fe,153,0.0986460348162
e67688c9,153,0.126970954357
70ed6df4,154,0.0299902629017
066a0884,154,0.107093184979
340ad9fe,156,0.0868113522538
790c9243,156,0.192355117139
84a1d3d2,156,0.125100240577
14ec6216,157,0.127746135069
ecb8adfc,158,0.0618879749315
640ff09f,159,0.27652173913
cd750ded,162,0.139534883721
56dab055,162,0.19926199262
0ee0f7ad,163,0.120384047267
afa9c558,163,0.0616723420356
1c504501,163,0.0648369132856
da79c793,164,0.131621187801
ff0784fb,164,0.464589235127
db73fea6,164,0.080156402737
e6972b91,164,0.0868644067797
f1b5c97e,164,0.114765570329
4dd0a958,165,0.274542429285
7953bb38,165,0.0813208477082
4cb8a479,166,0.172199170124
120f427c,167,0.199522102748
3dbbce24,167,0.0342213114754
3df53a0f,167,0.226594301221
b03fedc9,168,0.0159317211949
92ab22da,170,0.0904736562001
66795de1,170,0.114787305874
763aa9ad,170,0.0514995455922
7bd7d1bc,171,0.225891677675
25ed8d71,173,0.159447004608
eeb2990d,174,0.341176470588
ef457b71,174,0.239669421488
689a4f4c,175,0.3125
a04d4526,175,0.0343878954608
42038ab6,175,0.0827032136106
2a645695,175,0.0825471698113
4d44ed5a,176,0.130177514793
c60648e4,177,0.111954459203
ed7b0018,177,0.0508913168488
0e1aa28a,177,0.055433761353
e17e3ba9,177,0.119433198381
030fed15,179,0.0612594113621
4b564c21,179,0.195628415301
2f263f08,180,0.324324324324
397808ec,180,0.135746606335
c1d207f9,181,0.259312320917
0ae8f59e,181,0.0310729613734
addf1d39,182,0.064791740833
94440a23,182,0.144559173948
9623b22c,182,0.367676767677
ea81afe8,182,0.486631016043
23d99ea0,182,0.0836397058824
e2d5b89a,183,0.363095238095
43f201fc,184,0.0220043051901
e149eb68,184,0.0151228733459
daff3208,185,0.173058933583
65cf8a1b,185,0.539358600583
44f60771,185,0.25204359673
1d6e0bd7,186,0.113622480147
d7ea6e0f,186,0.360465116279
b2cc98bb,187,0.319658119658
5366a884,188,0.199787460149
e2547d3b,188,0.0209167779261
e9911286,189,0.231617647059
26edd5a1,189,0.443661971831
c135a32f,190,0.088413215449
a500ebb5,192,0.358208955224
5e44f66a,192,0.125736738703
da63c40c,193,0.064462257849
023f3644,194,0.025647805394
49a835d6,194,0.0510660700184
1f06fdaf,195,0.113174695299
bc0b3593,196,0.133971291866
dc1e8b06,196,0.0194753577107
2d4b5815,196,0.2555410691
4ad8fafc,196,0.101344364012
3f97eae6,198,0.26329787234
ee4c822c,198,0.0948730234787
5756237e,198,0.0602923264312
23b9d28c,198,0.487684729064
9148eb3f,198,0.0740186915888
68c8100a,199,0.0726277372263
d7985c3a,200,0.4158004158
b9d5c684,201,0.181081081081
0a647e36,202,0.207392197125
14333f02,203,0.179646017699
d8f4e9e8,203,0.0851867394041
629fa55d,203,0.740875912409
9fa6fd97,204,0.15
bf991633,205,0.177797051171
429c2fda,207,0.185650224215
6ad97e7a,207,0.099090473911
447c7b07,207,0.164546899841
5380ca88,208,0.36814159292
461f4ff6,208,0.092157731502
1bc8c040,209,0.228415300546
c7636eae,209,0.0403163580247
819aaf1d,210,0.210420841683
391b8861,212,0.0727522306108
affacb6d,213,0.13404657017
f1914986,216,0.110485933504
3275b312,216,0.484304932735
61cb2df5,217,0.267570900123
f528e1e7,217,0.116918103448
86548e19,217,0.147920927062
c5966a8d,218,0.0835569183595
ce5ad4c4,218,0.150034411562
198f3f8c,218,0.0278629856851
aa4cd43b,219,0.232484076433
3dd57905,219,0.162704309064
8f85b7f5,220,0.215264187867
d092ebf2,221,0.100775193798
5531a0a9,221,0.42337164751
b6b3c39d,221,0.0237481194928
46aba789,223,0.237739872068
cbabd2a4,224,0.179631114675
c500f034,224,0.159090909091
48b4dcd3,224,0.235789473684
28606f29,225,0.579896907216
ca63a68d,226,0.590078328982
99dbd234,226,0.179222839017
8e4b93dc,227,0.469008264463
a97ed6f8,227,0.229524772497
368fa802,229,0.124931805783
aa3298fa,229,0.163922691482
adfe20ce,229,0.278250303767
8d19f127,229,0.457085828343
8fd988d0,230,0.495689655172
09604652,230,0.224828934506
568d2f60,235,0.121509824199
fbef6cee,235,0.106334841629
2f19f7f2,238,0.113171659534
ad61648c,239,0.0719013237064
8401b4a5,239,0.0544047348054
2dc42bde,239,0.097790507365
e56dbb9b,240,0.0434467776973
be9c03af,244,0.034035430325
2e789246,244,0.608478802993
ef5ed6b8,244,0.142773551785
2fb3751e,245,0.196314102564
2135e051,246,0.122144985104
ad786c1a,246,0.103929024081
15f3c894,247,0.330655957162
8eeec40c,247,0.13110403397
db34c7a9,249,0.127040816327
c98a4967,249,0.458563535912
f9ec1297,253,0.280177187154
089cd95b,255,0.0805432722678
9185e647,255,0.118494423792
574d2efa,257,0.123498318116
e2726ba3,259,0.404056162246
45e91bcc,260,0.100154083205
8fda644b,263,0.0862012454933
89484bbe,263,0.265120967742
4407d527,266,0.0198196855674
6e6d46d8,267,0.123725671918
3695113d,267,0.394970414201
bfc04b95,268,0.162621359223
f727f4e0,268,0.0362407031778
af544f8f,270,0.0586573973496
6d592c60,271,0.167387276096
f1002718,272,0.145144076841
037e2e14,272,0.179065174457
d35c370f,273,0.359210526316
5d745871,273,0.23116003387
ee34d2b3,276,0.120629370629
05f9970b,277,0.205489614243
e7bfd1d5,278,0.185456971314
5b0b8219,279,0.139291063405
b9b31250,281,0.118765849535
a35af04b,284,0.206245461147
2789a1f0,284,0.163500287853
a4f319b6,286,0.176
06284027,287,0.11145631068
fd309fe8,290,0.128148475475
3d88bdd0,290,0.122362869198
78ea3acc,290,0.219364599092
97b6e615,291,0.0566809505259
4f9215eb,293,0.126675313446
2398553f,294,0.165354330709
3af745f2,295,0.121100164204
b59f88e0,295,0.167613636364
6bdcda77,296,0.124526714346
32cfebb4,298,0.189326556544
c4f81108,299,0.213724088635
9b9d7610,300,0.0991080277502
011e5414,301,0.206023271732
34040f5c,303,0.122177419355
2ac37fce,304,0.0860215053763
864667cc,305,0.169068736142
d508b0d9,306,0.0528771384137
908077d6,309,0.122134387352
72a56356,311,0.117847669572
2ee82a0f,311,0.0295655480559
b833abfd,312,0.312625250501
c84142bb,315,0.0701559020045
08abeacd,315,0.255267423015
9f737c63,315,0.0487389757079
c8862f47,316,0.0746868352635
f5af7a86,316,0.052754590985
c545a354,316,0.076717649915
9b124c1e,316,0.081717093354
8d1b9c8c,316,0.212222968435
9444ae9b,317,0.119487372786
92fa1eaf,317,0.118416137467
28616ed9,319,0.0441461389427
c88009de,320,0.203432930706
382f795d,321,0.0701179554391
a8080b1e,322,0.206807964033
0f30aed6,322,0.585454545455
383f4a51,323,0.0613019548301
239adfaf,324,0.124855491329
a0d2d4e4,325,0.465616045845
d29f6d5b,325,0.0623202301055
8c788ce9,325,0.1291219706
5bca2459,325,0.172322375398
34855652,325,0.262732417138
bc3b3740,326,0.118115942029
f282ab5a,326,0.0234464902186
76274f48,328,0.100675260896
3e7b7453,328,0.197590361446
39f14770,328,0.270850536746
78b4322c,328,0.126105344098
77bfdd7b,329,0.12523791397
fb759404,333,0.317445185891
e7777bfa,333,0.123105360444
49c5b17b,334,0.203658536585
469fd1ad,334,0.124626865672
0273c5ad,336,0.0757439134355
88aaf457,337,0.1127090301
1c3a1b95,340,0.088334632372
c65c4fc4,340,0.0338005765981
1df47d50,342,0.276475343573
3c1ff54d,343,0.445454545455
ddcc553b,344,0.105976586568
94bb55de,345,0.0590955806783
7b256820,347,0.155535634245
79f8e384,348,0.35987590486
bc871218,348,0.249462365591
997b2233,349,0.209483793517
8e35d87a,350,0.0354251012146
11944c42,350,0.128158183815
930c2840,350,0.125538020086
e6166da6,351,0.157752808989
67ee2827,353,0.232389730086
35584290,355,0.0760986066452
a49933dc,355,0.100056369786
ad5e6ff3,357,0.284462151394
def019d0,360,0.0812274368231
c0bc565a,361,0.0325254527435
3f98b5a4,361,0.156616052061
b1466b94,362,0.385516506922
1b4b015f,362,0.26775147929
6ae28757,366,0.0910674297089
0bf7cf2a,367,0.232720355105
19a1e5c0,369,0.136162361624
4e430aa3,369,0.0798874215198
3cbca357,370,0.167572463768
5d33ff07,372,0.243455497382
0d781900,373,0.222952779438
a36d69ee,375,0.0492513790386
1aaa89da,375,0.0506072874494
de4c0509,376,0.171611136467
3c06c8f5,377,0.226698737222
2e402bc9,377,0.0903643336529
e3fdd4f3,378,0.117172969622
1113a10c,379,0.622331691297
17a1026e,380,0.294345468629
a82179f8,380,0.151696606786
e6409ff1,380,0.0345140781108
b510532c,381,0.155955792059
c04bee75,381,0.277292576419
586f5b14,381,0.227191413238
0cc7b61c,382,0.317803660566
dbefa79a,385,0.375243664717
40f065b9,386,0.184512428298
6dd700ba,391,0.361034164358
b429e2fb,393,0.362546125461
9578c4f5,396,0.161566707466
34781e41,398,0.10794684025
d48eb8f6,400,0.358102059087
cbe6572e,400,0.155219247187
4d933a39,400,0.0903546419697
ff1bcc6f,401,0.270215633423
180a48d6,402,0.124342715744
a32c97f3,407,0.240401653869
337755db,408,0.255319148936
3e81fcf1,410,0.0626623872841
22d080df,415,0.135709614127
eaa03483,415,0.40174249758
5a55dc23,420,0.151460512081
19cebb46,422,0.370826010545
7a34d501,424,0.0447493403694
88d232f2,424,0.0948121645796
71b18e86,426,0.364414029085
0f7822e8,427,0.137741935484
7f732b5e,428,0.608819345661
e3edd4b8,428,0.116684841876
ec1aa5a1,429,0.123952614851
fefe6fb9,429,0.205164992826
ffb2c209,429,0.0848664688427
80c7456b,430,0.0880786562884
f48b083d,432,0.109311740891
03cecb5d,432,0.201304753029
af54f1b7,435,0.168932038835
1f40797f,435,0.256032960565
3fbef007,438,0.37856525497
56c2fd20,439,0.123314606742
212fa59d,442,0.169348659004
419a32e2,445,0.0522116625601
d1edd4b0,446,0.234736842105
9aef3962,448,0.0511123787792
adc38581,448,0.0804164422904
49c53160,450,0.246845858475
6825d79c,454,0.136091127098
80e454ae,456,0.297844546048
72af592e,461,0.100853204988
44637516,463,0.0291929382093
c9dabf4c,464,0.149004495825
d38b2fb9,467,0.144269385233
110b33dc,471,0.246081504702
e0db3d09,472,0.249471458774
bdf29b81,475,0.372549019608
40bd4b79,480,0.441176470588
20e7d3cc,485,0.199015182602
b35c8b80,486,0.161301028875
00f648b7,487,0.338900487126
517d50bf,490,0.319218241042
9fe0fa9b,493,0.0856051397812
fe8cc448,496,0.0415828303152
3e3abd65,498,0.101034692635
84bfe282,501,0.134388412017
a1da74c0,504,0.121621621622
c01287ae,505,0.167941469904
b2b5fec6,506,0.279712548369
079325ff,514,0.352296093215
cb809abf,514,0.135691657867
529a2583,515,0.1088794926
c3efd2a8,518,0.469202898551
af976e25,519,0.0750542299349
83337efb,519,0.0771861986913
5b904c3a,531,0.0571274878967
d8c5ea8e,532,0.0692979028266
6f703d13,532,0.475849731664
f42b9119,534,0.0784256131591
19b2f44f,538,0.169716088328
899e6cd1,544,0.304080491895
e5260f30,545,0.051536643026
2640e3f2,546,0.242558862728
a34eaaf2,546,0.27259111333
b10189ab,556,0.605664488017
609ab969,558,0.300484652666
f63cbdb9,558,0.328042328042
085baac9,559,0.104
b87f11a1,565,0.19442532691
9df375ca,568,0.310212998362
18859862,569,0.0760796897981
821bd996,571,0.136537541846
40cd84f1,572,0.165461382702
0234a6fa,577,0.438116932422
9e4c1a16,587,0.334472934473
030440fe,595,0.0505780346821
43999cb9,596,0.107484220018
bcb3fa8e,596,0.278504672897
10bf458f,599,0.558247903075
385f57b3,599,0.258635578584
b0684a6f,600,0.427046263345
ac696ed4,602,0.0210651550143
4fa4c1bc,603,0.102690735695
89f5c4bb,604,0.416264645072
3fc3d822,606,0.404269513009
6b175d24,607,0.156685596283
84a56636,608,0.0977020729552
1b6c8f62,609,0.399082568807
c5be5db1,610,0.26012793177
e9d2a215,611,0.513445378151
6f1058d5,614,0.103716216216
fa95a630,617,0.126902509255
3287d335,620,0.48399687744
36b1bd1c,620,0.123925644613
b81c580b,620,0.136503742845
3b612913,621,0.307425742574
f4959604,629,0.0280941533789
41295d90,638,0.155685700342
4077d6f1,640,0.264900662252
636f3a62,640,0.0564274378417
a8c88b36,645,0.0443329438449
c65899fe,648,0.409349336702
844197c5,656,0.645034414946
46257007,659,0.310849056604
33092ec0,660,0.169709436873
cc1b7a47,662,0.0583003082343
8ad08b12,662,0.168748406832
1b7f250e,663,0.503034901366
2bb6ee2d,668,0.210925165772
7eef0dce,678,0.0986468790921
bfc93a4b,679,0.164526290283
d70360ea,687,0.110735009671
db45d754,697,0.0724155844156
10a74e5b,700,0.148904488407
70c8b87a,711,0.103058414263
bd595ea4,711,0.202968883814
de849fbf,730,0.248891919536
82b03dda,735,0.409698996656
f4c80c78,736,0.279954355268
7aec40a2,748,0.0356955380577
b606e7f1,754,0.272202166065
795ade11,757,0.359278595159
c28f420d,768,0.26750261233
7cd8eead,769,0.141516378358
c9dea231,784,0.123932975024
b554a32a,790,0.03899886459
ff61c6a9,796,0.187206020696
0ad5bf87,798,0.214978448276
5272eb7b,819,0.310698027314
ed20607b,829,0.256974581525
8907c166,832,0.138874979135
06c3aee0,833,0.348681456676
b99a2c43,834,0.0116524387688
a8f0cf05,836,0.283967391304
4a02380f,847,0.137477682194
48c42b43,852,0.0823904844793
344bdd17,858,0.291242362525
a2cd448b,875,0.379116117851
579893d6,885,0.532490974729
c1fcc9a1,886,0.0131457906763
f9e1a388,898,0.0951977101664
693037e9,901,0.173536209553
ffcb6b9a,902,0.119533527697
db4634e9,905,0.41724296911
ae350036,907,0.61995898838
06a0ac14,921,0.0921737389912
f28fd69f,928,0.310471729675
b7c246df,928,0.231306081755
ceea3181,929,0.114268142681
95c32f81,936,0.538860103627
325dbe14,952,0.0759352317141
cd9b9090,968,0.404344193818
a16f4e1f,981,0.316962843296
8cbacf0b,995,0.186714205292
4e9603f6,1005,0.274440196614
5e03b073,1005,0.494343334973
6e4efb2c,1010,0.12030970816
3ce4be5b,1013,0.23260619977
a1b948b8,1013,0.204894822006
ee8b8550,1027,0.0287104078723
c21df24f,1030,0.0578911870504
5fd96d21,1034,0.162297912416
47d1a0f2,1039,0.142426319397
3a593b4c,1049,0.157318536293
91069c72,1055,0.118446165937
0ce41d3a,1061,0.161099301549
cd2b4a43,1079,0.476590106007
f6cba1bd,1089,0.0293025508557
5c7db25f,1097,0.32446021887
93377b07,1098,0.0740391099123
2004e0e6,1134,0.292117465224
9d5dba0f,1158,0.0544070663409
15d93b0b,1162,0.11650290756
c69c2b3a,1167,0.224379926937
a0a4523d,1170,0.10861492759
78d60190,1179,0.0615376585417
7597f7cb,1198,0.211773024571
dfc6489e,1204,0.174695298897
5a83611c,1209,0.178713968958
61742004,1217,0.211505039972
aeac89e1,1217,0.0873152532645
f17ebd97,1229,0.175096167545
52c67a67,1251,0.402121504339
96e44b4b,1261,0.198707847463
53cdb927,1271,0.193720469441
68cf09a3,1290,0.291789187967
8e983a36,1307,0.371623542792
d8592597,1308,0.363434287302
805d7074,1312,0.244913197685
fbfbe4c5,1340,0.493191019507
b15e894b,1340,0.098609169181
686546d3,1353,0.0720946341983
95be0243,1377,0.312883435583
1ee69d19,1398,0.206225106948
a70e7973,1406,0.225972356156
424f0ecf,1419,0.130506759864
240ecdfd,1428,0.185334198572
01270328,1445,0.188568445778
30cf412d,1448,0.451653150343
d266097b,1458,0.0723573200993
ec6898f1,1463,0.33470601693
0920c555,1500,0.0949607495568
6ec06dbd,1519,0.0117205885757
2fb424e8,1535,0.186989889146
4d1bf758,1573,0.31926121372
7480e371,1581,0.11485652016
47cb5f41,1590,0.589981447124
450d6400,1600,0.0870890485521
16c73019,1601,0.0164464898404
85a2e413,1612,0.139748591244
a469e235,1622,0.175161987041
99682e73,1648,0.377462207971
7b86de5b,1681,0.145730385782
7549fe4f,1694,0.14578313253
38c202aa,1703,0.12851860237
e1419bff,1704,0.28296247094
2d7bacb1,1717,0.084224467772
39cffaa4,1732,0.182066645643
fcf494bd,1735,0.239277341056
c4e8210a,1741,0.386631134799
ec44f0b7,1751,0.206607669617
97430aa8,1764,0.653817642698
a187a464,1798,0.253096846847
6ddf0cfe,1838,0.305569409809
294411bf,1857,0.0853832360109
2092875a,1868,0.323351220357
6509a456,1911,0.619649805447
cffc1324,1934,0.115324985092
ff361da0,1961,0.0973877632102
893841f9,1970,0.602999693909
97c9ac6a,1993,0.175703076787
a1372924,1999,0.277754619981
c52338a7,2013,0.869922212619
90a340b2,2022,0.369180208143
4461c46d,2028,0.231744943435
fa2fd0b3,2042,0.112662068966
6227cf3f,2048,0.349607374531
5abb07e8,2078,0.2438680906
f5476ff8,2081,0.604414754574
0aab7161,2100,0.132316804234
307b702f,2101,0.627164179104
dcc019de,2131,0.0417491134925
60efd545,2138,0.327161438409
a831e579,2138,0.115567567568
4e7614cf,2189,0.024975754464
87cb5f55,2221,0.301356852103
9550c324,2226,0.309768995269
0ed75ebe,2228,0.327743453957
c74e86fb,2232,0.112398025984
e139b348,2260,0.322764924307
14a5a57a,2261,0.24691492847
929d2171,2300,0.44002295772
207ceda8,2343,0.334236804565
8fbe746d,2344,0.152932733085
41477778,2354,0.207400881057
4b0f0061,2379,0.224476316286
222acd54,2392,0.0454631847037
31c7d7ab,2415,0.474459724951
cd58172f,2426,0.11704539972
faf9c1c2,2433,0.0788961670666
021cd138,2469,0.376257238647
c96057c1,2474,0.131763953984
7c6576be,2604,0.0929535232384
d43e62fb,2645,0.226145690834
e59ef3fc,2647,0.1102044215
f291742b,2648,0.333921815889
f58d0bc8,2768,0.117273227979
14c5faa4,2779,0.139508032129
f61eaaae,2798,0.0581149005109
bcc1871c,2812,0.333451915095
395fa97c,2842,0.165888395984
543a539e,2864,0.0673470347552
9e8cf15d,2883,0.0314683024799
7697ed3e,2910,0.0869435315208
e030b8dc,2938,0.164207467024
b8eae5f9,2947,0.0593423410725
69bc54b5,2951,0.138375691644
a7563c35,3020,0.474842767296
1e25e084,3050,0.174705006301
e7a92cc6,3072,0.0957874715475
f4d14b43,3143,0.196634134134
6f34dd1d,3146,0.225455066648
c6af341d,3169,0.239133715666
5014edea,3242,0.174865156419
1b581e08,3268,0.161120149879
ff18c3d1,3283,0.279952246951
0c2fe9d6,3303,0.100185022294
15a497fe,3351,0.214876563001
c63170c5,3430,0.066009776375
93de26ae,3458,0.137021040536
90650879,3461,0.238525155065
e9ca7d40,3528,0.106773197748
12fb4121,3529,0.0182953066758
d7714196,3563,0.194476284046
d512fee9,3640,0.374639769452
3d87b0da,3709,0.692494398805
2c4ed2f7,3882,0.193847997603
75f43c5a,3910,0.131614379965
4c391571,4080,0.380810154937
26fa1946,4090,0.0527347275587
e7eebe29,4149,0.283847574742
9ee9dd00,4274,0.110722520142
acc6cd52,4359,0.239006470008
05c65e53,4538,0.353206724782
3281baa7,4592,0.119424722374
7443a906,4645,0.204833090797
517b8671,4867,0.0892814557995
e3c09f3a,4884,0.0304636918202
8f51bf3a,4902,0.385832349469
92c7cbe7,5231,0.052731323273
5b787406,5262,0.128806423186
235ba823,5716,0.126189372365
a38dc379,5724,0.250010919415
fa004722,5732,0.465637692933
791b5571,5900,0.171128578473
29229f8e,5915,0.200027053532
1a5c1d83,5923,0.237957494677
3dc2d6de,6186,0.154460785538
61a8c644,6200,0.204168999243
43d6df75,6211,0.0841427894059
15941585,6252,0.301664656212
1b171d6d,6447,0.220267176877
cbb01868,6807,0.187924465794
ec47f32a,7739,0.292622981813
54e6fb06,7810,0.477004825017
fec6e632,8119,0.125967759453
e5c60a05,8383,0.0468219392315
2fdff0f2,8387,0.263841701271
2328ee8e,8593,0.179943041421
cf3a1767,8794,0.219696212651
7294ea0f,9300,0.150570711568
c54454a2,9578,0.383411392658
a6e60555,9715,0.616199416466
f0ee33c5,10045,0.322513324343
ba9aee1b,10074,0.112582559426
801dfefb,10729,0.32779322355
0eb72673,10836,0.10118875307
d8bb8687,11105,0.253521448303
bb4524e7,11350,0.0674471119563
5114c672,11370,0.0687063032141
178a7b89,11433,0.172965204236
7dd19f44,12416,0.15616627885
df7971d4,13034,0.264816432678
887a4754,13107,0.295269204776
d1a51189,13542,0.370030330355
ce3307ec,13659,0.0982506365899
f84e52b6,14285,0.567428003972
89a490f5,14803,0.155050695492
9a977531,15947,0.091733250499
203b00f1,16836,0.746309676847
2a68aa20,19213,0.269281980126
763a42b5,19245,0.616767618498
88154ade,19521,0.195866151608
84c7ba46,19605,0.563475411721
e023ba3e,20131,0.242960763725
2b1ddb24,20760,0.308905587382
83a0ad1a,22871,0.0851058287688
b7e9786d,27319,0.0740151720401
9e8e8d09,28821,0.262426587753
f9c69707,30432,0.513889123423
e4d8dd7b,30990,0.119491956753
856e6d3f,32746,0.0427553754315
6399eda6,36411,0.105937085399
57ef2c87,37732,0.121418067261
5bcf81a2,39284,0.115523847893
a7853007,47188,0.102290857381
38217daf,47613,0.510737578306
d6137915,54610,0.234094357902
6256f5b4,55596,0.176025278542
57fe1b20,65312,0.246504096953
e8f79e60,66207,0.255339581164
17caea14,67720,0.243314422452
0a742914,72358,0.268264831718
6c5b482c,80366,0.42027810753
93eaba74,86188,0.464322463514
4bf5bbe2,95362,0.642116461969
5b4d2eda,100287,0.130013054847
5ee41ff2,115605,0.331237876387
d9750ee7,269965,0.280120488178
5b08c53b,426710,0.467204481204
e151e245,781628,0.29632398546
1fbe01fe,1333764,0.205632585489
85f751fd,1734407,0.118826432033
