,BasicDecisionTree_01_1,BasicDecisionTree_01_2,BasicDecisionTree_01_3,BasicDecisionTree_01_4,BasicDecisionTree_01_5,BasicDecisionTree_01_6,BasicDecisionTree_01_7,BasicDecisionTree_01_8,BasicDecisionTree_01_9,ensemble_mean_0,ensemble_mean_1,ensemble_mean_2,ensemble_mean_3,ensemble_mean_4,ensemble_mean_5,ensemble_mean_6,ensemble_mean_7,ensemble_mean_8,ensemble_mean_9,BasicGradientBoost_05_1,BasicGradientBoost_05_2,BasicGradientBoost_05_3,BasicGradientBoost_05_4,BasicGradientBoost_05_5,BasicGradientBoost_05_6,BasicGradientBoost_05_7,BasicGradientBoost_05_8,BasicGradientBoost_05_9,BasicAdaBoost_01_1,BasicAdaBoost_01_2,BasicAdaBoost_01_3,BasicAdaBoost_01_4,BasicAdaBoost_01_5,BasicAdaBoost_01_6,BasicAdaBoost_01_7,BasicAdaBoost_01_8,BasicAdaBoost_01_9
0,0.14028056112224446,0.6737985118045346,0.2803781788278641,0.40439649024896906,0.12406727102909736,0.11011813920693167,0.13013688361144843,0.24950781345692571,0.8844340045887341,,0.05060149404617103,0.3993912390194223,0.1871138711334516,0.1799670100496944,0.044807558422452855,0.04691733666363288,0.048376561737622226,0.10776676463483069,0.6762607763744772,0.011149404960211343,0.5242521243510662,0.28096213963785927,0.009694538981171138,0.009888228691898628,0.030411630553723017,0.012692266500484434,0.07376676102577691,0.2286436844554896,0.0003745160560572943,0.00012308090266610364,1.294934631511652e-06,0.12581000091894298,0.00046717554636257005,0.0002222402302439711,0.0023005351009338037,2.571942178940335e-05,0.915704640079208
1,0.0,0.49896288717811504,0.3290006432541432,0.2750131770687998,0.31543730525310104,0.06979554988839552,0.30750086208189026,0.12538974103853465,0.9386672052899115,,0.001401078953197967,0.4495218919227056,0.12051782507643845,0.3390079516949504,0.11467468570525652,0.023748276891786477,0.11354554248226012,0.04226140802145092,0.5523008678743913,0.00013256546346698448,0.8482844527721726,0.03112584281708694,0.0019677137432442316,0.005896036803547573,0.000926035179490558,0.0030871571491356024,0.0013359520085319538,0.26731325593332567,0.0040706713961269165,0.0013183358178292214,0.0014269891580852702,0.7400429642728071,0.022690715059120962,0.0005232456074733499,0.0300486082157545,5.853101728614698e-05,0.45092214239993644
2,0.0,0.539307666189845,0.3019324125403238,0.44578798871422814,0.47528890234197646,0.043034996505705414,0.39292942922682494,0.0611519106966835,0.34466822169946587,,0.0565487232831964,0.6681566839515615,0.10785990802858152,0.22687639495342626,0.18411049002937308,0.018441803946513558,0.1672484650733711,0.09763980582895233,0.2666353263790952,0.15032867960156876,0.46516238566483936,0.021028990534725962,0.21404122987253774,0.013557471940816376,0.011482149521914599,0.10872579323528483,0.23172213313921594,0.4317871556088155,0.019317490248020437,1.0,0.0006183210106947381,0.020799966273512903,0.06348509580532638,0.0008082658119206607,9.017275800344807e-05,4.5373650957594795e-05,0.02345060182900432
3,0.0218619056294407,0.19151716817148678,0.23894265401359266,0.26763401854091096,0.7722480434708314,0.07484146614535103,0.30288310169567756,0.05709065152140023,0.13482355825053846,,0.07181453112649398,0.09316929447642976,0.11018173384749291,0.12810942859715987,0.8017761919866971,0.03175869453883872,0.13543729095133264,0.03706909498496395,0.08979226692096443,0.19356962777415837,0.08797997318872829,0.06029593057250631,0.11669423675823497,0.6642872356169575,0.02039794617437595,0.10342858243160676,0.05411624026762285,0.1345532333604467,1.2059975882892282e-05,1.0742069074204156e-05,0.03130661695637977,3.049233369638906e-08,0.9687932968723025,3.667129678916405e-05,1.887267136533836e-07,3.931658687624745e-07,9.151908127663499e-09
4,0.03006012024048096,0.2254696772992218,0.47439840479397,0.24083031035872632,0.44545396847095353,0.0778279103473064,0.40669684294026487,0.20180722334521262,0.3890832573826195,,0.010549183243125084,0.3749709855717344,0.18259391205018383,0.08043839254475521,0.4840483394601544,0.02609596043149841,0.1401695134732623,0.06758343717699032,0.15024323217240101,0.0015425866744132055,0.8994414102889784,0.07331267262445268,0.00048339891479855896,0.006808316103690474,0.0004589007844657485,0.0138085362942735,0.0009112680033183476,0.061638021523037045,4.484281448108066e-05,1.869127003039149e-06,7.065873212880342e-05,1.4683607407531646e-06,0.9998827338058193,1.0701627230772627e-06,3.1611852486060777e-06,3.182018244003492e-05,8.417611546467928e-06
5,0.0,0.04553397725585451,0.13509204316307577,0.28456267634018545,0.9319210658450602,0.06233363382761093,0.2592242762260303,0.08544179139257178,0.045965232073181476,,0.0014106520362134752,0.026618164897265425,0.04632589921416425,0.09507313019980436,0.9658442028239159,0.021567966867046387,0.08640809339417588,0.029104554788443777,0.01582752544284485,0.004231675074170855,0.03432049249891099,0.00388562300977194,0.0006567118401161395,0.9656116498971284,0.0023702268731357477,0.0,0.0018718630796880618,0.0015173437844004062,2.810344695709115e-07,2.4937030772519872e-08,3.146964506122092e-08,2.419111509855287e-09,0.9999998927295591,3.99003924762189e-08,3.9564973720330025e-09,9.893071483672461e-09,4.709526741177638e-10
6,0.13627254509018036,0.23499491740304035,0.16704354453109505,0.41152760983474407,0.6993389543370746,0.1356483223191533,0.08186029775558852,0.05126507483554305,0.24750412653878948,,0.053854856579350484,0.1141380866270408,0.11437617995902886,0.14328977228676307,0.774151196981788,0.06529490338142786,0.06097493402631362,0.018439638601245072,0.10087816102600462,0.025288394475831182,0.10741920706212513,0.1760843929409167,0.018340355984373245,0.6231623340718038,0.06019096190330368,0.10106399760235098,0.00405381337902245,0.055130217693924774,3.630172039916948e-06,1.354159568795382e-07,6.02405074830214e-07,1.3510411719069245e-06,0.9999523025364857,4.542592182658222e-05,5.067210013497143e-07,2.7589169719779575e-08,1.3884529964419778e-07
7,0.0,0.4414456103286954,0.06656018040026306,0.9515713360937061,0.0,0.22853009255524892,0.2114724358686037,0.7040033732863098,0.35967839915877026,,0.3952946867635614,0.2801305941012085,0.03142096181109232,0.3423362469760114,0.007841036725605231,0.11422621526216947,0.10151704733124373,0.6937276970395083,0.15212191970472472,0.18588406029068427,0.37359712889333957,0.0132957570084992,0.07506363133805177,0.01843669808110319,0.1103271666729496,0.09307744724901054,0.4237267391705436,0.0964385728569662,1.0,0.02534904308159055,0.014406948024514693,0.00037377349627642283,0.005086412095712502,0.0038213865583098775,1.2588761169543227e-06,0.9534529786616716,0.0002487870984376559
8,0.07530211939029575,0.14994266719875013,0.1362773654044912,0.3767298132473465,0.8287310754929769,0.06612121685340545,0.2346661868993538,0.05709065152140023,0.19084368483972838,,0.025559175263118083,0.05034744058398149,0.04566316720103863,0.12649454991980072,0.9427111184288023,0.023685335899569865,0.07931649579398332,0.019113075447169763,0.06480203836399069,0.001375406399058488,0.0010996545531943341,0.0007121347506122588,0.002753836512055658,0.9994022797934301,0.004934790201791538,0.0032833004825961708,0.0002485748107903412,0.003562430252243699,0.0,0.0,1.4480124137537663e-09,0.0,1.0,6.435125993726902e-10,0.0,9.318723407792366e-12,0.0
9,0.3206412825651302,0.2936122987424855,0.04372393555894447,0.8669116051220042,0.05371643837519918,0.15036662667963285,0.7333693158817972,0.8167821278420317,0.08943564069502254,,0.1159133311541843,0.10622323431096808,0.015755962980992574,0.2979965035711121,0.021029875215874853,0.06955094115823955,0.2514642388922855,0.9125477167529957,0.05323194021527375,0.027038940909481193,0.025038184661475078,0.0035438671936969955,0.027077565551850768,0.009364187376969705,0.0582747725400293,0.021023377874581427,0.9208610224169554,0.0702596528408352,5.976998794154008e-05,1.9219528943707614e-05,8.619033624994041e-08,3.4003948148823973e-07,8.99989545567702e-06,1.1424255056490186e-05,2.2920477840335212e-08,1.0,5.271099635108997e-07
10,0.11022044088176353,0.4889877065875785,0.3851648409010055,0.6029051561095091,0.30677023499380907,0.03520396936378026,0.33888064288819925,0.19758805476525776,0.44428437627313705,,0.03741896432682827,0.3432956568896884,0.2299513386806533,0.292988957317623,0.10653273815319174,0.23673045583496685,0.12930056927877212,0.06696923372883179,0.30247394743068495,0.000827993404613741,0.5373540308622197,0.3046694580194997,0.011211429696541087,0.006235636647202919,0.009062984240835674,0.010276633399693572,0.0026164408726224993,0.3535101395739263,0.001208458694107544,0.0035452332192670894,1.9717121454648697e-05,0.2648502861468187,0.006592342818563189,0.6659244139002846,0.03874443154842351,0.0007032055486151184,0.10962732644499144
11,0.16615048278374933,0.623851483644144,0.24914027999624166,0.0,0.4242287393751801,0.2508613129642524,0.09823235730670624,0.09390829617601751,0.09792353866308162,,0.27928985345371027,0.46312020003792337,0.14019755658200936,0.08581918008713028,0.22121564662434245,0.2435071670583241,0.11654758575749809,0.07549153558434717,0.12260208817993641,0.6684724885495613,0.2144072646373708,0.09178746424768994,0.2574183699053257,0.04174192155778364,0.26163295865715636,0.2513982627275299,0.12230218972126372,0.26987006064293356,0.003246589027820143,0.5511018518322555,0.07966492550209645,3.917035606514475e-05,0.19767627894006373,0.2180272295535636,1.2137238258123008e-05,0.010264120855760282,1.266523379403482e-05
12,0.0,0.09230529085018331,0.19044755551379625,0.11527609834744056,1.0,0.009689165879939522,0.1773639784704418,0.012816268708885767,0.09959133615855988,,0.002118980336924588,0.03605882629252203,0.06398002297393075,0.03877454511292192,0.9962262235384429,0.0036472368745807996,0.05932304838892486,0.0045203837954188005,0.033197112058350485,0.006356896186326056,0.015871179844171582,0.001492500501454682,0.0010475367687708915,0.9886786894918586,0.001252544168759615,0.0006051666598432072,0.0007448826773706347,0.0,4.48244477077238e-08,8.183211190852495e-09,1.2906541301460987e-08,2.2255431886517692e-10,0.9999999811234704,5.750432606662463e-10,3.6489597101937275e-11,0.0,1.649158219581538e-11
13,0.218254691200583,0.05667000430212325,0.1952582291960287,1.0,0.7172491907805123,0.020259165021691727,0.1773639784704418,0.0973259678317204,0.20835555854225032,,0.08533245264523609,0.023127570899648762,0.0689348936751015,0.33917794304769183,0.8870798513942199,0.014269815498887254,0.060620470991403136,0.03606664178133734,0.07063354871771547,0.03218338398937236,0.012511547653084576,0.011544831009305813,0.01742607156693836,0.9442494606157935,0.022547021983614444,0.0044970322549571715,0.010873860667436381,0.0035446225376231954,0.005559282745752896,0.0002011607437384681,1.6208199699748173e-06,0.00010775757613716024,0.9997409027863539,3.25949135559031e-06,4.022488104359732e-07,9.684485523897148e-08,4.650732729323239e-07
14,0.5038648726023476,0.2797954916655446,0.16048524330023908,0.9281264885859808,0.22991353678958337,0.2864665508139695,0.8151921318160692,0.224967127102987,0.030586214783146232,,0.17982396795265265,0.46368299809772334,0.05535437918476405,0.42687380140582554,0.09068675742827909,0.281851305587534,0.4487344735640406,0.10003164926145496,0.09674556107172655,0.021093243495109368,0.4714118130496673,0.005572390406757901,0.3516569441024168,0.023316947928377803,0.15286308740883325,0.5310083749093251,0.07510174130844399,0.25964913339262224,0.01451378776050104,0.6398416895779582,5.503847295203098e-06,0.0008379715290789677,0.018829787566876068,0.40622427853979937,2.91396672765629e-06,2.607937293387855e-05,1.3350394111762606e-06
15,0.0218619056294407,0.10538506079907349,0.5398150222729758,0.06529625151148728,0.5474221960671504,0.03382399725360706,0.0,0.3851871304688758,0.12310086623905174,,0.01718151884481772,0.040239324563807306,0.5408877921953921,0.030568705959816988,0.4250412673557255,0.013625758479856004,0.01099287673414148,0.19482273211073228,0.051560548996660176,0.02769088488062897,0.015243551889092339,0.7998777136082226,0.026408611260542395,0.009811962521742785,0.007051437370821533,0.03297819220316961,0.19890689069532524,0.031571535220966146,0.0019917660243834864,8.936100325608578e-05,0.28297064070497757,1.255107421285106e-06,0.7178896434782834,1.8408151394138114e-06,4.3799925482792386e-07,0.0003741751679958078,9.2455299626372e-06
16,0.42780799694627347,0.15275029583587002,0.10579723762097151,0.6264519438642775,0.3583292241745474,0.20791719608079745,0.5525570098502226,0.44606718092021935,0.03996757569521152,,0.17065545982148636,0.06945650571599261,0.09010430976699309,0.5423930389688044,0.4762259603621441,0.07602146801608116,0.2286568773128611,0.19672374114236368,0.25627858661066416,0.07373508004407359,0.055595816840934786,0.1645113346429092,1.0,0.07211638123295623,0.01999407714282343,0.13341339644650543,0.14304927124711464,0.7288221871486316,0.010423302474112063,2.340447117303788e-05,4.357037098583287e-06,0.0007271730421355511,0.9982322756789286,0.00015313082462259717,2.2564185529970843e-07,0.0010547712597570712,4.599698814946758e-05
17,0.0,0.1868872805631593,0.15668514516583676,0.4538492543329303,0.6943713475274254,0.08397277095947585,0.3574566335327366,0.13670686622811482,0.241771072648083,,0.24790701082003785,0.14159542344159365,0.10223556259696799,0.2475534339201395,0.6419283866087798,0.04098808362399527,0.1636302894246969,0.08749859912120565,0.1274644660207457,0.7437208997380775,0.23789887823766784,0.1497259989062431,0.2888110466845662,0.23170808452715275,0.03899147953392102,0.13343423426770643,0.12578892068479375,0.14062232058875612,1.327220360378345e-07,1.1152395376949794e-07,0.00029554371882413764,7.429220341082581e-10,0.9997057277717616,3.7858892521242763e-10,4.736477478498174e-10,1.0450708420246634e-08,4.825398040473349e-09
18,0.0218619056294407,0.03306162696403348,0.20338876883084345,0.32728738411930675,0.9208002362969726,0.0735495773613591,0.08186029775558852,0.04776972882402876,0.06977945592688571,,0.010113275926619257,0.011882231112701105,0.06952235835233589,0.11234056382236941,0.9712095454636818,0.024975504039458276,0.0283964041408616,0.016230848705222713,0.025307280225295183,0.008477351562562466,0.0025849636732417297,0.005100131585993707,0.009734305938608948,0.9929063977824995,0.0013768437861844177,0.003328913696020201,0.0009228128636550715,0.006142382459011504,5.705878546074899e-07,1.027008281042447e-07,7.817464017052565e-05,1.4091925181705309e-09,0.9999220023115734,9.097083131784808e-08,9.70976073956891e-10,4.427984303095494e-09,2.2899883200672393e-09
19,0.03699707106520734,0.6849246747709021,0.0,0.7053607416364368,0.1800897830852378,0.2674990594765721,0.3137978080630893,0.04609788078465895,0.9973791753642486,,0.014612597411719675,0.6003527934250922,0.002381234428415893,0.2527904662216092,0.061642618987981034,0.08987818366320667,0.10565647599377594,0.01539413000615611,0.6262284886331901,0.006449809868979135,0.9757817851851748,0.007143396730228315,0.0008437522768348798,0.004596475565236829,0.00019425468487349552,0.0027252923597417054,6.00470468864026e-05,0.04208587667660409,0.00039091130097255604,0.14035192031919952,3.065550193644058e-07,0.05216690475155608,0.0002415983134684966,0.0019412368281744193,0.00044632755849676066,2.4462186922970053e-05,0.8392204138587178
20,0.0218619056294407,0.09611628677268418,0.3257602806226314,0.36920596533655786,0.7250093981750452,0.04932666266151029,0.2592242762260303,0.11783199776593763,0.20049308463499566,,0.13126560902051376,0.11006729814115314,0.1942877615798079,0.20234144428013148,0.6057329002915276,0.026891737698569312,0.16356827222895046,0.0755496532190974,0.1882791756446545,0.3718631036604908,0.2339678018391185,0.23876107838413727,0.23781682819599798,0.11056921846003731,0.031343394504448105,0.2314803035498739,0.108805241771978,0.3643443114610263,7.181777160980487e-05,0.00011780581165678323,0.018341925732655084,1.5393078386231934e-06,0.9816200842395001,5.155929749535738e-06,2.369109471973765e-07,1.1720119376551626e-05,1.3083794147826788e-07
21,0.0218619056294407,0.6299563107787396,0.25126566877952766,0.14845130685517624,0.3766853340774259,0.07977832685560594,0.307111051140197,0.12346082786921747,0.645675887535161,,0.03140888504696145,0.24712181348817164,0.09894546892551694,0.09965824419806192,0.4654454054317861,0.03194971737149486,0.12802400899387215,0.21771949444183678,0.40603048301067185,0.07202961945363602,0.10825748756541252,0.045474096455348736,0.1505160486540192,0.029635252165533373,0.016068210419560372,0.0769604263916096,0.5294032901417315,0.5656361250398126,0.0003351300578076534,0.0031516421203628357,9.664154167444027e-05,7.377084990315747e-06,0.990015630052399,2.6148393182559933e-06,5.494498098945762e-07,0.00029436531456144107,0.006779436457041855
22,0.21334977647602896,0.23948359292015176,0.10209109795692525,0.17069729947601772,0.5290440225165628,0.28810776150691964,0.30697611658345697,0.21189564265357802,0.13769409432448665,,0.07316788910774683,0.09701610187994432,0.03820222913997195,0.06304048696382426,0.7673422648274443,0.1459816664317307,0.1178830957197169,0.07095572922472758,0.05263382801464505,0.0018335924714447237,0.051541881099962536,0.012497661314091213,0.01841919971384308,0.9147843433028908,0.008255129022876147,0.04667133939756066,0.0009674184592750448,0.020035224920547032,0.004320298375766797,2.2831619718648853e-05,1.792814889937942e-05,4.96170161199167e-06,0.858198428662879,0.1415821087653963,1.8311781330663203e-06,4.126561329661537e-06,0.00017216479890144902
23,0.0781563126252505,0.5498646544405145,0.25852135065702664,0.5372058413170867,0.1283660207056537,0.09370807572455793,0.42035112970209443,0.4045199362046007,0.5995682359414181,,0.05034255669466323,0.25042608801432564,0.09168232341589823,0.20566304028124452,0.04895981119887403,0.06227314487279648,0.16389509355633125,0.6189207605716042,0.3629351345552687,0.06732308183128444,0.1771835260111154,0.016521751461436408,0.07972726166898333,0.011506995457582344,0.024736666096090765,0.07132501260956686,0.5504674562934215,0.48815518947890735,0.005548275627454773,0.024230083591347023,3.868129231636476e-06,5.601785766356945e-05,0.0070064174333860285,0.06837469279774075,9.138357332481775e-06,0.9017748892167902,0.0010819782454807745
24,0.05192202586992166,0.17781648035092587,0.2686821963153824,0.17875856509471985,0.7245851189239999,0.04125235776156069,0.11596875515375042,0.07724714685446603,0.5130974412977665,,0.06118712909573374,0.1417096245576681,0.2356667599714747,0.10654526693880473,0.5608634350468936,0.025620850729855833,0.12461834549844651,0.09061001173896939,0.2182743093448729,0.1315836016133031,0.24729221756153041,0.216604356751707,0.1408769908593103,0.17880009798037969,0.03560974283219879,0.25788609664604295,0.19458090643636444,0.14162501224205193,5.5759803976483694e-05,2.017576054801738e-05,0.22171372684733476,2.448623840451249e-07,0.7792050882363014,4.5159580803302807e-07,1.8469554612776655e-07,1.9819260777088815e-06,0.00010047449480033607
25,1.0,0.1400192297641862,0.04961007234802218,0.4101840655649604,0.09153822494104782,0.17182120827092756,0.19295641613817296,0.8983224188534158,0.25079504838254585,,0.44100798944938285,0.07087448446916353,0.03411620820905419,0.1689680175538358,0.0558761813010209,0.09322707449214897,0.09703288871479887,0.7682062694866166,0.2722675842285955,0.2265125773171035,0.07184727999285408,0.05273671609471895,0.09670828709706983,0.0760827919331949,0.03288993662770927,0.09814222977705533,0.48194481069116485,0.5659983451818456,0.09651139103104517,0.000756943650450288,1.8361844214501589e-06,1.1699999477145218e-05,7.527028819981981e-06,0.07497007857781007,2.0229168317597488e-08,0.9243515789152691,9.359121394983499e-06
26,0.0,0.2724884581612455,0.1389082025744621,0.14349052801289805,0.6801459280270666,0.10653468579419217,0.23193751030750084,0.08983963944303791,0.5212859909974064,,0.0021537337112294444,0.12713449222159087,0.05249067837020469,0.049937460278446866,0.8304386218846029,0.037711967387364216,0.08851417344825553,0.030859793049274293,0.1964672338426655,0.004902195250889672,0.10884961927680746,0.0185527636097945,0.004593937793100508,0.8432511074715621,0.006214551404571435,0.009512283769348989,0.0026897960241894724,0.06051066501186486,0.0015590058827986608,6.539922671964126e-05,1.1068926357491298e-05,0.0017279150293420603,0.9679188301551802,0.0003866649633290422,0.024092726267916767,4.9943680595494634e-05,0.007605045518725351
27,0.03006012024048096,0.5176542802665447,0.37983860022758825,0.35503157329033996,0.4018488773452719,0.05839924525818094,0.11596875515375042,0.0269141642886601,0.7549910787343218,,0.014533813975901111,0.4826857553377934,0.2896395444743024,0.12242539317407337,0.32073451981307444,0.03055820587272325,0.04740667743927152,0.010315244454541449,0.2830925840095543,0.004235917556342804,0.5017457199413285,0.430289294078776,0.01074815850102252,0.01804809206099217,0.03272815778407758,0.020579548054454687,0.003997051327982011,0.0868248886279073,0.009305404130879574,0.42865726580550667,0.05879073911654299,0.0014964477308576413,0.5423065900329592,0.0005472145759112303,0.005671729109609475,3.4517746982234336e-05,0.007461784666433776
28,0.15723755202713116,1.0,0.15546786098322318,0.12555421201128578,0.056235261952769885,0.3358489242971671,0.10914706367411804,0.09810641016868284,0.5711824600242151,,0.05409325711172382,0.9467569193880614,0.05396862656579054,0.04632864417903907,0.019719987550092844,0.16243291310014332,0.049050486380100754,0.03313000922415411,0.2275490546649256,0.00050220800531809,0.9485986973283675,0.006285741740376001,0.0002252590315878484,0.00019001237057443844,0.004515857672132932,6.938863998790927e-05,0.00016364986044321392,0.10760500442648449,0.004540011302722221,0.8916720608358165,0.0001522769737724255,0.01320646149424359,0.002734688326934217,0.14693395733112996,0.03793500682619629,0.001119967643336261,0.0038596995440771968
29,0.4657887202977383,0.06192080978212151,0.018282872816369016,0.8363506706916621,0.0036396568811728836,0.2836646621525844,0.2061125354203211,1.0,0.13698581493938772,,0.1599309972149668,0.025630831389691213,0.006502010028128876,0.28302361787891456,0.0024887964127466677,0.337598001441808,0.08123536282341788,0.7612677264335713,0.05961334617585173,0.006750389062425374,0.014659513279213837,0.0012218607884318135,0.01271168503570812,0.0038238263846830677,0.013225354020403432,0.03759297165965761,1.0,0.04184163731765422,0.007253882284736789,0.0003121711077382923,1.2964795857973428e-06,8.497909373386712e-06,2.905972384050966e-06,0.7159039881524363,5.813902749510495e-07,0.2838031793007141,1.2586270513236566e-05
30,0.0,0.32024064201661934,0.5010617307150239,0.38331318016928656,0.37387404980788674,0.060567772859881686,0.36018531012458954,0.05395408705815776,0.7932561111528993,,0.010414915621571841,0.30087293416711086,0.28668741987556895,0.13301916585439036,0.4482534751467999,0.021442004977946096,0.12601142978092408,0.028898605705455594,0.30188054620808247,0.03060512411612951,0.5818906884946028,0.31950586426273975,0.015716327320113285,0.04097819884248017,0.0037576614295103798,0.017744009145096506,0.03274112728962869,0.08205841928089855,0.0006396227485860162,0.000487471990110496,0.03949466464894313,2.799007377123463e-05,0.9299081767900329,5.806444462181237e-07,0.00010497007308624786,6.027685803230464e-07,0.030327108190449537
31,0.04809619238476954,0.08220862632823292,0.1959138505225135,0.4491468493886874,0.8630551636258891,0.12660510083120974,0.05457353183705902,0.020506029934217226,0.0,,0.030216262308767106,0.06022174185409432,0.06610636035455877,0.15173818155723814,0.8943120055206865,0.06633183369906014,0.021417617689881027,0.008951058050726556,0.00500680074164382,0.04255258351988369,0.0984565969207667,0.0024052220752431882,0.006067695259804736,0.8198808701625838,0.07239039180203535,0.009679321131799683,0.006347144205398232,0.015020401994912159,1.1021648092115165e-08,2.3132833264222956e-09,8.46591962430707e-09,2.322232898196642e-11,0.9999999827735865,8.46393534354468e-09,1.0078437834855982e-10,1.2564210170512443e-11,2.3001929975300023e-10
32,0.10713735162632956,0.5911517126638517,0.16521850162740892,0.39129693361857815,0.23537583874722048,0.10808921130899564,0.30847538943612346,0.18422251739741974,1.0,,0.05976114479707694,0.5440969960411838,0.16594285682654036,0.143858042119179,0.09554174858208468,0.0377831326591683,0.11084195255354111,0.09560100900605362,0.5320982955505226,0.06669378453346451,0.47953754421903066,0.3309456409407798,0.039431726082039,0.04383774920598568,0.004556481431333251,0.02401211016420916,0.10046847238983139,0.1112704942482591,0.005452298231436755,0.561601731240669,0.0016644279114323957,0.0008454666569198472,0.007411657793047871,0.0007037052371760165,3.835806029065412e-05,0.0021120372309096813,0.4850243924033087
33,0.0,0.3128391210101094,0.20064518149644522,0.11527609834744056,0.6172269769122235,0.06402818924557438,0.4829757567579724,0.11953713481494088,0.4948494152208668,,0.002966665510968545,0.12416988946605806,0.07510582326291991,0.03993383462490729,0.790335025931498,0.02255699754341316,0.1630050428336392,0.04259660472248428,0.2807926663433677,0.008895427144311678,0.05967047981788013,0.0246722181803538,0.004525229274470573,0.7537899417914707,0.003641687865415452,0.006032681125762041,0.008252642810854215,0.3475244698294676,4.569388593957224e-06,6.757018461979297e-08,7.011196070932993e-08,1.7625281074208645e-07,0.9999881590907993,1.1155192496498727e-06,6.6906171831680125e-06,3.6541657735675654e-08,4.11397976872311e-06
34,0.09200218619056294,0.39899510983912545,0.4073077204149271,0.44571047654481755,0.29625038165416145,0.09062096486410967,0.1993283257620054,0.2270284850072134,0.5736032100519929,,0.1172914884896138,0.16022068819676946,0.18454345406492703,0.19457267569416295,0.2209082782946797,0.047597268782520775,0.135168257265536,0.3994550510381531,0.3418482960357287,0.24901776931822658,0.06113912116021252,0.1450632642642108,0.13778737130736854,0.08948434672669775,0.020180245584457353,0.20585285895938157,0.5298638943877086,0.22174078143166634,0.01085450996005187,0.0205278335909704,0.0012593775156433317,0.00022017923030278374,0.27699010650317984,0.0319905958989953,0.0003235870752210284,0.44147277371953725,0.23020089662352686
35,0.0,0.11639960391392846,0.08819568417426164,0.40870616686819833,0.8904319254785745,0.07985382684947558,0.2865110421445598,0.021279074713483354,0.16364270187776125,,0.0013685459269155865,0.04529255696855397,0.029422939107570278,0.13680244157295332,0.9586813106704052,0.027212257631706566,0.09557237955913583,0.007468281995457373,0.05467629672554112,0.004105019322254119,0.019478022001656426,7.299545772176422e-05,0.0016992641197945413,0.9856136080388402,0.001782801381938821,0.00020609606800265837,0.001125770798898078,0.0003861775556790152,6.184584926408237e-07,4.4990077031866964e-08,1.3769072741285577e-07,1.893730867112012e-06,0.9999983984938008,1.4466370531243715e-07,4.648450579007714e-10,4.739906863016045e-10,1.0743183079903587e-08
36,0.22403781922819999,0.2022892625856141,0.0004134172695668571,0.13422007255139054,0.03950651037216773,1.0,0.0,0.17045637382818066,0.23171617813207454,,0.08177959241323644,0.08912011144876354,0.00029615469970032966,0.04665558372929061,0.013606191498442595,1.0,0.0016993581020901226,0.05936695307580592,0.0805794502495154,0.021300947631361998,0.065071018473866,0.00047504682953413194,0.005746678389593813,0.0013120641231600565,1.0,0.0050980742615338425,0.0076444853611559406,0.010022172597018328,1.038014734900922e-08,5.3286810512609277e-08,0.0,2.46887471407722e-10,0.0,1.0,4.473652528710542e-11,3.8081156488014183e-11,1.9453344302605838e-11
37,0.0,0.2116025114985752,0.16894985749631997,0.43571140669085046,0.7130676131564685,0.05918360630560461,0.37382869308385425,0.07022871399007621,0.3540495826115312,,0.00446100284541394,0.3196351594238734,0.05676832996427855,0.1542615456271822,0.6492426375745344,0.02014666547963978,0.12501390539971177,0.025331416387791416,0.12585731616975637,0.013350409501643781,0.7473002514185636,0.0013547305834614549,0.02673792510687292,0.23500971020019862,0.0012527381206054217,0.0012119346193300551,0.005765426975834173,0.023405028844733767,3.2599034598038136e-05,2.7153544812522657e-06,4.01813054245966e-07,0.000335305083823208,0.9996505893669361,3.6520127093061467e-06,1.0884959510043479e-06,1.0819746385888484e-07,0.00011733705300414454
38,0.0,0.41044021138896275,0.16302420996586175,0.29396748622867125,0.46610432218408704,0.11921029587608706,0.3137978080630893,0.14765155283982995,0.6617085836970505,,0.0016910719635721409,0.42104964504258807,0.05628595933093991,0.0980542877555451,0.532098838364707,0.04003419139944037,0.10491503107296675,0.049390651983332874,0.23144358156217473,0.004892965248333504,0.85234973009719,0.005830977427007349,0.0,0.13531615558429314,0.0008676475974078059,0.0003351288585460076,0.0005139026163922671,0.028551853118489803,0.00018025064238291863,0.00035899364161158244,2.6905999506164966e-06,0.00019537703796409936,0.9948760373257408,2.4630724826258048e-05,0.0006121562972648868,6.500493776422011e-06,0.004070307870983822
39,0.03006012024048096,0.18474556384638202,0.3699819551553086,0.3085449415558243,0.70492950711501,0.004844582939969761,0.11596875515375042,0.08216652272252319,0.3599976021592786,,0.011198498376636704,0.34756308356826376,0.12453727415683152,0.10369461229189995,0.5943783524699943,0.0020493909689283034,0.04452635309767153,0.028922087020857523,0.1571045767125566,0.0035208234918582253,0.8578438647996935,0.0036112226574052646,0.002521146108782416,0.08849349921842631,0.0013031937335336275,0.006891115433837074,0.0045952529275442005,0.11131341150647006,1.4551397570932115e-05,9.982205871584449e-05,1.864465778075612e-05,1.7749211093138472e-05,0.9897120510765464,3.9623328152234085e-07,0.010719188705427101,4.485412505175244e-06,2.7164719211282944e-06
40,0.11897921717560997,0.1665091298116376,0.23153294448981754,0.2824698477660993,0.48248606422455576,0.10850865571938263,0.2845994692574101,0.2847016941971993,0.5982112413674872,,0.35334707775471347,0.08864443714495611,0.1603763359455392,0.17403650801297407,0.4623261564168269,0.07107831170040173,0.15670287632609717,0.21008457468485256,0.2963800277776151,0.9381974882472583,0.09712374257754396,0.11309223597491519,0.23958162745597625,0.09192469323783008,0.06615349957184907,0.1855070425715223,0.3347138146598052,0.2908767087851705,0.0028645278412722714,0.0023004390456867795,0.13650382737188485,5.804881684663539e-05,0.8125677117880951,0.038572779809973465,2.1171493591248357e-06,0.01083821519755311,5.2133180187542625e-05
41,0.0,0.4455940616162345,0.366563312349275,0.256348246674728,0.32826726945178136,0.06185966164387362,0.36018531012458954,0.1342693709671752,0.9049389791536766,,0.0019077064543643045,0.49805029614278995,0.12346794336945494,0.08679509841350314,0.3503249656699576,0.020733625113253225,0.1207750310271173,0.04488082617214695,0.3817394972176089,0.003235942925486594,1.0,0.0006877697036201183,0.0006476861222214226,0.0005173048224635983,0.0002039935718246669,0.0004073302907180186,0.0003304757961194038,0.01252476437721623,0.0024871764376063203,0.048556826812135245,0.0031527480554697164,0.003389362443559988,0.7221903227356278,0.0001372201240613927,0.0017324526660443512,4.263175314621615e-05,0.22775474812193386
42,0.0,0.9290092552758115,0.032235946583405006,0.5647484988476524,0.011417327418147622,0.20588988143059364,0.32250858333708143,0.2731134200659038,0.8081570875857143,,0.000396899314719963,0.7111180696055683,0.010881130745753106,0.522321536235302,0.0038780491529758006,0.06933168114856884,0.11104877686659376,0.0920288192318841,0.3590175223526824,0.00010229979713694255,0.9053395418015212,0.0004066499302854421,0.002216109858253536,0.0,0.0006085386740852002,0.0017506366821691726,0.0016660074486869654,0.2191187084174146,0.0010883981470229465,0.2990054117393724,7.957235688712847e-07,1.0,0.0002168200407797803,0.0014966233410276758,0.008887110580530645,0.0013070301810615668,0.049776771054918324
43,0.1145147437732608,0.4155965293667502,0.13996471337446625,0.3161359666801021,0.4685332011892963,0.1523352191123825,0.26702049505989595,0.294896240006362,0.12514437635713777,,0.04447479523659443,0.2808554700449924,0.0689971133496838,0.12064973627216798,0.6157945898523631,0.06529980911239552,0.1083884625099799,0.10363544618959726,0.08509000294281636,0.01805657127135883,0.4229290480066715,0.0670207643288781,0.0456272127860198,0.40880365392927925,0.017518337904467933,0.05813840317042645,0.015867218256573164,0.13012529639108025,0.0008530706651636509,0.004040832761555418,5.862345707025034e-06,0.00018602935038207404,0.9700469144385137,0.02604587032033615,6.48929961724895e-06,0.00014288030585664742,3.360802310838168e-07
44,0.0,0.29103950442862575,0.10555920949606942,0.256348246674728,0.7746122337387158,0.06656582792841569,0.1773639784704418,0.0555815497513496,0.3481527271810901,,0.00043195470655657363,0.30773487849270065,0.035215482355224356,0.08553675490855989,0.7140361043523243,0.022283369781196785,0.05920187410811221,0.018527201092553177,0.12192479146182657,0.0012882451555037535,0.6321344087908715,8.722602182061207e-05,0.00010312335289649751,0.3676401379114429,0.00028384761184683263,0.00023893428757634037,0.0,0.01761475487075187,7.618964165967299e-06,3.072225860480489e-05,1.1547783034237443e-08,0.00015889469805519554,0.9998559414068144,4.338033278380606e-07,2.709566318490549e-06,5.3526309927608354e-08,6.892333637789359e-06
45,0.0,0.6235851534868136,0.3101212546105903,0.41044243946299575,0.26516805364076484,0.09181638143371261,0.13013688361144843,0.12667136790942318,0.8207003145829572,,0.024875322080251724,0.540492577692484,0.12190746103360273,0.14486730271578216,0.09387681632144636,0.033345902830052995,0.05115921905832279,0.1130658453876392,0.539140263762278,0.0429997725746354,0.6991942177874824,0.05467642115074231,0.023004217470669327,0.008126145859783728,0.0043925132022554145,0.02311568069790755,0.20108408262515248,0.08798274438617354,0.03162619366611977,0.2986983618031562,0.0009247073394756042,0.0011552512136814219,0.008336249463790501,0.0038288138541909744,0.00022509286561240178,0.011442085628341937,0.7087377323177032
46,0.0218619056294407,0.1102579162702287,0.5176282954728881,0.2482869810560258,0.5942592829746379,0.06439869847474956,0.1773639784704418,0.12857325154100377,0.3067075012323298,,0.24091300593675316,0.07215077900780209,0.5301574167999853,0.23100099417906203,0.2433159698484252,0.04357320719519995,0.10663979099656949,0.16737174303776617,0.16167341776742455,0.7008733349866887,0.10619311211205519,0.0728439549270677,0.4447159091340429,0.1310024196007076,0.06631963886536532,0.1425552631952092,0.3735408315257881,0.17831274529817093,3.7771941301708903e-06,1.308641122377486e-06,1.0,9.23471174402601e-08,0.004686206969930142,1.2842454849651817e-06,1.313240574827829e-07,1.1460465067278567e-06,6.771772902880582e-09
47,0.05344021376085504,0.2394493282215479,0.3108522033261298,0.4820636839983877,0.5197617989815796,0.0596030507159916,0.8392629574656291,0.13409367897188745,0.23947785109180028,,0.02491967540916554,0.13947016983177055,0.10622363851282644,0.19172086894452936,0.69582041998348,0.023101734899515308,0.5633360622704175,0.046679926634215684,0.11855017788158784,0.014828207097522498,0.17775322024887122,0.00757905896331382,0.09162616762458918,0.5747300686618666,0.005164766140900171,0.8507349314670772,0.005899434614343493,0.11604639075700453,0.0064906053691190894,0.0012079610248924494,0.00023965324903567404,0.0014727552106111959,0.9929693923069938,0.004537387841654149,1.0297878546237594e-05,4.666631641608209e-05,0.0001262917959586633
48,0.4795304895505296,0.15977386683353692,0.23573971415745354,0.5853944523835697,0.38965688117289227,0.16603007911151774,0.5394008905680744,0.2760158233759125,0.20442432158862295,,0.16444841290608778,0.25461242024530306,0.08109538129676429,0.22194144320838496,0.5208494843367774,0.07553335154095935,0.29154406764809043,0.0972078966352418,0.11955576144938412,0.013788990525189162,0.6040604909213141,0.007546407144189502,0.08042986244427874,0.1729286147270195,0.06055685723814788,0.3352089649128477,0.015607767460015156,0.15424295774121802,2.575864254448211e-05,2.9029810581512243e-06,2.258864984334763e-08,1.4797306499489982e-08,0.9999629571104202,1.311827321243487e-05,2.2347463349116855e-05,9.906979775558664e-08,5.0183114026546946e-09
49,0.0,0.10096664521950346,0.1595790660528047,0.2281338170092705,0.8999094357677453,0.0726687440995464,0.2865110421445598,0.05126507483554305,0.08124556370829884,,0.0024774345683823648,0.034688146542497064,0.061792219069044,0.07939915651993788,0.9571669895848166,0.02485581026997496,0.09721537777216942,0.01770037965579562,0.02877400547502161,0.007427202598981588,0.003095651898560946,0.025782278721489662,0.010063646760223543,0.9716088825644947,0.0018985158126985965,0.005135087076407803,0.0018360555662436744,0.0050764525114349816,5.101106165506269e-06,2.142509426772558e-06,1.5312432837655327e-05,5.7903196292826505e-09,0.9999826504222097,1.70897679882176e-07,4.095540643252733e-09,8.565600138065204e-09,2.0533100521916813e-10
50,0.0218619056294407,0.07182849929965032,0.6310674886828228,0.3498589278516727,0.43704124043141845,0.09530336263206315,0.27045791881846387,0.21293869828876003,0.2903273472588825,,0.03953456999183679,0.057024962501556004,0.27769245443056173,0.17974323574333093,0.5194300166892911,0.1157384594624606,0.23362005457369842,0.09708765677853777,0.2045033266909856,0.09444829072220494,0.09924404707306783,0.02556360938239231,0.18935694773591868,0.30075602343508906,0.25187406008682217,0.4304018520809436,0.07448574185871909,0.3231824236283601,0.0022935136238647433,2.3411319498569336e-06,0.17644626522647003,1.3831642401312579e-05,0.8204927862013659,3.7955668496532474e-05,3.928216876845553e-07,0.0038385301881341777,2.0918571422885245e-07
51,0.24230278739296773,0.23802526658108564,0.19197032518464446,0.658403869407497,0.46888762787057453,0.0882217428366961,0.0613952233166914,0.36536907340041697,0.1942304439479913,,0.15267242692476435,0.09435435553593056,0.0729202765804713,0.26299731351892874,0.2188960998810027,0.045200342836062425,0.04887211905816075,0.6461853943481212,0.13764473274357833,0.2045233534064924,0.040603030815449845,0.020827026223577797,0.13055883587779019,0.11732974347893907,0.0403213977855632,0.08521704821989497,0.6606411497942637,0.2186840255571124,0.011191139974832882,0.004434769211256167,0.005963478333191663,2.923527149915229e-05,0.07047092829349456,0.0070578878859279765,4.085637895887134e-06,0.9125459598496829,1.9728725631352536e-05
52,0.09619238476953908,0.016580306935555716,0.20556025347907333,0.2694478033051189,0.9697244503898411,0.061364717239616964,0.08186029775558852,0.0,0.0779695329136094,,0.0360266361238828,0.00663614605850565,0.09725666050614341,0.0970754634949011,0.9461800892501802,0.021654540143896218,0.05931415071946885,0.002030005420860083,0.04160319423615106,0.011884166447384137,0.003327982590876453,0.08619917063201371,0.021778572310602668,0.868827123215405,0.0035984296157283227,0.09608210347559853,0.00609001023430239,0.046839920863308425,3.357154725201721e-06,1.486490847811516e-07,1.0557407343261556e-05,1.486898176221181e-08,0.9999886941452942,4.73576343364822e-07,5.0927219503462266e-08,6.028277858778455e-09,1.289315353598618e-07
53,0.05192202586992166,0.4505177949731956,0.2899890863622894,0.16356617989024277,0.3980863212519684,0.057862356412885584,0.412554910868229,0.24320139552080736,0.5303596035620918,,0.04959168513880131,0.21953080024043817,0.10716467373968741,0.07373773081886159,0.5974399502667616,0.02854639951070437,0.15349969340011368,0.16997832967058357,0.2243512796984309,0.09669482685782384,0.2080464946176001,0.028452233443535105,0.0576401602589091,0.3975539702903788,0.02777440474082708,0.04794411612424398,0.26661478662927673,0.14256286759165482,0.00015820268865844543,2.811113051883942e-05,0.0030527014132377193,6.852307432927922e-06,0.9966795592579374,2.4373784004575026e-06,5.320786807659825e-08,0.00011880686166659983,0.00013136794154606924
54,0.0,0.029943539391078237,0.26729723240105646,0.28456267634018545,0.8487833635214107,0.0914011314674295,0.2592242762260303,0.07262552268368601,0.03538113258264628,,0.0018540278440885422,0.02276689667718323,0.11079406712369239,0.09940662867442307,0.9066397696138798,0.031497802647149305,0.09141679980058655,0.02697334278734778,0.026870803973789745,0.005560528428502768,0.03835700499173383,0.0650849236811786,0.013657206258545286,0.8711367889934483,0.0030917556878080205,0.015026099552471405,0.008294387100385856,0.045231273544276286,1.5551037628581471e-06,1.4564873763029107e-07,4.5288842077987924e-08,3.424538510068679e-09,0.99999915632678,5.207862103944854e-07,2.3623257945744693e-08,1.1857797148752334e-07,5.7944466683437506e-09
55,0.13360053440213762,0.2577529072212333,0.14896802280058882,0.758565094719871,0.5604619996387196,0.071779521949526,0.34108457398161884,0.11725868704447232,0.42889199522111887,,0.05510714949259924,0.16823381885393884,0.05100054875013988,0.26426528677099653,0.7488839241363582,0.030235156877149613,0.11583943699813902,0.04199682821236094,0.15525668990110947,0.03091566366045978,0.2458027263001538,0.003204069433655425,0.014124879657740484,0.7174733512022262,0.017005992075712035,0.006196863703924115,0.008718580750851893,0.02304193935802664,0.0008052504152003293,0.0011458230404293988,0.0008295540161754115,0.020105885935378213,0.9687164215681288,0.0019199566062108014,0.0002368733088740798,1.32168417586293e-05,0.013836135124182915
56,0.0218619056294407,0.08799936039229271,0.2512497681153135,0.31922611850060467,0.8056364451651693,0.13491429460097606,0.20465074438897132,0.04776972882402876,0.023033016510355175,,0.047915798395101246,0.03682855702062579,0.08804285928196535,0.11369445234944658,0.8736296242927183,0.05075880967893979,0.07558093285797567,0.05278726383942258,0.018092241578162593,0.12188420137763077,0.022481551113166034,0.012876451438228739,0.021857225942677548,0.8152630125333176,0.01735823090021469,0.02209204532560385,0.1105920168818448,0.03124370720646423,1.288178232281236e-06,4.759556418629859e-06,2.358292353813757e-06,1.2605057555171969e-08,0.9999894151796683,3.9035356286234764e-06,8.859351825069159e-09,4.581239416258513e-08,1.0176683705673318e-09
57,0.6025384101536406,0.3785520638250963,0.12795457228417859,0.7335343012489325,0.14734545212826886,0.13235708184565004,0.9607619849827379,0.4830376135934108,0.10042523490629904,,0.2155631463255612,0.7657803214673895,0.04291158218464427,0.24515913409926313,0.07286917582742872,0.058067975254896355,0.38252664455536034,0.16131607690122987,0.03870770081695262,0.0,0.969389541961631,0.00042819696205620753,0.0009924091783353013,0.00012903350193375204,0.0015133362387446541,0.15064339796000617,0.00022173020276438287,0.01535041288346274,0.044151028823043004,0.9493993586154411,0.00035197730769801367,0.000950691870521538,0.07113304185208355,0.04033350768029436,0.03617455072333687,0.0006888869075143773,0.0003474546610960912
58,0.0218619056294407,0.38490158936285307,0.33444204328353533,0.524385328496574,0.5020993326075176,0.11335485190708464,0.2865110421445598,0.07047283339405497,0.20759611503984501,,0.044868042731067724,0.2039849016960589,0.11653956587095617,0.18692896849728513,0.699642286040084,0.04024113892414808,0.10104248271566264,0.06625594242973024,0.08202457691617242,0.11215619256243238,0.22650753170466043,0.015022315749483263,0.036395859218222915,0.5975278378171112,0.007321810549261902,0.016615965157494642,0.12829391723342176,0.038472768751114425,0.00058603000133009,0.000545584020663239,0.00015433857984993067,5.7177770583400246e-06,0.9992996876956234,4.6754316097708724e-05,4.4084493350586774e-07,1.076661713976649e-06,4.846957557837223e-06
59,0.15240871353095803,0.2609789805110009,0.2992326724920918,0.29880424559989255,0.5605279089182579,0.22124014870272296,0.11255790941393423,0.09482374394093793,0.08484919758245729,,0.07894679650467672,0.12441862079509608,0.17169414232717906,0.12523265257321656,0.6733547555974413,0.12990877029680617,0.051658943109614934,0.037374775065907716,0.046794680322719724,0.08437378881373933,0.11200786316592691,0.21581326926419456,0.07689371055041626,0.4611987959691303,0.16710206011181788,0.042418915006104035,0.017300100864926553,0.055534791833663874,5.7887169332792833e-05,0.00026901870836045617,3.64852252508372e-05,1.5693408774151347e-09,0.9983375619049357,0.0013841020758776376,4.908806525452746e-09,4.803918586627842e-07,5.1552037992350435e-08
60,0.09711731154616926,0.5106506104827133,0.13912727839252312,0.5434533221715809,0.07494899072425473,0.15464334641784794,0.41703773669770156,0.6347245341565869,0.33889698563166504,,0.06577617205005538,0.19626218704509957,0.04893204688126954,0.2042470751027529,0.03130813718663732,0.08227509761656297,0.16465398137010592,0.8035136995063011,0.14517536293085403,0.09541826419880096,0.06850578251322992,0.007667941775331148,0.0692851211193353,0.016397425105057616,0.07334488037377146,0.07688920690727055,0.8069089747382571,0.0955917003419947,0.004792940405195968,0.009630168139355426,9.204759543636564e-07,2.7820173425481885e-06,0.0025779957305996104,0.018837066058069514,3.5000505345660626e-05,0.9689075896240594,0.0010374028189023287
61,0.05192202586992166,0.0,0.5827665710217623,0.2797930941824533,0.5693248260915121,0.06278383749475963,0.361549648420516,0.1393755351670646,0.3272670763105175,,0.034577953690418585,0.09060020555263665,0.23021446657545008,0.16545467007786727,0.5591182961489252,0.027757943324593328,0.18530143887208794,0.08961833269178619,0.323278945161919,0.05037070405362671,0.27169083092438967,0.011001639797704155,0.2164250578769272,0.20713201503039477,0.020439260975613674,0.1941615981416729,0.12735051880743878,0.6424473059819408,0.0014411311477073713,0.0001097857335202783,0.09687518890688376,0.00014585817422127617,0.9008980473248684,5.073150340667484e-05,0.00019307005407483222,0.0021289441008551908,0.00012245319329869868
62,0.0,0.6013364616887791,0.17790723167026842,0.31600161225312384,0.41287037353473915,0.18984892902936046,0.0613952233166914,0.08898152275026401,0.45182421078394497,,0.10348288161377828,0.4801728704723565,0.1230949629298403,0.3301598751460577,0.21348825033547372,0.10183934525459115,0.16820251780425202,0.042189939737092,0.25516743819764526,0.017208097956095472,0.5166558123070207,0.19042696728017158,0.10614010531198959,0.01748694554986457,0.0123213936863327,0.4391938420194182,0.03753209885164414,0.30254065596428203,0.2932405468852394,0.32252633742126974,0.000950689839080907,0.5683379078730597,0.2101074319218175,0.1033477130480803,0.004018488076646549,5.619760936783174e-05,0.011137447844708756
63,0.03006012024048096,0.29006763297731497,0.32960486849427933,0.17875856509471985,0.6662224518927982,0.05102960696768148,0.23875920178713322,0.108938284025529,0.18189072795466102,,0.011588306059703847,0.14163848811124138,0.11146023606216182,0.060520509926598354,0.8378994519080957,0.018417624062613585,0.08407195587864412,0.039095382151797274,0.06531149156916552,0.0047010029574494116,0.13484750353361427,0.004551840305965944,0.002801640185314459,0.8477057730363717,0.0042232140609021794,0.013453907818034808,0.008347735520737686,0.014040789366360419,3.794981181171684e-06,3.278227948305606e-07,0.00022399938624017153,1.3244997607593284e-06,0.9997701307951173,5.11592570888615e-08,2.758030764320989e-06,1.2690912513786607e-07,2.9573864751365214e-06
64,0.0,0.3380402876711806,0.8859991439339369,0.05642885933091495,0.157144810010399,0.06375555037882283,0.10914706367411804,0.15205679844799244,0.8519864086722415,,0.0006606649609378206,0.2585275091441411,0.33049810757263465,0.031030848662987293,0.05832051833093413,0.02320500135831259,0.049214782814575454,0.05084300576076339,0.9359758635969614,0.0010608167000448084,0.4375147641251444,0.10531950954329648,0.0018700777840739821,0.0065622170672109065,0.0052790753582125415,0.025943394362153333,0.0004693199491464885,1.0,0.0009211781827686533,2.747563609830053e-05,0.00017566924067052993,0.03479360887397295,0.011254527915192474,0.0005803783379024014,0.012553890407455005,2.8988851512507395e-06,0.9559411821186425
65,0.058858976694648034,0.1903635899851554,0.19837829286293068,0.1241434905280129,0.46991288333005987,0.20992192526274966,0.38912877254531547,0.362606085600839,0.21091987355590236,,0.05408559467649655,0.07304298796416786,0.06783815884388543,0.05055473181746078,0.7168284006802,0.08553372126440756,0.13693820968186385,0.1944714838340603,0.08580696514274018,0.060795727633464365,0.018968960001182655,0.00496488330709467,0.027467451614596017,0.7650715050193628,0.01024570904639438,0.021667036305539095,0.18177135731036917,0.046492043662326364,0.04260207970137725,0.00979641390616554,0.0001713003616309542,5.3253309773409906e-05,0.9155008136911773,0.03643352948407864,1.882019473703541e-05,0.0390370085909727,8.97820999183116e-06
66,0.05192202586992166,0.10817919122159188,0.2400645342109215,0.25023512024721223,0.7201679766527174,0.07021219800271326,0.23875920178713322,0.17522040098461497,0.26007866292124976,,0.018361678891897663,0.04176696227776044,0.08806830102768115,0.08550840525210297,0.8730201632449989,0.028456983570543274,0.08455314552179265,0.07268661495552216,0.09465087724533044,0.0031621920364168095,0.017121681662531682,0.024138107795136803,0.006290008190496228,0.8988950158650403,0.015158701127677999,0.014900228816855257,0.04283944110741155,0.02387384514160634,8.187693545275629e-07,1.3949157748671552e-08,2.261076985124212e-06,8.731860047701438e-08,0.9999974972172389,5.1581238552826284e-08,5.96138944176567e-09,2.7745399443460756e-09,1.2367313525119245e-07
67,0.03006012024048096,0.23498141918843887,0.341571001685631,0.27280666397957815,0.5978037375631442,0.05006069037968753,0.3479062654612512,0.11491920942300902,0.40302280659620027,,0.039896914022982,0.25093349028777945,0.1322492043729673,0.10302975149882897,0.518246269721144,0.1170284586920917,0.14328573703314626,0.0451859238198242,0.20626304584485886,0.08280718626816996,0.5172079295168783,0.04456847621425318,0.03121451937564052,0.07091561832047608,0.26452252135143994,0.030002316585171922,0.019581553785253364,0.20304817754171245,0.006823435560295062,0.0006111221580211186,0.010608135219017732,0.0050680711412682345,0.8860194532798116,0.03650216434514765,0.0519486290530156,0.0010570082512102177,0.01271815339666382
68,0.14257085599770972,0.6639546792253131,0.18259262739202606,0.7979981190380225,0.23625059196297363,0.2417677581470623,0.02728676591852951,0.06282005995720513,0.45247445325986063,,0.05857962479592726,0.5965235969705983,0.06634623481990852,0.47280257563644684,0.11277681529769247,0.1820821219128037,0.02987140413775122,0.021606071139759958,0.15918348047681363,0.015308869397042405,0.9548400110912613,0.01615340864514899,0.024674067810710333,0.004736874222375486,0.015502296312339073,0.0005125316816677364,0.0006577415626004123,0.02438156249454474,0.017859148993029646,0.17077610059522064,0.0002926684225504771,0.5957355400606077,0.09734297970772833,0.28897631127900975,0.06181491481305642,0.001340411899474334,0.0006944256760355237
69,0.17864300028628685,0.2648259716724391,0.30580141355298734,0.6464618278403043,0.3632963615448835,0.20967746445638819,0.7110151576485404,0.12438993266373109,0.19165696521183664,,0.07555314763881346,0.1514680098328534,0.10751290810768037,0.3890687687349709,0.4605035692063318,0.09781275739361837,0.5703383929667083,0.06794050330002059,0.30212574186843205,0.045914483224180756,0.1895728720722416,0.016735241719844345,0.5207443387059094,0.03217885781666936,0.06980462445695623,1.0,0.07943067986824043,0.7147198265682436,0.0021019594059727715,5.185753879524242e-06,2.0690502093620654e-06,1.396586991262039e-07,0.9860354882574425,0.013956183267510696,2.1251584495775177e-08,8.973680902490397e-07,4.338252159631201e-07
70,0.17727763218745182,0.24012700781615848,0.0945389249063025,0.6404675534058847,0.37778100543385396,0.2441374039660512,0.10914706367411804,0.45315219180387606,0.027619459622920433,,0.06046512593004919,0.1256473005223924,0.0315130132907613,0.22016429366224088,0.5597565166329245,0.25901934835828594,0.037123304820649766,0.16185488814718363,0.011525505573772327,0.0034193051910474076,0.13680159020423058,0.0,0.01942754689340513,0.8153847881011175,0.021765042312151973,0.0022217857378022212,0.030091466896792925,0.006951246352178702,0.0006984404116483485,1.3303546788196492e-05,1.1496598140585589e-07,0.0005977806874329068,0.4861037563638018,0.5111555987966546,1.0650500290263515e-06,0.002321005740881926,5.810746217843528e-06
71,0.0,0.2921463580259518,0.34733940931441626,0.256348246674728,0.6452066866184633,0.0,0.4638750206150017,0.1153464183799719,0.2125846164772131,,0.023899545499467146,0.13711434467645336,0.4336462178496885,0.14050385775254481,0.3462741651614021,0.006917174026969044,0.2152024630820455,0.06601938903878027,0.35203791331368467,0.07163896436027095,0.11917455786315306,0.25175972805644414,0.16504090952927075,0.09241524337334235,0.0207514338585164,0.1816920049410025,0.08270209929434007,0.8434271729915932,5.967213813049175e-05,2.2118140255223035e-05,0.701839516178205,0.00012241705363570012,0.30120056549240054,8.822239073443346e-08,4.0363690132257615e-05,9.649442028818225e-06,0.00010195047224764562
72,0.07014028056112223,0.3122317013530403,0.08447492874815998,0.6072820099422276,0.12292812959229008,0.32610964018767874,0.11255790941393423,0.609773283350502,0.30386674725651525,,0.30845224368223073,0.1502240068469996,0.03540673969928885,0.23744379108817568,0.05144208474842116,0.5190689969879326,0.0810042192115577,0.3426152220119729,0.14294473806934413,0.8418623627782745,0.13776196032595045,0.021740373689352513,0.10504505811932777,0.03127653477256237,0.23281611903835903,0.13045474071806404,0.4170932209415091,0.12496717472284692,0.013354087707295544,0.000678358862008091,4.9166603540606355e-06,4.305202971654288e-06,0.00012158988041101462,0.9982812317377604,7.502674837878422e-09,0.0009791617439076077,2.9222867027580325e-07
73,0.0670571913056883,0.5405522707977202,0.09301888565254156,0.9000403063280933,0.06853344529773908,0.4852284584643559,0.4352239164005457,0.19124720973370646,0.14244433897678643,,0.06058597801508849,0.4277722226857079,0.0370128807327526,0.3277551740676969,0.02944759961659174,0.5287175446639761,0.1760758783067801,0.07655204022620611,0.08380046375334528,0.11457273578649148,0.7420812778224708,0.018019252744562977,0.08322487647609364,0.019789904234877444,0.1015629343756726,0.09300370572637956,0.03840374481482018,0.1089568065258134,0.0001280069530856718,0.0006831194369328007,5.038011532570828e-07,3.3939890360759915e-07,1.9449317158698392e-05,0.9993612411519,1.2793415029565155e-08,5.1661300917047005e-06,2.457574359907803e-07
74,0.03006012024048096,0.45847135834610175,0.3733157944188668,0.18440145102781133,0.2972386452957863,0.06860013331879258,0.4625106823190752,0.11652078066426372,0.9943150556524323,,0.011286364910361897,0.46815789472303115,0.1345491331587263,0.06247324730437916,0.09934737986341252,0.02317042241453794,0.1552956080226232,0.04030220217142392,0.6846428301977602,0.0036941404470008004,0.9455264851104327,0.030304956002287615,0.000909762396147765,0.0006641951691168605,0.0009105487502535574,0.0019536106469118936,0.0043850867021989585,0.05961343494084846,0.00010483404360392797,0.0004758407125591831,2.6649055024481003e-05,0.0021085284891784,0.0001392991253344001,5.851745676843782e-07,0.0014225311018825223,7.391478090738234e-07,1.0
75,0.24430679540899986,0.21702879376839346,1.0,0.256348246674728,0.29253101397764936,0.09148921479361076,0.04911617865335312,0.07992691212996031,0.12387863718646229,,0.09224335184844314,0.07843650706272808,0.6298508548002214,0.1546973114931154,0.444102442151925,0.03521558975108095,0.024113764511567177,0.028333727805673493,0.0686834052893412,0.032401882059624666,0.018280679266751,0.8885751363793292,0.20774368642465238,0.04074920979589211,0.014157550323843969,0.02322511464027215,0.005074267072626051,0.08217157763884073,2.137807670486337e-05,4.8153039742528494e-08,0.0009774280213350384,1.3799658860267565e-09,0.9990271026822335,4.135788133038029e-09,2.410762755074462e-10,4.214434123058609e-09,1.0427206438447382e-09
76,0.42685370741482964,0.13374844381160508,0.1514650695332834,0.6774718630825038,0.13851482921234468,0.1984894838833325,0.6105788692484145,0.7238336647771124,0.08179156884074709,,0.16725473610107464,0.05114152280241362,0.052024863159307745,0.24120436226558717,0.05046943029591841,0.49348926762679013,0.2141853353180622,0.4645944834561653,0.06665491112744068,0.061494206025790886,0.019445442041012312,0.004607649185379656,0.04613374322500096,0.012874038952311784,0.3068848369765629,0.031977025170291544,0.6452771011683215,0.1181729155196428,0.013416294862603411,0.00023068255462347444,1.8707592601870494e-06,7.480489256650595e-06,1.942272309877019e-05,0.975093482020475,1.1153548047075358e-07,0.02467268442306211,2.4902193214865085e-07
77,0.22737783258825342,0.4287285616337131,0.023702590121832817,0.7752006155875564,0.025221284303338906,0.24758383887139773,0.0306976116583457,0.7489583314068862,0.31328934491984234,,0.425076197577493,0.27485894885343115,0.020191987625323978,0.305988673190647,0.018054391888364284,0.11638230824487394,0.08540137657093712,0.6458033591480895,0.16205185087231186,1.0,0.39573553717298915,0.03672803307762983,0.1427044274974899,0.028758516310070346,0.09942070311577317,0.2255062939756867,0.1910494990438538,0.17284661760022854,0.04785076014422543,0.00011274775359110298,0.00014533967650928942,6.097648689473657e-05,0.000183375051683598,0.0021423827474509145,2.240787789857169e-07,0.9974022469935284,1.959009686470333e-05
78,0.0,0.30881665305885114,0.3558833662187979,0.22007255139056833,0.622424045658043,0.026424997854380516,0.34108457398161884,0.07689761225331458,0.3558067264014101,,0.08218837296157538,0.23416357720007241,0.1572633252190153,0.17346311953974966,0.5746005614330196,0.01493954553925921,0.16561147886804553,0.06879916444674948,0.22136373443835988,0.24649584031348132,0.39254988527662726,0.08706176956472135,0.300310939392298,0.13124258427467217,0.01838952586850964,0.15574881091841766,0.12949459538308392,0.3081520983126241,6.927857124483753e-05,0.0011241932647388857,0.028844839873526665,5.8678363825418885e-06,0.9701350543663437,4.112894887467759e-06,1.051704100124732e-06,5.285703849977939e-06,0.00013237860104543347
79,0.09352037408149631,0.46904046037910585,0.3517491935231294,0.9867660889426306,0.35995864802980077,0.08603643745857985,0.05457353183705902,0.09166683619403058,0.31210149739043913,,0.03758562353002741,0.46802556319731564,0.12040110670038272,0.3358944105122257,0.4392886493804886,0.029112224186934363,0.07751699540658073,0.03176181622116297,0.11886417554488328,0.015872377618770882,0.9287070126667814,0.009001421390911328,0.0183489021684885,0.017843950339556682,0.0012885775758149352,0.12945265139745124,0.003591454518475129,0.03842191326989156,0.0033641188898150412,0.006329216546059804,0.00045270518710745596,0.0025682404255578314,0.9400633497721085,1.165752640830971e-05,0.04852480298523193,2.7157950983175624e-05,0.006069115974319139
80,0.0,0.5144754507278824,0.3693883303579818,0.40245868601370416,0.3405849814721692,0.06536621691470888,0.05457353183705902,0.13512009010225276,0.7338904622067083,,0.09603484878684576,0.49989674046374527,0.23967111274512234,0.13988988961450785,0.27560620945738296,0.028643809036461507,0.10678842220607883,0.046859547734399924,0.3144357840207327,0.030961291700679548,0.441264123207682,0.3451336621580212,0.016936699850723505,0.08720612911029776,0.01963606152742255,0.16528064018521052,0.005434518035286765,0.19757539507179034,0.2571432546598577,0.5439506474556716,0.004491345719364098,0.0002742829790958513,0.39902751778968193,0.0009291486672530884,0.100511094595967,2.4035065660243006e-05,0.011841494783699471
81,0.0218619056294407,0.07259789753193796,0.20095066698467998,0.17492946392583636,0.8131964836366599,0.13356368359952994,0.2592242762260303,0.07596551998357745,0.16166868332198686,,0.014727442952950353,0.025470540046044432,0.06719898971435376,0.059152720089170184,0.9327988698668245,0.04473065967374825,0.08709736234013891,0.030166336082034898,0.054836186767404566,0.022320365266365,0.0038132160509200493,0.0006451501985064855,0.002528690131450887,0.9852019157909075,0.0006281119145866185,0.0020678099788960258,0.014533486073463595,0.002839876958333125,5.796304535644012e-08,5.065552752852061e-07,1.151959874817287e-06,6.210223321380399e-09,0.9999982101729061,1.8350712819913336e-07,8.154903811323686e-10,2.189063650024798e-09,2.1893722190902633e-11
82,0.05192202586992166,0.1844980965786871,0.23044109888044872,0.19891172914147523,0.6804002702468237,0.021874026001681646,0.3206194995427217,0.1396196545710434,0.5393056876552822,,0.15292823196548352,0.08830422380830955,0.09679362613137658,0.082686845564258,0.5888846657556138,0.009148549563179351,0.12598402069947348,0.2826499185878492,0.2067268226912766,0.4067826077340647,0.08039996984176115,0.04982578379903116,0.049148787288944534,0.09641660536041399,0.005571481138618169,0.05733243094854855,0.7083231514786569,0.08079855112402919,8.006229246419034e-05,1.460500448041609e-05,0.010113995714649906,2.0262354225927963e-08,0.9898371216596039,1.4154923823526415e-07,1.3160715017470122e-07,6.949713847331414e-06,7.622929451830332e-05
83,0.02672010688042752,0.15397413395974274,0.1943061166964202,0.364503560392315,0.7446515840196848,0.08946329829144158,0.2865110421445598,0.10253014967108613,0.18979138403901002,,0.0161882694622477,0.053168226356666966,0.20284382258131314,0.12443456584367472,0.7769913721010551,0.030570391988426385,0.0994260336141277,0.03638203604600867,0.06966962803781472,0.02184384753938606,0.005530396433736869,0.4142227135245844,0.008800104832312009,0.586327101240774,0.0022467257194588772,0.011767045973074765,0.006615338642215729,0.01921749316059518,8.539669295264823e-07,1.4867652130064112e-07,2.6375229348465596e-06,3.230639712867761e-08,0.9999954310427063,1.1519543786991544e-06,1.2724748522048758e-08,6.198247241531787e-07,6.913838981738853e-09
84,0.0,0.3955786771126695,0.2915280779228914,0.5683192261185006,0.3701636014783208,0.04764888501996233,0.23193751030750084,0.12421609005786743,0.9190110205217747,,0.018350267102337905,0.4645821693036496,0.20322000817511973,0.20195625133226847,0.29843293822753963,0.01782035586017656,0.08543922999978326,0.06032437092494015,0.37153288383974403,0.05328430985021578,0.7026012329517035,0.16606867346036644,0.03168686615931172,0.013733536290355933,0.004762320663837038,0.023257455541421532,0.05616171152833802,0.13007243574008587,0.0017664914567979318,0.29556659784657574,0.1520632731421013,0.0058626617189931115,0.5114016769139422,0.001049861896730317,0.001122724150427437,0.0005953111886149995,0.06551519525737139
85,0.0,0.029943539391078237,0.15957906605280467,0.28456267634018545,0.9455845664878164,0.05264446794767141,0.2592242762260303,0.07262552268368601,0.03538113258264628,,0.005025941709988394,0.012784901962384583,0.055075873980889645,0.09595431715280572,0.9771541382892163,0.01798745273607631,0.08742385231314738,0.025474664858660383,0.012782201137899261,0.015077820466772638,0.00841116549166833,0.005648554175537202,0.0033002749664305434,0.9858778493321836,0.0013178902605575152,0.0030472806895764934,0.0037984716340574713,0.0029654707753384944,4.663192545294137e-09,1.0044071814532367e-09,1.7143270649497553e-09,1.5180117447551214e-10,0.9999999990476489,0.0,2.3835373766284038e-11,2.5823766528723316e-10,5.571300742771878e-11
86,0.0218619056294407,0.3393901091313344,0.5336596984816472,0.1354292623941959,0.23896066511664069,0.20571371477823114,0.11665092430171366,0.4354257941740535,0.008439788424920281,,0.0359042143824351,0.39673209578728014,0.23947667772504933,0.07092480396405619,0.13815217766907648,0.19051709365569422,0.06809532641907325,0.2921716477363278,0.05709332586249282,0.043424485263628,0.12484744929286659,0.17639360913256333,0.07710002745566936,0.04035473160278022,0.2961180775710868,0.08761701972924425,0.3061352106763501,0.16282115235188963,0.04242625225423661,0.7259587289376394,0.008376725560937538,0.0002451220423033065,0.13514113628780855,0.06971948861776464,1.8035226261817004e-05,0.13495393835857983,1.9036810668551394e-05
87,0.0,0.4772338766422395,0.20363097288776139,0.1829907295445385,0.5040656261137446,0.0870053540465738,0.2865110421445598,0.10485298278773264,0.5981138768158967,,0.008940156094261553,0.3977196723974666,0.12105841052495055,0.06393493705784802,0.20736506690917242,0.030260097028096396,0.42981429528662546,0.03555958075699022,0.23315532563793864,0.013872607406262212,0.710113406171151,0.15935401658505322,0.001683494884765007,0.10933707629499133,0.002225629460986546,0.002931843715316519,0.0009252133055925853,0.07044002302527816,0.012947860876522443,0.005811734379009312,0.00019024210203707307,0.007130586744240524,0.008692498318781284,0.0015493075767288459,1.0,0.0009005461776454343,0.030912077072641077
88,0.03699707106520734,0.834425535022502,0.37854181272390425,0.44067218553312876,0.11445550109642247,0.11293379424896541,0.3811751300619199,0.09083020087072102,0.6406045307734983,,0.025063978059874745,0.4923737250385581,0.2115621634224921,0.301593909339911,0.04599444179786427,0.03842751445279976,0.12887031298004273,0.03482286267560076,0.5048585289460096,0.03688788917183706,0.6426467416627699,0.2561026951006194,0.006143005958229924,0.015452510017829695,0.001928864531146493,0.003090908583914817,0.01354917895921222,0.18965467436246095,0.0013069739425798329,4.88984304022581e-05,4.1982442952595995e-05,0.45796653652837427,0.008075314279340674,0.00041988457828738394,0.0023449002942935054,8.92081968690423e-05,0.6843163817020695
89,0.05192202586992166,0.1789188345433848,0.20343117060208107,0.20697299476017736,0.7339954993914187,0.06870499442138933,0.3479062654612512,0.06699413188735741,0.4046906040916786,,0.02241933974038246,0.06602176254682611,0.0717360459445819,0.07258321049397513,0.8832647863657636,0.03365731284442961,0.11986826141435468,0.027617822523845762,0.1433725633523053,0.015316553277500086,0.01911290397097564,0.011656125255554555,0.010776557776701369,0.9160779864988562,0.032138920553663956,0.011698250675884102,0.015859267302035584,0.02542674678847383,1.9440073725628684e-05,3.354912611788068e-05,0.00012084197611002998,7.894504668671622e-08,0.9997208732070153,0.00012802355823553693,2.681059287171509e-07,6.838214429806756e-08,3.3917676344690237e-07
90,0.0,0.34742154681924947,0.2623821604184283,0.256348246674728,0.43581656715179157,0.07994610461976072,0.2865110421445598,0.15058098568757528,0.8651203139491328,,0.0947438124773231,0.32419442196507275,0.13333875096557016,0.12236739017662662,0.4117569377750898,0.04343339266895163,0.10876973682653067,0.07573810542665015,0.3902412627329385,0.28187774654540076,0.6180194803859886,0.043959281643298216,0.04584483454118539,0.11832923284053107,0.050067926462040765,0.0383119906560637,0.07645684071999491,0.13118573661525867,0.002353690886568478,0.007142238689980259,0.09367481083498398,0.06490908931396648,0.6811250133329468,0.000286146925053407,0.0014861776789684617,0.0001764898723802641,0.1744177376344241
91,0.03006012024048096,0.2059040152342927,0.30751354567947636,0.11426844014510279,0.6857530989566806,0.04360124645972785,0.361549648420516,0.11125741836332737,0.3444448559634643,,0.011913575792103405,0.08993634267492795,0.11028027931728342,0.04362331302183575,0.848588512208755,0.017203804906651392,0.13718024857405306,0.04302563292097444,0.132968839550601,0.0056801789148864645,0.06390426340851503,0.023189864916019154,0.01659610633076958,0.8601567255615877,0.008010156784489542,0.04999097606897114,0.017819477401151473,0.05445856319673947,4.2822094279111446e-07,7.493819761380874e-07,0.0001374273563547678,5.392589634898809e-06,0.9998557121079968,1.147573678271695e-08,1.212326720357384e-07,2.998444453422834e-09,3.099491599216464e-06
92,0.24048096192384769,0.14414206905478924,0.07371547929661243,0.6452268006076955,0.06479896167535004,0.16319323674926706,1.0,0.9371884756862907,0.010810901622475236,,0.10033875612953148,0.05342392746698041,0.026420051924305677,0.2264023968487422,0.026581403165639433,0.13857231198984957,0.34024488107945516,0.8837525901369362,0.03393926357572394,0.0581841319540992,0.015334369272138992,0.005541500560478131,0.0339558869255767,0.014938791887893106,0.11326463957126363,0.02073444680185375,0.8540530347098855,0.09098935618607185,0.0023511745106475725,0.0007953440740129914,3.175915826480515e-06,2.4503012954366386e-05,6.455933675149494e-06,0.139259059649018,1.9643651181457226e-07,0.8600162600146325,1.7532918624726957e-05
93,0.03006012024048096,0.4093378571965038,0.24802386063308735,0.15054413542926243,0.5591381807761973,0.011891249034471231,0.33699155909383943,0.16447544843070064,0.5059497377457167,,0.06012012020569954,0.2022196286887875,0.10114681402526397,0.07885296724609377,0.5687565706380432,0.016204508785208085,0.15913811471666925,0.1925398307513048,0.25534908779616083,0.15020149460531665,0.19725834878733126,0.05039955111120181,0.08569342457107951,0.16027082046999733,0.03672200437799067,0.14036883781990667,0.41314082815200787,0.25225176996490073,9.874577130101263e-05,6.268008252746722e-05,0.005017030331502774,0.0003213417379393831,0.986860710667935,2.729431623591924e-07,5.394723626163605e-05,3.2156712058265047e-06,0.007845755677865043
94,0.0,0.5703175645344447,0.46612797143662504,0.3158000806126562,0.23964247877477093,0.06093688394102224,0.23193751030750084,0.11303098282102166,0.8372889432433394,,0.012704397682247756,0.6267049245934707,0.1732938721533632,0.12470585793325155,0.26311120414725714,0.022459538544917678,0.08128229375032599,0.041165671599342264,0.3210262404850628,0.029307882236612005,0.8918244536084879,0.0534478703097077,0.007057923334222749,0.009215458167811991,0.0014996655738685777,0.008192970299786733,0.010448511764556549,0.08447484709736747,0.008805310810131264,0.41797275563747954,0.00030577471375678857,0.051259569852875726,0.5404756754991884,0.004942066119862213,0.003716400643690362,1.7520212448595935e-05,0.041314931114481646
95,0.03006012024048096,0.33523265903406074,0.21998038918080265,0.24083031035872632,0.5722870820440964,0.012595915643921379,0.33699155909383943,0.17123311738629496,0.5886248421644256,,0.0940015618700691,0.13942531902069152,0.12688629803922255,0.13010342351730766,0.5780749010082294,0.010406844091301026,0.15659960540610665,0.12424677781833447,0.4260289527878898,0.25154165623261177,0.08149368293889353,0.14935249802072373,0.1491914261329869,0.17850076280252014,0.018623382945004725,0.13226876679731212,0.20150574221926854,0.6862586337483731,0.00040290913711459617,0.0015496150891203084,0.011326006916141345,0.00028853406020971657,0.9834368581780717,1.2336849769739732e-06,0.0005384903271684751,1.4738494399012526e-06,0.0032033824508707143
96,0.0,0.2437957533232431,0.19389269942685333,0.2765014107214833,0.6697359234866498,0.09766343651450726,0.13643382959264755,0.11449200046604616,0.4069425888966994,,0.0012756991495363253,0.11703790458118422,0.06832714715094192,0.09288663214488381,0.8518221735678174,0.03296849575230595,0.04620651688065036,0.03835287569024305,0.13737188637778916,0.003682924236739747,0.10596290109064858,0.01106641866613709,0.002028392454720284,0.8870914146618479,0.001218994789503464,0.002185664367660255,0.0005665022872878236,0.005161264010106184,0.0001441732118692291,0.0013550593296609461,2.2323359835315515e-05,0.0001300932584478085,0.9986391825549547,2.305595290711137e-05,5.6681643267284025e-08,1.2431739516776045e-07,1.180622656189667e-05
97,0.339420098939137,0.20342986171944402,0.11418250910875172,0.1777509068923821,0.4127678479887905,0.2916646501070013,0.16372059551117704,0.4253447724233845,0.07824902644993952,,0.2643632980723274,0.09259555488008579,0.041520292731704156,0.16070669441235014,0.2575682455436422,0.4377435139441069,0.07921106176427788,0.28662628190004114,0.04856959655621649,0.22635989783196062,0.06884564636990693,0.01037593314786761,0.3036823947564266,0.3343893903250356,0.052610407661460114,0.07390071837873284,0.43447960486581,0.06745713966938134,0.22730989744588465,0.005511156550906395,2.4359384931392772e-06,0.0006867815882416852,0.025547498317100542,0.9689554840638591,1.1871402923748284e-05,5.44684109289394e-05,2.6235493286300593e-06
98,0.0,0.08937617828164955,0.18851827492248427,0.3047158403869408,0.8430919751790535,0.03869794130230391,0.2592242762260303,0.09618304516763793,0.22217445207621325,,0.0025692786514188307,0.04732276199437702,0.06356180659640351,0.10215033947340618,0.9284841798358751,0.013727564566708468,0.086747356755859,0.032360659974292556,0.07909139559234933,0.007404039711256328,0.052011914692271975,0.0021632958569776767,0.0009437822113067865,0.944234093774405,0.0017957714681375385,0.0010064154112585154,0.0008984185183981523,0.014981416154636992,0.00030379624300016334,0.0005801930092095435,3.849009748594653e-06,0.0007913958219709369,0.9981264705541665,0.0006889809296839511,1.1378630288218719e-05,5.162368415867601e-07,0.00011831854619772625
99,0.0,0.2787156344974216,0.09591280653950954,0.11527609834744056,0.6966745106846264,0.1055531858738866,0.40111545900238377,0.1284105052716846,0.37064813863795787,,0.0027823174571530514,0.3506508576959067,0.03372050516866231,0.03877810498139345,0.6392277168838086,0.0357432665004816,0.13436668097369683,0.04306801833932503,0.1272323009961997,0.008281118527782853,0.7731750674666841,0.005248697269466348,0.0010556095043966452,0.2211107756223588,0.0016599458803007105,0.001957935928366304,0.0007933024338334189,0.011046094490016449,6.583384367630275e-05,6.187112361438883e-05,1.1697011036215927e-08,2.6070923431693543e-06,0.9998978643444408,1.6667747257490872e-05,2.6647990340435497e-05,2.473124571047336e-07,2.669860624820154e-06
100,0.12024048096192384,0.28014644524518456,0.790430851785733,0.36819830713422014,0.3616429962846695,0.035057163820144815,0.2865110421445598,0.08171342231362319,0.24437700623476774,,0.042038165158859005,0.09533187424057837,0.5974993822808656,0.1825322464402455,0.4539521160876649,0.01191810023592385,0.1080353238061243,0.027498079719778284,0.08533618970741434,0.005843252003977228,0.005848873092514309,1.0,0.1793982714509739,0.002271637932895716,0.0006971319600272814,0.0375949024064883,0.0007808112695524527,0.011631292884869755,3.076251067596298e-05,3.0438403624222994e-07,0.002067295056863898,1.6073554241561537e-07,0.9979417140454294,4.9275994523666035e-09,2.6867324753183982e-08,5.57615920092339e-09,2.7000260548586496e-07
101,0.2848554251359862,0.19297497534845293,0.14768183573971413,0.4058175466881634,0.3822579542736065,0.23049449054389465,0.23973372914136637,0.4679768974273145,0.05176128655609363,,0.10098443439367095,0.11389265860500886,0.04975120286884441,0.1681982676619166,0.6649112505146997,0.11036121705190538,0.09126699293050655,0.19062942314333645,0.03341864066736109,0.003783758785640907,0.143731752566565,0.0015623485789421643,0.09759994874512166,0.6857546899657866,0.055662871055409034,0.03322016961319022,0.0817357041769536,0.04838176533944953,0.014314119259385761,0.004971247900008637,9.424287876917374e-06,0.0011773075524646997,0.9267211073047058,0.04492628955641249,0.0008470800369630165,0.022175667825741163,0.00011287010654009678
102,0.05192202586992166,0.5283786117674667,0.24739120693268957,0.2769044740024184,0.5507323065506314,0.06870499442138933,0.3008365942517879,0.10800619175579187,0.13389687681246024,,0.08330706283890328,0.22692312700951503,0.10132141457621834,0.1769030484593438,0.5344000756756974,0.03465757509289217,0.17489952132763023,0.15825226707833617,0.22864270657868901,0.19645494630642016,0.14567103147680768,0.056124711920758984,0.2538003480209223,0.06493125379914153,0.03500353349069719,0.22386071974953292,0.3610484965251429,0.552016283740837,0.001544216340368041,0.006719737784270718,0.0004483248752064502,4.323354690706681e-06,0.9875366666773192,0.00026419736658998724,1.2499815699095548e-06,0.005702112954073759,1.495918276982753e-05
103,0.05344021376085504,0.4531800582222989,0.3172977543925585,0.8465000671772136,0.46092800265589995,0.00704666609450147,0.1773639784704418,0.13455417693848376,0.2518374218172197,,0.030435203726767477,0.26914315417850804,0.10941539502970375,0.29173880378250444,0.6555556237211058,0.005226431461318559,0.12123814834833085,0.047587396877819266,0.13752425030406662,0.03784863038811728,0.35411400882586724,0.010930625328779671,0.026017610054487734,0.5103680500730396,0.008632510450527963,0.18632710055295343,0.008207729480366903,0.15806862982418463,1.6767031330126285e-05,0.00013539548735794725,1.7805367773048946e-05,0.0026987341158120136,0.9953708184343777,1.1783892624258872e-07,2.3366021597318256e-05,2.842146071220027e-07,0.002666699270795547
104,0.37303177784139707,0.1170444032422019,0.22023849390193465,0.3630825039531207,0.3735314529972949,0.09463085342740932,0.3685062744568883,0.6035438284665705,0.11291386139029709,,0.13467791990694492,0.09699586469468284,0.09657685949014588,0.15478707431468205,0.42486006732617376,0.07593695648713084,0.39366234922762694,0.3578834345491108,0.10901188589437694,0.028369289007513707,0.169345469642283,0.06945496069517017,0.10100817469437354,0.22152852707091886,0.13314663206944471,0.8078151853169636,0.1588210199525736,0.2137154979310497,0.002632692871923948,0.004597721199563607,3.71238733328503e-05,0.0002705442965519231,0.6795202219103075,3.338396453847913e-05,0.004665587909028769,0.3112854552281883,0.0004062983617840059
105,0.0218619056294407,0.1770290844991695,0.16622361634106445,0.4538492543329303,0.7680852434193056,0.09028540933580008,0.2865110421445598,0.09476271408994323,0.05847371328926854,,0.009638691749294265,0.05900972939788956,0.05549331236868162,0.15326199517335473,0.9226950078140735,0.030378680791223828,0.09557713503133368,0.03353103992514075,0.01969549339368951,0.0070538863028808884,0.0,0.0002562898962209246,0.005936718772694962,1.0,0.000850546720763358,0.00022036200861142653,0.00583040344153842,0.0006127664239263009,2.8331556120490766e-07,1.0369449919152762e-07,3.086875949130162e-08,1.2414439001023622e-08,0.9999997800229149,8.631710804810561e-08,9.408298192608798e-10,2.2439405917763707e-09,4.678736934947478e-10
106,0.0,0.4120509983314129,0.2919414951924582,0.32184602982668276,0.5224323453450961,0.034499302754330115,0.37382869308385425,0.11844229627588453,0.4454508417833674,,0.0010284382403810092,0.46198306490434526,0.09787626092507971,0.1148472312402613,0.32610705283667213,0.011523783522789073,0.13168199867589045,0.03981298242433623,0.3325203458264982,0.0017358206018079356,0.9737798429524496,0.0015989946116898358,0.00032762318596967556,0.02391204963154853,0.0,0.0018935108866624136,0.0009793054570999195,0.015885801288589657,0.0013494941193350923,0.00011835342917338502,8.829297109106202e-05,0.02236804070813145,0.43197676353337183,7.204781403710443e-05,0.01932379205715468,1.7345540024248593e-05,0.5362243944075374
